unique_word_id,word,frequency,posterior_probability
1,the,1450,0.053430613899329356
2,to,733,0.027010096543592012
3,of,674,0.02483602328837792
4,and,656,0.024172746702041416
5,in,609,0.022440857837718327
6,on,306,0.01127570196772054
7,for,270,0.009949148795047534
8,is,225,0.008290957329206278
9,that,200,0.007369739848183359
10,said,183,0.006743311961087774
11,as,180,0.006632765863365023
12,with,179,0.006595917164124106
13,at,169,0.006227430171714938
14,from,163,0.006006337976269437
15,india,159,0.005858943179305771
16,by,152,0.005601002284619353
17,has,148,0.005453607487655686
18,year,147,0.005416758788414769
19,it,144,0.005306212690692019
20,are,117,0.004311297811187265
21,have,114,0.004200751713464515
22,its,101,0.003721718623332596
23,crore,101,0.003721718623332596
24,this,93,0.003426929029405262
25,was,91,0.0033532316309234284
26,up,90,0.0033163829316825116
27,10,85,0.0031321394354779275
28,he,85,0.0031321394354779275
29,an,84,0.0030952907362370107
30,be,84,0.0030952907362370107
31,not,83,0.003058442036996094
32,but,77,0.0028373498415505934
33,bank,74,0.002726803743827843
34,more,70,0.0025794089468641757
35,also,67,0.002468862849141425
36,indian,62,0.0022846193529368415
37,will,62,0.0022846193529368415
38,new,56,0.0020635271574913406
39,market,55,0.002026678458250424
40,or,55,0.002026678458250424
41,over,54,0.001989829759009507
42,than,53,0.0019529810597685902
43,ai,53,0.0019529810597685902
44,they,52,0.0019161323605276733
45,may,51,0.0018792836612867565
46,about,50,0.0018424349620458397
47,we,50,0.0018424349620458397
48,fuel,49,0.001805586262804923
49,april,48,0.0017687375635640063
50,000,48,0.0017687375635640063
51,which,48,0.0017687375635640063
52,energy,48,0.0017687375635640063
53,2026,47,0.0017318888643230894
54,their,47,0.0017318888643230894
55,prices,47,0.0017318888643230894
56,industry,45,0.0016581914658412558
57,company,45,0.0016581914658412558
58,had,44,0.001621342766600339
59,while,44,0.001621342766600339
60,would,44,0.001621342766600339
61,quarter,44,0.001621342766600339
62,government,43,0.0015844940673594222
63,were,42,0.0015476453681185054
64,billion,42,0.0015476453681185054
65,two,42,0.0015476453681185054
66,march,42,0.0015476453681185054
67,oil,42,0.0015476453681185054
68,first,41,0.0015107966688775885
69,asia,41,0.0015107966688775885
70,foreign,40,0.001473947969636672
71,under,40,0.001473947969636672
72,million,39,0.001437099270395755
73,demand,39,0.001437099270395755
74,after,39,0.001437099270395755
75,rs,39,0.001437099270395755
76,north,39,0.001437099270395755
77,been,38,0.0014002505711548383
78,last,37,0.0013634018719139215
79,mr,37,0.0013634018719139215
80,one,37,0.0013634018719139215
81,2025,36,0.0013265531726730046
82,reuters,36,0.0013265531726730046
83,through,36,0.0013265531726730046
84,investment,36,0.0013265531726730046
85,trade,36,0.0013265531726730046
86,lakh,35,0.0012897044734320878
87,if,35,0.0012897044734320878
88,financial,34,0.001252855774191171
89,growth,34,0.001252855774191171
90,onwards,34,0.001252855774191171
91,profit,34,0.001252855774191171
92,all,34,0.001252855774191171
93,supply,34,0.001252855774191171
94,net,33,0.0012160070749502542
95,there,33,0.0012160070749502542
96,can,33,0.0012160070749502542
97,credit,33,0.0012160070749502542
98,could,33,0.0012160070749502542
99,into,32,0.0011791583757093374
100,during,32,0.0011791583757093374
101,costs,32,0.0011791583757093374
102,higher,32,0.0011791583757093374
103,ceo,31,0.0011423096764684208
104,banks,31,0.0011423096764684208
105,some,31,0.0011423096764684208
106,air,31,0.0011423096764684208
107,war,31,0.0011423096764684208
108,according,30,0.001105460977227504
109,when,30,0.001105460977227504
110,time,29,0.0010686122779865871
111,across,29,0.0010686122779865871
112,since,29,0.0010686122779865871
113,delhi,29,0.0010686122779865871
114,data,29,0.0010686122779865871
115,years,29,0.0010686122779865871
116,inflation,29,0.0010686122779865871
117,gold,29,0.0010686122779865871
118,services,29,0.0010686122779865871
119,china,29,0.0010686122779865871
120,11,28,0.0010317635787456703
121,25,28,0.0010317635787456703
122,months,28,0.0010317635787456703
123,global,28,0.0010317635787456703
124,you,28,0.0010317635787456703
125,high,28,0.0010317635787456703
126,group,27,0.0009949148795047535
127,no,27,0.0009949148795047535
128,west,27,0.0009949148795047535
129,month,27,0.0009949148795047535
130,cost,27,0.0009949148795047535
131,12,26,0.0009580661802638367
132,most,26,0.0009580661802638367
133,business,26,0.0009580661802638367
134,system,25,0.0009212174810229198
135,loans,25,0.0009212174810229198
136,even,25,0.0009212174810229198
137,now,25,0.0009212174810229198
138,korea,25,0.0009212174810229198
139,she,25,0.0009212174810229198
140,next,25,0.0009212174810229198
141,who,25,0.0009212174810229198
142,state,25,0.0009212174810229198
143,capacity,25,0.0009212174810229198
144,airlines,25,0.0009212174810229198
145,international,24,0.0008843687817820031
146,three,24,0.0008843687817820031
147,lower,24,0.0008843687817820031
148,hit,24,0.0008843687817820031
149,nearly,23,0.0008475200825410863
150,per,23,0.0008475200825410863
151,impact,23,0.0008475200825410863
152,such,23,0.0008475200825410863
153,other,23,0.0008475200825410863
154,price,23,0.0008475200825410863
155,30,22,0.0008106713833001695
156,50,22,0.0008106713833001695
157,his,22,0.0008106713833001695
158,total,22,0.0008106713833001695
159,companies,22,0.0008106713833001695
160,increase,22,0.0008106713833001695
161,risk,22,0.0008106713833001695
162,interest,22,0.0008106713833001695
163,iran,22,0.0008106713833001695
164,vehicles,22,0.0008106713833001695
165,flights,22,0.0008106713833001695
166,policy,21,0.0007738226840592527
167,mumbai,21,0.0007738226840592527
168,investors,21,0.0007738226840592527
169,around,21,0.0007738226840592527
170,due,21,0.0007738226840592527
171,both,21,0.0007738226840592527
172,however,21,0.0007738226840592527
173,term,21,0.0007738226840592527
174,rate,21,0.0007738226840592527
175,compared,21,0.0007738226840592527
176,500,20,0.000736973984818336
177,out,20,0.000736973984818336
178,sector,20,0.000736973984818336
179,including,20,0.000736973984818336
180,expected,20,0.000736973984818336
181,scheme,20,0.000736973984818336
182,fiscal,20,0.000736973984818336
183,firms,20,0.000736973984818336
184,only,20,0.000736973984818336
185,your,20,0.000736973984818336
186,wait,20,0.000736973984818336
187,because,20,0.000736973984818336
188,model,20,0.000736973984818336
189,storage,20,0.000736973984818336
190,26,19,0.0007001252855774191
191,told,19,0.0007001252855774191
192,stood,19,0.0007001252855774191
193,still,19,0.0007001252855774191
194,fy26,19,0.0007001252855774191
195,biocon,19,0.0007001252855774191
196,based,19,0.0007001252855774191
197,must,19,0.0007001252855774191
198,where,19,0.0007001252855774191
199,period,19,0.0007001252855774191
200,many,19,0.0007001252855774191
201,what,19,0.0007001252855774191
202,crude,19,0.0007001252855774191
203,economic,19,0.0007001252855774191
204,15,18,0.0006632765863365023
205,100,18,0.0006632765863365023
206,2024,18,0.0006632765863365023
207,low,18,0.0006632765863365023
208,wednesday,18,0.0006632765863365023
209,back,18,0.0006632765863365023
210,between,18,0.0006632765863365023
211,reported,18,0.0006632765863365023
212,revenue,18,0.0006632765863365023
213,like,18,0.0006632765863365023
214,loan,18,0.0006632765863365023
215,car,18,0.0006632765863365023
216,re,18,0.0006632765863365023
217,renewable,18,0.0006632765863365023
218,share,17,0.0006264278870955855
219,added,17,0.0006264278870955855
220,increased,17,0.0006264278870955855
221,long,17,0.0006264278870955855
222,minister,17,0.0006264278870955855
223,every,17,0.0006264278870955855
224,previous,17,0.0006264278870955855
225,deposits,17,0.0006264278870955855
226,income,17,0.0006264278870955855
227,rates,17,0.0006264278870955855
228,cars,17,0.0006264278870955855
229,remain,17,0.0006264278870955855
230,eu,17,0.0006264278870955855
231,coal,17,0.0006264278870955855
232,non,16,0.0005895791878546687
233,so,16,0.0005895791878546687
234,production,16,0.0005895791878546687
235,countries,16,0.0005895791878546687
236,products,16,0.0005895791878546687
237,europe,16,0.0005895791878546687
238,before,16,0.0005895791878546687
239,does,16,0.0005895791878546687
240,child,16,0.0005895791878546687
241,our,16,0.0005895791878546687
242,down,16,0.0005895791878546687
243,tata,16,0.0005895791878546687
244,travel,16,0.0005895791878546687
245,power,16,0.0005895791878546687
246,units,16,0.0005895791878546687
247,19,15,0.000552730488613752
248,20,15,0.000552730488613752
249,union,15,0.000552730488613752
250,five,15,0.000552730488613752
251,equity,15,0.000552730488613752
252,sales,15,0.000552730488613752
253,statement,15,0.000552730488613752
254,earnings,15,0.000552730488613752
255,second,15,0.000552730488613752
256,article,15,0.000552730488613752
257,image,15,0.000552730488613752
258,say,15,0.000552730488613752
259,bajaj,15,0.000552730488613752
260,service,15,0.000552730488613752
261,too,15,0.000552730488613752
262,see,15,0.000552730488613752
263,conflict,15,0.000552730488613752
264,18,14,0.0005158817893728352
265,recent,14,0.0005158817893728352
266,likely,14,0.0005158817893728352
267,any,14,0.0005158817893728352
268,off,14,0.0005158817893728352
269,ago,14,0.0005158817893728352
270,analysts,14,0.0005158817893728352
271,hindu,14,0.0005158817893728352
272,director,14,0.0005158817893728352
273,set,14,0.0005158817893728352
274,adding,14,0.0005158817893728352
275,economy,14,0.0005158817893728352
276,fourth,14,0.0005158817893728352
277,among,14,0.0005158817893728352
278,end,14,0.0005158817893728352
279,posted,14,0.0005158817893728352
280,much,14,0.0005158817893728352
281,current,14,0.0005158817893728352
282,value,14,0.0005158817893728352
283,insurance,14,0.0005158817893728352
284,full,14,0.0005158817893728352
285,abroad,14,0.0005158817893728352
286,cuts,14,0.0005158817893728352
287,rise,14,0.0005158817893728352
288,60,13,0.00047903309013191833
289,four,13,0.00047903309013191833
290,domestic,13,0.00047903309013191833
291,tuesday,13,0.00047903309013191833
292,strong,13,0.00047903309013191833
293,import,13,0.00047903309013191833
294,major,13,0.00047903309013191833
295,labour,13,0.00047903309013191833
296,technology,13,0.00047903309013191833
297,them,13,0.00047903309013191833
298,how,13,0.00047903309013191833
299,private,13,0.00047903309013191833
300,ministry,13,0.00047903309013191833
301,management,13,0.00047903309013191833
302,never,13,0.00047903309013191833
303,these,13,0.00047903309013191833
304,personal,13,0.00047903309013191833
305,scale,13,0.00047903309013191833
306,driven,13,0.00047903309013191833
307,rose,13,0.00047903309013191833
308,consumers,13,0.00047903309013191833
309,pressure,13,0.00047903309013191833
310,jet,13,0.00047903309013191833
311,routes,13,0.00047903309013191833
312,european,13,0.00047903309013191833
313,gw,13,0.00047903309013191833
314,99,12,0.00044218439089100157
315,against,12,0.00044218439089100157
316,earlier,12,0.00044218439089100157
317,structural,12,0.00044218439089100157
318,largest,12,0.00044218439089100157
319,day,12,0.00044218439089100157
320,almost,12,0.00044218439089100157
321,june,12,0.00044218439089100157
322,ltd,12,0.00044218439089100157
323,do,12,0.00044218439089100157
324,large,12,0.00044218439089100157
325,rubber,12,0.00044218439089100157
326,imports,12,0.00044218439089100157
327,her,12,0.00044218439089100157
328,focus,12,0.00044218439089100157
329,led,12,0.00044218439089100157
330,well,12,0.00044218439089100157
331,capital,12,0.00044218439089100157
332,make,12,0.00044218439089100157
333,fund,12,0.00044218439089100157
334,days,12,0.00044218439089100157
335,trust,12,0.00044218439089100157
336,operations,12,0.00044218439089100157
337,highest,12,0.00044218439089100157
338,finance,12,0.00044218439089100157
339,should,12,0.00044218439089100157
340,marshmallow,12,0.00044218439089100157
341,middle,12,0.00044218439089100157
342,right,12,0.00044218439089100157
343,very,12,0.00044218439089100157
344,amount,12,0.00044218439089100157
345,lenders,12,0.00044218439089100157
346,operating,12,0.00044218439089100157
347,exports,12,0.00044218439089100157
348,further,12,0.00044218439089100157
349,godrej,12,0.00044218439089100157
350,losses,12,0.00044218439089100157
351,stocks,12,0.00044218439089100157
352,tensions,12,0.00044218439089100157
353,risks,12,0.00044218439089100157
354,spirit,12,0.00044218439089100157
355,airline,12,0.00044218439089100157
356,chinese,12,0.00044218439089100157
357,tesla,12,0.00044218439089100157
358,sanctions,12,0.00044218439089100157
359,75,11,0.00040533569165008475
360,central,11,0.00040533569165008475
361,showed,11,0.00040533569165008475
362,ended,11,0.00040533569165008475
363,monday,11,0.00040533569165008475
364,mazumdar,11,0.00040533569165008475
365,take,11,0.00040533569165008475
366,just,11,0.00040533569165008475
367,q4,11,0.00040533569165008475
368,east,11,0.00040533569165008475
369,people,11,0.00040533569165008475
370,funds,11,0.00040533569165008475
371,consolidated,11,0.00040533569165008475
372,profitability,11,0.00040533569165008475
373,those,11,0.00040533569165008475
374,analyst,11,0.00040533569165008475
375,least,11,0.00040533569165008475
376,stress,11,0.00040533569165008475
377,asset,11,0.00040533569165008475
378,seen,11,0.00040533569165008475
379,rather,11,0.00040533569165008475
380,generation,11,0.00040533569165008475
381,show,11,0.00040533569165008475
382,rising,11,0.00040533569165008475
383,stated,11,0.00040533569165008475
384,trump,11,0.00040533569165008475
385,use,11,0.00040533569165008475
386,sold,11,0.00040533569165008475
387,carriers,11,0.00040533569165008475
388,become,11,0.00040533569165008475
389,fed,11,0.00040533569165008475
390,31,10,0.000368486992409168
391,without,10,0.000368486992409168
392,brands,10,0.000368486992409168
393,week,10,0.000368486992409168
394,basis,10,0.000368486992409168
395,flows,10,0.000368486992409168
396,shift,10,0.000368486992409168
397,another,10,0.000368486992409168
398,single,10,0.000368486992409168
399,chief,10,0.000368486992409168
400,key,10,0.000368486992409168
401,president,10,0.000368486992409168
402,chairman,10,0.000368486992409168
403,growing,10,0.000368486992409168
404,businesses,10,0.000368486992409168
405,managing,10,0.000368486992409168
406,firm,10,0.000368486992409168
407,infrastructure,10,0.000368486992409168
408,country,10,0.000368486992409168
409,markets,10,0.000368486992409168
410,annual,10,0.000368486992409168
411,brand,10,0.000368486992409168
412,export,10,0.000368486992409168
413,payments,10,0.000368486992409168
414,made,10,0.000368486992409168
415,money,10,0.000368486992409168
416,life,10,0.000368486992409168
417,waiting,10,0.000368486992409168
418,debt,10,0.000368486992409168
419,tax,10,0.000368486992409168
420,digital,10,0.000368486992409168
421,want,10,0.000368486992409168
422,00,10,0.000368486992409168
423,access,10,0.000368486992409168
424,being,10,0.000368486992409168
425,same,10,0.000368486992409168
426,singapore,10,0.000368486992409168
427,says,10,0.000368486992409168
428,already,10,0.000368486992409168
429,level,10,0.000368486992409168
430,though,10,0.000368486992409168
431,wholesale,10,0.000368486992409168
432,consecutive,10,0.000368486992409168
433,levels,10,0.000368486992409168
434,states,10,0.000368486992409168
435,solar,10,0.000368486992409168
436,frontier,10,0.000368486992409168
437,impacted,10,0.000368486992409168
438,oman,10,0.000368486992409168
439,shipping,10,0.000368486992409168
440,pyongyang,10,0.000368486992409168
441,sugar,10,0.000368486992409168
442,13,9,0.00033163829316825116
443,14,9,0.00033163829316825116
444,corporate,9,0.00033163829316825116
445,city,9,0.00033163829316825116
446,stock,9,0.00033163829316825116
447,equities,9,0.00033163829316825116
448,primary,9,0.00033163829316825116
449,investments,9,0.00033163829316825116
450,bureau,9,0.00033163829316825116
451,past,9,0.00033163829316825116
452,shaw,9,0.00033163829316825116
453,leadership,9,0.00033163829316825116
454,research,9,0.00033163829316825116
455,post,9,0.00033163829316825116
456,media,9,0.00033163829316825116
457,multiple,9,0.00033163829316825116
458,manufacturing,9,0.00033163829316825116
459,needs,9,0.00033163829316825116
460,processing,9,0.00033163829316825116
461,making,9,0.00033163829316825116
462,social,9,0.00033163829316825116
463,conditions,9,0.00033163829316825116
464,birla,9,0.00033163829316825116
465,limited,9,0.00033163829316825116
466,match,9,0.00033163829316825116
467,part,9,0.00033163829316825116
468,stable,9,0.00033163829316825116
469,times,9,0.00033163829316825116
470,used,9,0.00033163829316825116
471,funding,9,0.00033163829316825116
472,development,9,0.00033163829316825116
473,transformation,9,0.00033163829316825116
474,small,9,0.00033163829316825116
475,lines,9,0.00033163829316825116
476,near,9,0.00033163829316825116
477,analysis,9,0.00033163829316825116
478,did,9,0.00033163829316825116
479,come,9,0.00033163829316825116
480,bps,9,0.00033163829316825116
481,february,9,0.00033163829316825116
482,continue,9,0.00033163829316825116
483,top,9,0.00033163829316825116
484,crisis,9,0.00033163829316825116
485,modi,9,0.00033163829316825116
486,cut,9,0.00033163829316825116
487,spending,9,0.00033163829316825116
488,forecast,9,0.00033163829316825116
489,jetblue,9,0.00033163829316825116
490,little,9,0.00033163829316825116
491,expect,9,0.00033163829316825116
492,summer,9,0.00033163829316825116
493,nintendo,9,0.00033163829316825116
494,memory,9,0.00033163829316825116
495,marine,9,0.00033163829316825116
496,maritime,9,0.00033163829316825116
497,meeting,9,0.00033163829316825116
498,pat,9,0.00033163829316825116
499,yoy,9,0.00033163829316825116
500,related,9,0.00033163829316825116
501,sri,9,0.00033163829316825116
502,synergy,9,0.00033163829316825116
503,russian,9,0.00033163829316825116
504,russia,9,0.00033163829316825116
505,gulf,9,0.00033163829316825116
506,27,8,0.00029478959392733434
507,39,8,0.00029478959392733434
508,association,8,0.00029478959392733434
509,concerns,8,0.00029478959392733434
510,boost,8,0.00029478959392733434
511,product,8,0.00029478959392733434
512,exchange,8,0.00029478959392733434
513,weekly,8,0.00029478959392733434
514,reflects,8,0.00029478959392733434
515,alongside,8,0.00029478959392733434
516,getting,8,0.00029478959392733434
517,united,8,0.00029478959392733434
518,tonnes,8,0.00029478959392733434
519,bengaluru,8,0.00029478959392733434
520,plan,8,0.00029478959392733434
521,move,8,0.00029478959392733434
522,then,8,0.00029478959392733434
523,decades,8,0.00029478959392733434
524,despite,8,0.00029478959392733434
525,south,8,0.00029478959392733434
526,compliance,8,0.00029478959392733434
527,contractors,8,0.00029478959392733434
528,issued,8,0.00029478959392733434
529,wage,8,0.00029478959392733434
530,working,8,0.00029478959392733434
531,similar,8,0.00029478959392733434
532,corporation,8,0.00029478959392733434
533,several,8,0.00029478959392733434
534,overall,8,0.00029478959392733434
535,goal,8,0.00029478959392733434
536,promise,8,0.00029478959392733434
537,third,8,0.00029478959392733434
538,opportunity,8,0.00029478959392733434
539,world,8,0.00029478959392733434
540,each,8,0.00029478959392733434
541,loss,8,0.00029478959392733434
542,think,8,0.00029478959392733434
543,existing,8,0.00029478959392733434
544,consumer,8,0.00029478959392733434
545,collateral,8,0.00029478959392733434
546,work,8,0.00029478959392733434
547,points,8,0.00029478959392733434
548,base,8,0.00029478959392733434
549,innovation,8,0.00029478959392733434
550,big,8,0.00029478959392733434
551,board,8,0.00029478959392733434
552,premium,8,0.00029478959392733434
553,get,8,0.00029478959392733434
554,reduced,8,0.00029478959392733434
555,pm,8,0.00029478959392733434
556,amid,8,0.00029478959392733434
557,coming,8,0.00029478959392733434
558,list,8,0.00029478959392733434
559,instead,8,0.00029478959392733434
560,pre,8,0.00029478959392733434
561,pandemic,8,0.00029478959392733434
562,restrictions,8,0.00029478959392733434
563,number,8,0.00029478959392733434
564,budget,8,0.00029478959392733434
565,sony,8,0.00029478959392733434
566,double,8,0.00029478959392733434
567,logistics,8,0.00029478959392733434
568,fta,8,0.00029478959392733434
569,borrowing,8,0.00029478959392733434
570,reporter,8,0.00029478959392733434
571,refining,8,0.00029478959392733434
572,america,8,0.00029478959392733434
573,adequacy,8,0.00029478959392733434
574,ngap,8,0.00029478959392733434
575,waiver,8,0.00029478959392733434
576,scheduled,8,0.00029478959392733434
577,bpd,8,0.00029478959392733434
578,16,7,0.0002579408946864176
579,21,7,0.0002579408946864176
580,24,7,0.0002579408946864176
581,35,7,0.0002579408946864176
582,36,7,0.0002579408946864176
583,40,7,0.0002579408946864176
584,rbi,7,0.0002579408946864176
585,regional,7,0.0002579408946864176
586,reserve,7,0.0002579408946864176
587,help,7,0.0002579408946864176
588,secure,7,0.0002579408946864176
589,way,7,0.0002579408946864176
590,fpis,7,0.0002579408946864176
591,aggregate,7,0.0002579408946864176
592,broader,7,0.0002579408946864176
593,sharply,7,0.0002579408946864176
594,purchases,7,0.0002579408946864176
595,gap,7,0.0002579408946864176
596,support,7,0.0002579408946864176
597,duty,7,0.0002579408946864176
598,natural,7,0.0002579408946864176
599,raw,7,0.0002579408946864176
600,workers,7,0.0002579408946864176
601,significant,7,0.0002579408946864176
602,towards,7,0.0002579408946864176
603,today,7,0.0002579408946864176
604,sharp,7,0.0002579408946864176
605,fall,7,0.0002579408946864176
606,linked,7,0.0002579408946864176
607,looking,7,0.0002579408946864176
608,potential,7,0.0002579408946864176
609,centre,7,0.0002579408946864176
610,wages,7,0.0002579408946864176
611,security,7,0.0002579408946864176
612,enterprises,7,0.0002579408946864176
613,provisions,7,0.0002579408946864176
614,daily,7,0.0002579408946864176
615,face,7,0.0002579408946864176
616,deposit,7,0.0002579408946864176
617,press,7,0.0002579408946864176
618,ever,7,0.0002579408946864176
619,operational,7,0.0002579408946864176
620,returns,7,0.0002579408946864176
621,etfs,7,0.0002579408946864176
622,asked,7,0.0002579408946864176
623,few,7,0.0002579408946864176
624,manager,7,0.0002579408946864176
625,sources,7,0.0002579408946864176
626,important,7,0.0002579408946864176
627,federal,7,0.0002579408946864176
628,home,7,0.0002579408946864176
629,expansion,7,0.0002579408946864176
630,unsecured,7,0.0002579408946864176
631,secured,7,0.0002579408946864176
632,mutual,7,0.0002579408946864176
633,cash,7,0.0002579408946864176
634,lending,7,0.0002579408946864176
635,remains,7,0.0002579408946864176
636,revenues,7,0.0002579408946864176
637,deal,7,0.0002579408946864176
638,call,7,0.0002579408946864176
639,beyond,7,0.0002579408946864176
640,increasingly,7,0.0002579408946864176
641,route,7,0.0002579408946864176
642,once,7,0.0002579408946864176
643,leaders,7,0.0002579408946864176
644,meet,7,0.0002579408946864176
645,members,7,0.0002579408946864176
646,whether,7,0.0002579408946864176
647,short,7,0.0002579408946864176
648,fy27,7,0.0002579408946864176
649,half,7,0.0002579408946864176
650,following,7,0.0002579408946864176
651,pirojsha,7,0.0002579408946864176
652,given,7,0.0002579408946864176
653,season,7,0.0002579408946864176
654,assets,7,0.0002579408946864176
655,point,7,0.0002579408946864176
656,plans,7,0.0002579408946864176
657,confidence,7,0.0002579408946864176
658,expects,7,0.0002579408946864176
659,grid,7,0.0002579408946864176
660,summit,7,0.0002579408946864176
661,cannot,7,0.0002579408946864176
662,good,7,0.0002579408946864176
663,longer,7,0.0002579408946864176
664,japan,7,0.0002579408946864176
665,shares,7,0.0002579408946864176
666,soon,7,0.0002579408946864176
667,heat,7,0.0002579408946864176
668,ports,7,0.0002579408946864176
669,commerce,7,0.0002579408946864176
670,dallas,7,0.0002579408946864176
671,ride,7,0.0002579408946864176
672,took,7,0.0002579408946864176
673,parking,7,0.0002579408946864176
674,passenger,7,0.0002579408946864176
675,yellow,7,0.0002579408946864176
676,ship,7,0.0002579408946864176
677,vessel,7,0.0002579408946864176
678,accident,7,0.0002579408946864176
679,motors,7,0.0002579408946864176
680,yields,7,0.0002579408946864176
681,barrels,7,0.0002579408946864176
682,22,6,0.00022109219544550078
683,28,6,0.00022109219544550078
684,32,6,0.00022109219544550078
685,45,6,0.00022109219544550078
686,51,6,0.00022109219544550078
687,55,6,0.00022109219544550078
688,70,6,0.00022109219544550078
689,80,6,0.00022109219544550078
690,750,6,0.00022109219544550078
691,promotion,6,0.00022109219544550078
692,seeking,6,0.00022109219544550078
693,decision,6,0.00022109219544550078
694,pernod,6,0.00022109219544550078
695,deals,6,0.00022109219544550078
696,retailers,6,0.00022109219544550078
697,rivals,6,0.00022109219544550078
698,regulatory,6,0.00022109219544550078
699,away,6,0.00022109219544550078
700,trading,6,0.00022109219544550078
701,thursday,6,0.00022109219544550078
702,decade,6,0.00022109219544550078
703,contrast,6,0.00022109219544550078
704,far,6,0.00022109219544550078
705,behaviour,6,0.00022109219544550078
706,relatively,6,0.00022109219544550078
707,continued,6,0.00022109219544550078
708,reduction,6,0.00022109219544550078
709,approximately,6,0.00022109219544550078
710,shortages,6,0.00022109219544550078
711,accounting,6,0.00022109219544550078
712,announcement,6,0.00022109219544550078
713,came,6,0.00022109219544550078
714,platform,6,0.00022109219544550078
715,structure,6,0.00022109219544550078
716,strengthen,6,0.00022109219544550078
717,maintaining,6,0.00022109219544550078
718,strategic,6,0.00022109219544550078
719,presence,6,0.00022109219544550078
720,old,6,0.00022109219544550078
721,choice,6,0.00022109219544550078
722,australia,6,0.00022109219544550078
723,hiring,6,0.00022109219544550078
724,start,6,0.00022109219544550078
725,capabilities,6,0.00022109219544550078
726,claims,6,0.00022109219544550078
727,boom,6,0.00022109219544550078
728,helped,6,0.00022109219544550078
729,grew,6,0.00022109219544550078
730,integration,6,0.00022109219544550078
731,md,6,0.00022109219544550078
732,unit,6,0.00022109219544550078
733,push,6,0.00022109219544550078
734,department,6,0.00022109219544550078
735,public,6,0.00022109219544550078
736,address,6,0.00022109219544550078
737,within,6,0.00022109219544550078
738,shocks,6,0.00022109219544550078
739,tenure,6,0.00022109219544550078
740,simply,6,0.00022109219544550078
741,fact,6,0.00022109219544550078
742,real,6,0.00022109219544550078
743,bonds,6,0.00022109219544550078
744,index,6,0.00022109219544550078
745,my,6,0.00022109219544550078
746,enough,6,0.00022109219544550078
747,spend,6,0.00022109219544550078
748,wealth,6,0.00022109219544550078
749,investing,6,0.00022109219544550078
750,heavily,6,0.00022109219544550078
751,bond,6,0.00022109219544550078
752,repayment,6,0.00022109219544550078
753,national,6,0.00022109219544550078
754,borrower,6,0.00022109219544550078
755,prime,6,0.00022109219544550078
756,profile,6,0.00022109219544550078
757,balance,6,0.00022109219544550078
758,testing,6,0.00022109219544550078
759,owned,6,0.00022109219544550078
760,food,6,0.00022109219544550078
761,chain,6,0.00022109219544550078
762,customer,6,0.00022109219544550078
763,projects,6,0.00022109219544550078
764,hire,6,0.00022109219544550078
765,driving,6,0.00022109219544550078
766,estimates,6,0.00022109219544550078
767,faster,6,0.00022109219544550078
768,things,6,0.00022109219544550078
769,senior,6,0.00022109219544550078
770,tech,6,0.00022109219544550078
771,commercial,6,0.00022109219544550078
772,elevated,6,0.00022109219544550078
773,narendra,6,0.00022109219544550078
774,fell,6,0.00022109219544550078
775,respectively,6,0.00022109219544550078
776,indians,6,0.00022109219544550078
777,dollar,6,0.00022109219544550078
778,formal,6,0.00022109219544550078
779,easing,6,0.00022109219544550078
780,auto,6,0.00022109219544550078
781,green,6,0.00022109219544550078
782,critical,6,0.00022109219544550078
783,sensitive,6,0.00022109219544550078
784,noted,6,0.00022109219544550078
785,respond,6,0.00022109219544550078
786,disruptions,6,0.00022109219544550078
787,announced,6,0.00022109219544550078
788,reduce,6,0.00022109219544550078
789,psbs,6,0.00022109219544550078
790,chile,6,0.00022109219544550078
791,bridge,6,0.00022109219544550078
792,extended,6,0.00022109219544550078
793,dividend,6,0.00022109219544550078
794,border,6,0.00022109219544550078
795,reliability,6,0.00022109219544550078
796,hormuz,6,0.00022109219544550078
797,traders,6,0.00022109219544550078
798,available,6,0.00022109219544550078
799,minutes,6,0.00022109219544550078
800,plates,6,0.00022109219544550078
801,october,6,0.00022109219544550078
802,supplies,6,0.00022109219544550078
803,lanka,6,0.00022109219544550078
804,september,6,0.00022109219544550078
805,airspace,6,0.00022109219544550078
806,wheelers,6,0.00022109219544550078
807,mitsui,6,0.00022109219544550078
808,osk,6,0.00022109219544550078
809,pacific,6,0.00022109219544550078
810,69,5,0.000184243496204584
811,621,5,0.000184243496204584
812,2019,5,0.000184243496204584
813,2022,5,0.000184243496204584
814,urged,5,0.000184243496204584
815,friday,5,0.000184243496204584
816,availability,5,0.000184243496204584
817,inbrief,5,0.000184243496204584
818,turn,5,0.000184243496204584
819,moving,5,0.000184243496204584
820,outflows,5,0.000184243496204584
821,trend,5,0.000184243496204584
822,institutions,5,0.000184243496204584
823,emerged,5,0.000184243496204584
824,selling,5,0.000184243496204584
825,offered,5,0.000184243496204584
826,worth,5,0.000184243496204584
827,monthly,5,0.000184243496204584
828,ownership,5,0.000184243496204584
829,remained,5,0.000184243496204584
830,writer,5,0.000184243496204584
831,nine,5,0.000184243496204584
832,modest,5,0.000184243496204584
833,geopolitical,5,0.000184243496204584
834,concern,5,0.000184243496204584
835,free,5,0.000184243496204584
836,kiran,5,0.000184243496204584
837,founder,5,0.000184243496204584
838,marked,5,0.000184243496204584
839,biotechnology,5,0.000184243496204584
840,biologics,5,0.000184243496204584
841,biosimilars,5,0.000184243496204584
842,transition,5,0.000184243496204584
843,biotech,5,0.000184243496204584
844,women,5,0.000184243496204584
845,late,5,0.000184243496204584
846,karnataka,5,0.000184243496204584
847,runs,5,0.000184243496204584
848,tried,5,0.000184243496204584
849,unlike,5,0.000184243496204584
850,us,5,0.000184243496204584
851,hub,5,0.000184243496204584
852,results,5,0.000184243496204584
853,core,5,0.000184243496204584
854,asian,5,0.000184243496204584
855,singh,5,0.000184243496204584
856,procurement,5,0.000184243496204584
857,ministries,5,0.000184243496204584
858,weak,5,0.000184243496204584
859,health,5,0.000184243496204584
860,principal,5,0.000184243496204584
861,paid,5,0.000184243496204584
862,ensure,5,0.000184243496204584
863,platforms,5,0.000184243496204584
864,clear,5,0.000184243496204584
865,directly,5,0.000184243496204584
866,general,5,0.000184243496204584
867,corresponding,5,0.000184243496204584
868,whole,5,0.000184243496204584
869,different,5,0.000184243496204584
870,kept,5,0.000184243496204584
871,agent,5,0.000184243496204584
872,held,5,0.000184243496204584
873,me,5,0.000184243496204584
874,specific,5,0.000184243496204584
875,ask,5,0.000184243496204584
876,actually,5,0.000184243496204584
877,creating,5,0.000184243496204584
878,individuals,5,0.000184243496204584
879,stability,5,0.000184243496204584
880,decline,5,0.000184243496204584
881,above,5,0.000184243496204584
882,reducing,5,0.000184243496204584
883,relationship,5,0.000184243496204584
884,account,5,0.000184243496204584
885,typically,5,0.000184243496204584
886,charges,5,0.000184243496204584
887,max,5,0.000184243496204584
888,overseas,5,0.000184243496204584
889,customers,5,0.000184243496204584
890,source,5,0.000184243496204584
891,along,5,0.000184243496204584
892,till,5,0.000184243496204584
893,need,5,0.000184243496204584
894,factoring,5,0.000184243496204584
895,evaluate,5,0.000184243496204584
896,terms,5,0.000184243496204584
897,case,5,0.000184243496204584
898,approach,5,0.000184243496204584
899,becomes,5,0.000184243496204584
900,models,5,0.000184243496204584
901,maintenance,5,0.000184243496204584
902,massive,5,0.000184243496204584
903,focused,5,0.000184243496204584
904,creates,5,0.000184243496204584
905,building,5,0.000184243496204584
906,systems,5,0.000184243496204584
907,gdp,5,0.000184243496204584
908,mishra,5,0.000184243496204584
909,traditional,5,0.000184243496204584
910,delivery,5,0.000184243496204584
911,therefore,5,0.000184243496204584
912,taking,5,0.000184243496204584
913,heavy,5,0.000184243496204584
914,engineering,5,0.000184243496204584
915,portfolios,5,0.000184243496204584
916,news,5,0.000184243496204584
917,head,5,0.000184243496204584
918,network,5,0.000184243496204584
919,team,5,0.000184243496204584
920,range,5,0.000184243496204584
921,shifts,5,0.000184243496204584
922,cds,5,0.000184243496204584
923,investor,5,0.000184243496204584
924,liquidity,5,0.000184243496204584
925,requirements,5,0.000184243496204584
926,constraints,5,0.000184243496204584
927,mid,5,0.000184243496204584
928,covid,5,0.000184243496204584
929,surplus,5,0.000184243496204584
930,economist,5,0.000184243496204584
931,agreements,5,0.000184243496204584
932,package,5,0.000184243496204584
933,secretary,5,0.000184243496204584
934,petroleum,5,0.000184243496204584
935,final,5,0.000184243496204584
936,citizens,5,0.000184243496204584
937,escalating,5,0.000184243496204584
938,sharad,5,0.000184243496204584
939,raghavan,5,0.000184243496204584
940,surged,5,0.000184243496204584
941,purchase,5,0.000184243496204584
942,measures,5,0.000184243496204584
943,electric,5,0.000184243496204584
944,strengthening,5,0.000184243496204584
945,transport,5,0.000184243496204584
946,flight,5,0.000184243496204584
947,sips,5,0.000184243496204584
948,behind,5,0.000184243496204584
949,don,5,0.000184243496204584
950,hikes,5,0.000184243496204584
951,hike,5,0.000184243496204584
952,suggests,5,0.000184243496204584
953,frameworks,5,0.000184243496204584
954,sectors,5,0.000184243496204584
955,exit,5,0.000184243496204584
956,fares,5,0.000184243496204584
957,spike,5,0.000184243496204584
958,discounters,5,0.000184243496204584
959,experts,5,0.000184243496204584
960,pass,5,0.000184243496204584
961,lost,5,0.000184243496204584
962,declined,5,0.000184243496204584
963,roughly,5,0.000184243496204584
964,record,5,0.000184243496204584
965,chip,5,0.000184243496204584
966,output,5,0.000184243496204584
967,particularly,5,0.000184243496204584
968,switch,5,0.000184243496204584
969,early,5,0.000184243496204584
970,boj,5,0.000184243496204584
971,signs,5,0.000184243496204584
972,main,5,0.000184243496204584
973,parametric,5,0.000184243496204584
974,climate,5,0.000184243496204584
975,bn,5,0.000184243496204584
976,offshore,5,0.000184243496204584
977,operator,5,0.000184243496204584
978,fleet,5,0.000184243496204584
979,goyal,5,0.000184243496204584
980,effect,5,0.000184243496204584
981,able,5,0.000184243496204584
982,nageswaran,5,0.000184243496204584
983,issues,5,0.000184243496204584
984,pool,5,0.000184243496204584
985,cabinet,5,0.000184243496204584
986,currency,5,0.000184243496204584
987,sign,5,0.000184243496204584
988,clean,5,0.000184243496204584
989,xi,5,0.000184243496204584
990,yuan,5,0.000184243496204584
991,drive,5,0.000184243496204584
992,strait,5,0.000184243496204584
993,robotaxi,5,0.000184243496204584
994,robotaxis,5,0.000184243496204584
995,momentum,5,0.000184243496204584
996,recently,5,0.000184243496204584
997,area,5,0.000184243496204584
998,traffic,5,0.000184243496204584
999,korean,5,0.000184243496204584
1000,gas,5,0.000184243496204584
1001,gasification,5,0.000184243496204584
1002,officials,5,0.000184243496204584
1003,august,5,0.000184243496204584
1004,passed,5,0.000184243496204584
1005,settlement,5,0.000184243496204584
1006,forced,5,0.000184243496204584
1007,britain,5,0.000184243496204584
1008,headwinds,5,0.000184243496204584
1009,inox,5,0.000184243496204584
1010,aviation,5,0.000184243496204584
1011,lufthansa,5,0.000184243496204584
1012,passengers,5,0.000184243496204584
1013,refinery,5,0.000184243496204584
1014,34,4,0.00014739479696366717
1015,52,4,0.00014739479696366717
1016,77,4,0.00014739479696366717
1017,85,4,0.00014739479696366717
1018,150,4,0.00014739479696366717
1019,174,4,0.00014739479696366717
1020,200,4,0.00014739479696366717
1021,2020,4,0.00014739479696366717
1022,2023,4,0.00014739479696366717
1023,2027,4,0.00014739479696366717
1024,officers,4,0.00014739479696366717
1025,bound,4,0.00014739479696366717
1026,changes,4,0.00014739479696366717
1027,cci,4,0.00014739479696366717
1028,order,4,0.00014739479696366717
1029,include,4,0.00014739479696366717
1030,stake,4,0.00014739479696366717
1031,hits,4,0.00014739479696366717
1032,combining,4,0.00014739479696366717
1033,fpi,4,0.00014739479696366717
1034,ghosh,4,0.00014739479696366717
1035,portfolio,4,0.00014739479696366717
1036,sell,4,0.00014739479696366717
1037,gross,4,0.00014739479696366717
1038,dropped,4,0.00014739479696366717
1039,december,4,0.00014739479696366717
1040,received,4,0.00014739479696366717
1041,currently,4,0.00014739479696366717
1042,segment,4,0.00014739479696366717
1043,attracting,4,0.00014739479696366717
1044,businessline,4,0.00014739479696366717
1045,status,4,0.00014739479696366717
1046,coimbatore,4,0.00014739479696366717
1047,protection,4,0.00014739479696366717
1048,committee,4,0.00014739479696366717
1049,compound,4,0.00014739479696366717
1050,imported,4,0.00014739479696366717
1051,bellwether,4,0.00014739479696366717
1052,claire,4,0.00014739479696366717
1053,eventually,4,0.00014739479696366717
1054,areas,4,0.00014739479696366717
1055,close,4,0.00014739479696366717
1056,seven,4,0.00014739479696366717
1057,institute,4,0.00014739479696366717
1058,quite,4,0.00014739479696366717
1059,started,4,0.00014739479696366717
1060,partnership,4,0.00014739479696366717
1061,land,4,0.00014739479696366717
1062,ventures,4,0.00014739479696366717
1063,etc,4,0.00014739479696366717
1064,required,4,0.00014739479696366717
1065,advanced,4,0.00014739479696366717
1066,leading,4,0.00014739479696366717
1067,bioeconomy,4,0.00014739479696366717
1068,emerge,4,0.00014739479696366717
1069,target,4,0.00014739479696366717
1070,expand,4,0.00014739479696366717
1071,odisha,4,0.00014739479696366717
1072,manufacturer,4,0.00014739479696366717
1073,facilities,4,0.00014739479696366717
1074,co,4,0.00014739479696366717
1075,partners,4,0.00014739479696366717
1076,invested,4,0.00014739479696366717
1077,port,4,0.00014739479696366717
1078,online,4,0.00014739479696366717
1079,add,4,0.00014739479696366717
1080,rules,4,0.00014739479696366717
1081,framework,4,0.00014739479696366717
1082,contributions,4,0.00014739479696366717
1083,contracts,4,0.00014739479696366717
1084,apply,4,0.00014739479696366717
1085,significantly,4,0.00014739479696366717
1086,code,4,0.00014739479696366717
1087,using,4,0.00014739479696366717
1088,bills,4,0.00014739479696366717
1089,pay,4,0.00014739479696366717
1090,prolonged,4,0.00014739479696366717
1091,january,4,0.00014739479696366717
1092,filing,4,0.00014739479696366717
1093,poor,4,0.00014739479696366717
1094,external,4,0.00014739479696366717
1095,performance,4,0.00014739479696366717
1096,panda,4,0.00014739479696366717
1097,sail,4,0.00014739479696366717
1098,began,4,0.00014739479696366717
1099,outcome,4,0.00014739479696366717
1100,ways,4,0.00014739479696366717
1101,reached,4,0.00014739479696366717
1102,promised,4,0.00014739479696366717
1103,class,4,0.00014739479696366717
1104,finally,4,0.00014739479696366717
1105,environment,4,0.00014739479696366717
1106,am,4,0.00014739479696366717
1107,keep,4,0.00014739479696366717
1108,stay,4,0.00014739479696366717
1109,return,4,0.00014739479696366717
1110,fifth,4,0.00014739479696366717
1111,rely,4,0.00014739479696366717
1112,know,4,0.00014739479696366717
1113,itself,4,0.00014739479696366717
1114,possibility,4,0.00014739479696366717
1115,defaults,4,0.00014739479696366717
1116,benefits,4,0.00014739479696366717
1117,banking,4,0.00014739479696366717
1118,require,4,0.00014739479696366717
1119,created,4,0.00014739479696366717
1120,process,4,0.00014739479696366717
1121,best,4,0.00014739479696366717
1122,direct,4,0.00014739479696366717
1123,punjab,4,0.00014739479696366717
1124,hsbc,4,0.00014739479696366717
1125,043,4,0.00014739479696366717
1126,borrowers,4,0.00014739479696366717
1127,largely,4,0.00014739479696366717
1128,form,4,0.00014739479696366717
1129,patterns,4,0.00014739479696366717
1130,repay,4,0.00014739479696366717
1131,intent,4,0.00014739479696366717
1132,put,4,0.00014739479696366717
1133,stronger,4,0.00014739479696366717
1134,reflecting,4,0.00014739479696366717
1135,steady,4,0.00014739479696366717
1136,scaled,4,0.00014739479696366717
1137,wipro,4,0.00014739479696366717
1138,deliver,4,0.00014739479696366717
1139,intelligence,4,0.00014739479696366717
1140,together,4,0.00014739479696366717
1141,meanwhile,4,0.00014739479696366717
1142,cent,4,0.00014739479696366717
1143,weeks,4,0.00014739479696366717
1144,productivity,4,0.00014739479696366717
1145,gains,4,0.00014739479696366717
1146,often,4,0.00014739479696366717
1147,pricing,4,0.00014739479696366717
1148,evolve,4,0.00014739479696366717
1149,execution,4,0.00014739479696366717
1150,facing,4,0.00014739479696366717
1151,buying,4,0.00014739479696366717
1152,larger,4,0.00014739479696366717
1153,meaningful,4,0.00014739479696366717
1154,change,4,0.00014739479696366717
1155,got,4,0.00014739479696366717
1156,pedigree,4,0.00014739479696366717
1157,offer,4,0.00014739479696366717
1158,nvidia,4,0.00014739479696366717
1159,why,4,0.00014739479696366717
1160,expectations,4,0.00014739479696366717
1161,go,4,0.00014739479696366717
1162,didn,4,0.00014739479696366717
1163,act,4,0.00014739479696366717
1164,channel,4,0.00014739479696366717
1165,phase,4,0.00014739479696366717
1166,spreads,4,0.00014739479696366717
1167,doubled,4,0.00014739479696366717
1168,issue,4,0.00014739479696366717
1169,industries,4,0.00014739479696366717
1170,chair,4,0.00014739479696366717
1171,ahead,4,0.00014739479696366717
1172,joint,4,0.00014739479696366717
1173,closed,4,0.00014739479696366717
1174,grow,4,0.00014739479696366717
1175,omcs,4,0.00014739479696366717
1176,diesel,4,0.00014739479696366717
1177,ongoing,4,0.00014739479696366717
1178,rupee,4,0.00014739479696366717
1179,donald,4,0.00014739479696366717
1180,goods,4,0.00014739479696366717
1181,official,4,0.00014739479696366717
1182,tourists,4,0.00014739479696366717
1183,becoming,4,0.00014739479696366717
1184,pathway,4,0.00014739479696366717
1185,shows,4,0.00014739479696366717
1186,spent,4,0.00014739479696366717
1187,category,4,0.00014739479696366717
1188,tourism,4,0.00014739479696366717
1189,exercise,4,0.00014739479696366717
1190,wfh,4,0.00014739479696366717
1191,reserves,4,0.00014739479696366717
1192,council,4,0.00014739479696366717
1193,cr,4,0.00014739479696366717
1194,role,4,0.00014739479696366717
1195,crises,4,0.00014739479696366717
1196,surge,4,0.00014739479696366717
1197,economists,4,0.00014739479696366717
1198,temperatures,4,0.00014739479696366717
1199,dent,4,0.00014739479696366717
1200,percentage,4,0.00014739479696366717
1201,corridor,4,0.00014739479696366717
1202,kind,4,0.00014739479696366717
1203,ability,4,0.00014739479696366717
1204,incentive,4,0.00014739479696366717
1205,adoption,4,0.00014739479696366717
1206,setty,4,0.00014739479696366717
1207,cii,4,0.00014739479696366717
1208,opportunities,4,0.00014739479696366717
1209,future,4,0.00014739479696366717
1210,challenges,4,0.00014739479696366717
1211,room,4,0.00014739479696366717
1212,raise,4,0.00014739479696366717
1213,running,4,0.00014739479696366717
1214,adjusted,4,0.00014739479696366717
1215,margin,4,0.00014739479696366717
1216,replaced,4,0.00014739479696366717
1217,replace,4,0.00014739479696366717
1218,position,4,0.00014739479696366717
1219,comment,4,0.00014739479696366717
1220,margins,4,0.00014739479696366717
1221,houston,4,0.00014739479696366717
1222,bill,4,0.00014739479696366717
1223,gallon,4,0.00014739479696366717
1224,consumption,4,0.00014739479696366717
1225,flagged,4,0.00014739479696366717
1226,artificial,4,0.00014739479696366717
1227,gaming,4,0.00014739479696366717
1228,unchanged,4,0.00014739479696366717
1229,although,4,0.00014739479696366717
1230,open,4,0.00014739479696366717
1231,profits,4,0.00014739479696366717
1232,yet,4,0.00014739479696366717
1233,borrow,4,0.00014739479696366717
1234,addition,4,0.00014739479696366717
1235,recommended,4,0.00014739479696366717
1236,cover,4,0.00014739479696366717
1237,ahmedabad,4,0.00014739479696366717
1238,solanki,4,0.00014739479696366717
1239,hours,4,0.00014739479696366717
1240,damage,4,0.00014739479696366717
1241,footprint,4,0.00014739479696366717
1242,vessels,4,0.00014739479696366717
1243,comprehensive,4,0.00014739479696366717
1244,agreement,4,0.00014739479696366717
1245,economies,4,0.00014739479696366717
1246,reporters,4,0.00014739479696366717
1247,cooperation,4,0.00014739479696366717
1248,customs,4,0.00014739479696366717
1249,covering,4,0.00014739479696366717
1250,others,4,0.00014739479696366717
1251,contribution,4,0.00014739479696366717
1252,wire,4,0.00014739479696366717
1253,supplied,4,0.00014739479696366717
1254,peak,4,0.00014739479696366717
1255,reach,4,0.00014739479696366717
1256,pharma,4,0.00014739479696366717
1257,beijing,4,0.00014739479696366717
1258,tariff,4,0.00014739479696366717
1259,visit,4,0.00014739479696366717
1260,six,4,0.00014739479696366717
1261,raised,4,0.00014739479696366717
1262,musk,4,0.00014739479696366717
1263,vehicle,4,0.00014739479696366717
1264,destination,4,0.00014739479696366717
1265,story,4,0.00014739479696366717
1266,minute,4,0.00014739479696366717
1267,hall,4,0.00014739479696366717
1268,streets,4,0.00014739479696366717
1269,lot,4,0.00014739479696366717
1270,side,4,0.00014739479696366717
1271,charging,4,0.00014739479696366717
1272,visitors,4,0.00014739479696366717
1273,un,4,0.00014739479696366717
1274,saw,4,0.00014739479696366717
1275,businessman,4,0.00014739479696366717
1276,ban,4,0.00014739479696366717
1277,rises,4,0.00014739479696366717
1278,approved,4,0.00014739479696366717
1279,project,4,0.00014739479696366717
1280,forum,4,0.00014739479696366717
1281,ceylon,4,0.00014739479696366717
1282,chamber,4,0.00014739479696366717
1283,links,4,0.00014739479696366717
1284,extra,4,0.00014739479696366717
1285,dali,4,0.00014739479696366717
1286,maryland,4,0.00014739479696366717
1287,doj,4,0.00014739479696366717
1288,etf,4,0.00014739479696366717
1289,rally,4,0.00014739479696366717
1290,preceding,4,0.00014739479696366717
1291,wholesales,4,0.00014739479696366717
1292,bookings,4,0.00014739479696366717
1293,modelling,4,0.00014739479696366717
1294,additional,4,0.00014739479696366717
1295,assumptions,4,0.00014739479696366717
1296,shannon,4,0.00014739479696366717
1297,semiconductor,4,0.00014739479696366717
1298,wpi,4,0.00014739479696366717
1299,aquaculture,4,0.00014739479696366717
1300,animals,4,0.00014739479696366717
1301,jaishankar,4,0.00014739479696366717
1302,tamura,4,0.00014739479696366717
1303,cathay,4,0.00014739479696366717
1304,ukraine,4,0.00014739479696366717
1305,iir,4,0.00014739479696366717
1306,23,3,0.00011054609772275039
1307,29,3,0.00011054609772275039
1308,37,3,0.00011054609772275039
1309,42,3,0.00011054609772275039
1310,46,3,0.00011054609772275039
1311,49,3,0.00011054609772275039
1312,56,3,0.00011054609772275039
1313,63,3,0.00011054609772275039
1314,64,3,0.00011054609772275039
1315,65,3,0.00011054609772275039
1316,76,3,0.00011054609772275039
1317,79,3,0.00011054609772275039
1318,82,3,0.00011054609772275039
1319,88,3,0.00011054609772275039
1320,95,3,0.00011054609772275039
1321,96,3,0.00011054609772275039
1322,98,3,0.00011054609772275039
1323,105,3,0.00011054609772275039
1324,124,3,0.00011054609772275039
1325,207,3,0.00011054609772275039
1326,294,3,0.00011054609772275039
1327,355,3,0.00011054609772275039
1328,624,3,0.00011054609772275039
1329,2021,3,0.00011054609772275039
1330,2030,3,0.00011054609772275039
1331,2035,3,0.00011054609772275039
1332,serious,3,0.00011054609772275039
1333,suggestions,3,0.00011054609772275039
1334,pti,3,0.00011054609772275039
1335,giant,3,0.00011054609772275039
1336,french,3,0.00011054609772275039
1337,competition,3,0.00011054609772275039
1338,commission,3,0.00011054609772275039
1339,whose,3,0.00011054609772275039
1340,ensuring,3,0.00011054609772275039
1341,found,3,0.00011054609772275039
1342,competitors,3,0.00011054609772275039
1343,result,3,0.00011054609772275039
1344,retail,3,0.00011054609772275039
1345,quietly,3,0.00011054609772275039
1346,sustained,3,0.00011054609772275039
1347,exchanges,3,0.00011054609772275039
1348,brief,3,0.00011054609772275039
1349,institutional,3,0.00011054609772275039
1350,hold,3,0.00011054609772275039
1351,strategist,3,0.00011054609772275039
1352,takes,3,0.00011054609772275039
1353,figure,3,0.00011054609772275039
1354,resilient,3,0.00011054609772275039
1355,taiwan,3,0.00011054609772275039
1356,emerging,3,0.00011054609772275039
1357,find,3,0.00011054609772275039
1358,attractive,3,0.00011054609772275039
1359,caps,3,0.00011054609772275039
1360,partly,3,0.00011054609772275039
1361,user,3,0.00011054609772275039
1362,employment,3,0.00011054609772275039
1363,presently,3,0.00011054609772275039
1364,estimated,3,0.00011054609772275039
1365,developments,3,0.00011054609772275039
1366,globally,3,0.00011054609772275039
1367,plant,3,0.00011054609772275039
1368,santosh,3,0.00011054609772275039
1369,garage,3,0.00011054609772275039
1370,chairperson,3,0.00011054609772275039
1371,succession,3,0.00011054609772275039
1372,niece,3,0.00011054609772275039
1373,enterprise,3,0.00011054609772275039
1374,aimed,3,0.00011054609772275039
1375,increasing,3,0.00011054609772275039
1376,oncology,3,0.00011054609772275039
1377,included,3,0.00011054609772275039
1378,cancer,3,0.00011054609772275039
1379,insulin,3,0.00011054609772275039
1380,care,3,0.00011054609772275039
1381,gradual,3,0.00011054609772275039
1382,indicated,3,0.00011054609772275039
1383,listed,3,0.00011054609772275039
1384,holds,3,0.00011054609772275039
1385,degrees,3,0.00011054609772275039
1386,space,3,0.00011054609772275039
1387,introduced,3,0.00011054609772275039
1388,returned,3,0.00011054609772275039
1389,experience,3,0.00011054609772275039
1390,person,3,0.00011054609772275039
1391,met,3,0.00011054609772275039
1392,became,3,0.00011054609772275039
1393,understand,3,0.00011054609772275039
1394,quality,3,0.00011054609772275039
1395,truly,3,0.00011054609772275039
1396,launched,3,0.00011054609772275039
1397,triggered,3,0.00011054609772275039
1398,nature,3,0.00011054609772275039
1399,member,3,0.00011054609772275039
1400,representing,3,0.00011054609772275039
1401,exceptional,3,0.00011054609772275039
1402,charge,3,0.00011054609772275039
1403,techno,3,0.00011054609772275039
1404,sportswear,3,0.00011054609772275039
1405,integrated,3,0.00011054609772275039
1406,signed,3,0.00011054609772275039
1407,material,3,0.00011054609772275039
1408,expanding,3,0.00011054609772275039
1409,registered,3,0.00011054609772275039
1410,tap,3,0.00011054609772275039
1411,timely,3,0.00011054609772275039
1412,payment,3,0.00011054609772275039
1413,statutory,3,0.00011054609772275039
1414,accountability,3,0.00011054609772275039
1415,debarment,3,0.00011054609772275039
1416,safety,3,0.00011054609772275039
1417,timelines,3,0.00011054609772275039
1418,salary,3,0.00011054609772275039
1419,improve,3,0.00011054609772275039
1420,electronic,3,0.00011054609772275039
1421,action,3,0.00011054609772275039
1422,simultaneously,3,0.00011054609772275039
1423,substantially,3,0.00011054609772275039
1424,especially,3,0.00011054609772275039
1425,step,3,0.00011054609772275039
1426,saturday,3,0.00011054609772275039
1427,realisation,3,0.00011054609772275039
1428,cement,3,0.00011054609772275039
1429,statements,3,0.00011054609772275039
1430,expenses,3,0.00011054609772275039
1431,volume,3,0.00011054609772275039
1432,technical,3,0.00011054609772275039
1433,endowment,3,0.00011054609772275039
1434,education,3,0.00011054609772275039
1435,spoke,3,0.00011054609772275039
1436,uncertainties,3,0.00011054609772275039
1437,perhaps,3,0.00011054609772275039
1438,arrived,3,0.00011054609772275039
1439,let,3,0.00011054609772275039
1440,job,3,0.00011054609772275039
1441,option,3,0.00011054609772275039
1442,millions,3,0.00011054609772275039
1443,savings,3,0.00011054609772275039
1444,schemes,3,0.00011054609772275039
1445,called,3,0.00011054609772275039
1446,black,3,0.00011054609772275039
1447,night,3,0.00011054609772275039
1448,blow,3,0.00011054609772275039
1449,policies,3,0.00011054609772275039
1450,smaller,3,0.00011054609772275039
1451,ends,3,0.00011054609772275039
1452,sovereign,3,0.00011054609772275039
1453,questions,3,0.00011054609772275039
1454,comes,3,0.00011054609772275039
1455,absorb,3,0.00011054609772275039
1456,certified,3,0.00011054609772275039
1457,module,3,0.00011054609772275039
1458,expose,3,0.00011054609772275039
1459,fds,3,0.00011054609772275039
1460,requires,3,0.00011054609772275039
1461,discuss,3,0.00011054609772275039
1462,maturity,3,0.00011054609772275039
1463,resort,3,0.00011054609772275039
1464,standing,3,0.00011054609772275039
1465,present,3,0.00011054609772275039
1466,hdfc,3,0.00011054609772275039
1467,icici,3,0.00011054609772275039
1468,sbi,3,0.00011054609772275039
1469,holding,3,0.00011054609772275039
1470,guarantee,3,0.00011054609772275039
1471,event,3,0.00011054609772275039
1472,note,3,0.00011054609772275039
1473,fixed,3,0.00011054609772275039
1474,reasons,3,0.00011054609772275039
1475,offers,3,0.00011054609772275039
1476,programmes,3,0.00011054609772275039
1477,manage,3,0.00011054609772275039
1478,lakhtenure,3,0.00011054609772275039
1479,name,3,0.00011054609772275039
1480,lender,3,0.00011054609772275039
1481,emi,3,0.00011054609772275039
1482,fee,3,0.00011054609772275039
1483,baroda,3,0.00011054609772275039
1484,maharashtra,3,0.00011054609772275039
1485,concession,3,0.00011054609772275039
1486,019,3,0.00011054609772275039
1487,absence,3,0.00011054609772275039
1488,underwriting,3,0.00011054609772275039
1489,distribution,3,0.00011054609772275039
1490,restricted,3,0.00011054609772275039
1491,population,3,0.00011054609772275039
1492,relying,3,0.00011054609772275039
1493,grown,3,0.00011054609772275039
1494,serves,3,0.00011054609772275039
1495,flow,3,0.00011054609772275039
1496,view,3,0.00011054609772275039
1497,signals,3,0.00011054609772275039
1498,allows,3,0.00011054609772275039
1499,light,3,0.00011054609772275039
1500,score,3,0.00011054609772275039
1501,information,3,0.00011054609772275039
1502,reports,3,0.00011054609772275039
1503,better,3,0.00011054609772275039
1504,trigger,3,0.00011054609772275039
1505,caution,3,0.00011054609772275039
1506,managed,3,0.00011054609772275039
1507,factor,3,0.00011054609772275039
1508,look,3,0.00011054609772275039
1509,refined,3,0.00011054609772275039
1510,calls,3,0.00011054609772275039
1511,depends,3,0.00011054609772275039
1512,ultimately,3,0.00011054609772275039
1513,engineers,3,0.00011054609772275039
1514,handle,3,0.00011054609772275039
1515,olam,3,0.00011054609772275039
1516,eight,3,0.00011054609772275039
1517,engagement,3,0.00011054609772275039
1518,unusual,3,0.00011054609772275039
1519,biggest,3,0.00011054609772275039
1520,solutions,3,0.00011054609772275039
1521,consultancy,3,0.00011054609772275039
1522,threat,3,0.00011054609772275039
1523,legacy,3,0.00011054609772275039
1524,contributing,3,0.00011054609772275039
1525,nasscom,3,0.00011054609772275039
1526,deployment,3,0.00011054609772275039
1527,cycles,3,0.00011054609772275039
1528,pilot,3,0.00011054609772275039
1529,clients,3,0.00011054609772275039
1530,advantage,3,0.00011054609772275039
1531,advisory,3,0.00011054609772275039
1532,seeing,3,0.00011054609772275039
1533,mahapatra,3,0.00011054609772275039
1534,client,3,0.00011054609772275039
1535,reflect,3,0.00011054609772275039
1536,prior,3,0.00011054609772275039
1537,incremental,3,0.00011054609772275039
1538,inclusion,3,0.00011054609772275039
1539,era,3,0.00011054609772275039
1540,playing,3,0.00011054609772275039
1541,run,3,0.00011054609772275039
1542,supplier,3,0.00011054609772275039
1543,proposals,3,0.00011054609772275039
1544,reality,3,0.00011054609772275039
1545,tend,3,0.00011054609772275039
1546,lead,3,0.00011054609772275039
1547,star,3,0.00011054609772275039
1548,wouldn,3,0.00011054609772275039
1549,interested,3,0.00011054609772275039
1550,round,3,0.00011054609772275039
1551,sure,3,0.00011054609772275039
1552,him,3,0.00011054609772275039
1553,definitely,3,0.00011054609772275039
1554,develop,3,0.00011054609772275039
1555,believe,3,0.00011054609772275039
1556,campuses,3,0.00011054609772275039
1557,great,3,0.00011054609772275039
1558,failed,3,0.00011054609772275039
1559,radhakrishnan,3,0.00011054609772275039
1560,entered,3,0.00011054609772275039
1561,cd,3,0.00011054609772275039
1562,issuance,3,0.00011054609772275039
1563,mf,3,0.00011054609772275039
1564,slowed,3,0.00011054609772275039
1565,prompting,3,0.00011054609772275039
1566,turned,3,0.00011054609772275039
1567,outstanding,3,0.00011054609772275039
1568,participation,3,0.00011054609772275039
1569,leader,3,0.00011054609772275039
1570,governance,3,0.00011054609772275039
1571,disciplined,3,0.00011054609772275039
1572,continuing,3,0.00011054609772275039
1573,identify,3,0.00011054609772275039
1574,bets,3,0.00011054609772275039
1575,bailout,3,0.00011054609772275039
1576,recoveries,3,0.00011054609772275039
1577,date,3,0.00011054609772275039
1578,proposal,3,0.00011054609772275039
1579,briefing,3,0.00011054609772275039
1580,situation,3,0.00011054609772275039
1581,pressures,3,0.00011054609772275039
1582,protect,3,0.00011054609772275039
1583,response,3,0.00011054609772275039
1584,peace,3,0.00011054609772275039
1585,nifty,3,0.00011054609772275039
1586,closing,3,0.00011054609772275039
1587,spot,3,0.00011054609772275039
1588,brent,3,0.00011054609772275039
1589,futures,3,0.00011054609772275039
1590,crossing,3,0.00011054609772275039
1591,barrel,3,0.00011054609772275039
1592,cautious,3,0.00011054609772275039
1593,pause,3,0.00011054609772275039
1594,immovable,3,0.00011054609772275039
1595,give,3,0.00011054609772275039
1596,sunday,3,0.00011054609772275039
1597,culture,3,0.00011054609772275039
1598,similarly,3,0.00011054609772275039
1599,jagriti,3,0.00011054609772275039
1600,chandra,3,0.00011054609772275039
1601,equal,3,0.00011054609772275039
1602,connectivity,3,0.00011054609772275039
1603,gms,3,0.00011054609772275039
1604,household,3,0.00011054609772275039
1605,dependence,3,0.00011054609772275039
1606,households,3,0.00011054609772275039
1607,suggested,3,0.00011054609772275039
1608,ashokamithran,3,0.00011054609772275039
1609,political,3,0.00011054609772275039
1610,contributed,3,0.00011054609772275039
1611,duration,3,0.00011054609772275039
1612,arrangements,3,0.00011054609772275039
1613,lalatendu,3,0.00011054609772275039
1614,rainfall,3,0.00011054609772275039
1615,report,3,0.00011054609772275039
1616,warned,3,0.00011054609772275039
1617,el,3,0.00011054609772275039
1618,nino,3,0.00011054609772275039
1619,outlook,3,0.00011054609772275039
1620,headline,3,0.00011054609772275039
1621,quarters,3,0.00011054609772275039
1622,mnre,3,0.00011054609772275039
1623,sarangi,3,0.00011054609772275039
1624,equipment,3,0.00011054609772275039
1625,speaking,3,0.00011054609772275039
1626,confederation,3,0.00011054609772275039
1627,mentioned,3,0.00011054609772275039
1628,imperative,3,0.00011054609772275039
1629,addressed,3,0.00011054609772275039
1630,rapid,3,0.00011054609772275039
1631,vulnerabilities,3,0.00011054609772275039
1632,resilience,3,0.00011054609772275039
1633,buffers,3,0.00011054609772275039
1634,financing,3,0.00011054609772275039
1635,feel,3,0.00011054609772275039
1636,confident,3,0.00011054609772275039
1637,airfares,3,0.00011054609772275039
1638,advantages,3,0.00011054609772275039
1639,chicago,3,0.00011054609772275039
1640,lift,3,0.00011054609772275039
1641,targeting,3,0.00011054609772275039
1642,surging,3,0.00011054609772275039
1643,travellers,3,0.00011054609772275039
1644,sufficient,3,0.00011054609772275039
1645,hurdles,3,0.00011054609772275039
1646,negative,3,0.00011054609772275039
1647,former,3,0.00011054609772275039
1648,carrier,3,0.00011054609772275039
1649,dollars,3,0.00011054609772275039
1650,games,3,0.00011054609772275039
1651,line,3,0.00011054609772275039
1652,maker,3,0.00011054609772275039
1653,component,3,0.00011054609772275039
1654,tariffs,3,0.00011054609772275039
1655,felt,3,0.00011054609772275039
1656,reflected,3,0.00011054609772275039
1657,ps5,3,0.00011054609772275039
1658,version,3,0.00011054609772275039
1659,hiked,3,0.00011054609772275039
1660,manufacturers,3,0.00011054609772275039
1661,sees,3,0.00011054609772275039
1662,strains,3,0.00011054609772275039
1663,allow,3,0.00011054609772275039
1664,agreed,3,0.00011054609772275039
1665,relief,3,0.00011054609772275039
1666,going,3,0.00011054609772275039
1667,door,3,0.00011054609772275039
1668,threshold,3,0.00011054609772275039
1669,payout,3,0.00011054609772275039
1670,brunt,3,0.00011054609772275039
1671,entire,3,0.00011054609772275039
1672,collaboration,3,0.00011054609772275039
1673,sometimes,3,0.00011054609772275039
1674,adani,3,0.00011054609772275039
1675,planned,3,0.00011054609772275039
1676,slower,3,0.00011054609772275039
1677,straight,3,0.00011054609772275039
1678,grows,3,0.00011054609772275039
1679,improved,3,0.00011054609772275039
1680,cepa,3,0.00011054609772275039
1681,bilateral,3,0.00011054609772275039
1682,sides,3,0.00011054609772275039
1683,substantial,3,0.00011054609772275039
1684,represent,3,0.00011054609772275039
1685,independent,3,0.00011054609772275039
1686,standards,3,0.00011054609772275039
1687,barriers,3,0.00011054609772275039
1688,pointed,3,0.00011054609772275039
1689,serve,3,0.00011054609772275039
1690,saptaparno,3,0.00011054609772275039
1691,machinery,3,0.00011054609772275039
1692,cargo,3,0.00011054609772275039
1693,uncertainty,3,0.00011054609772275039
1694,hitting,3,0.00011054609772275039
1695,incentives,3,0.00011054609772275039
1696,declared,3,0.00011054609772275039
1697,electricity,3,0.00011054609772275039
1698,improvement,3,0.00011054609772275039
1699,relations,3,0.00011054609772275039
1700,discussed,3,0.00011054609772275039
1701,benchmark,3,0.00011054609772275039
1702,wave,3,0.00011054609772275039
1703,exposure,3,0.00011054609772275039
1704,via,3,0.00011054609772275039
1705,enter,3,0.00011054609772275039
1706,traded,3,0.00011054609772275039
1707,fundamental,3,0.00011054609772275039
1708,drop,3,0.00011054609772275039
1709,rides,3,0.00011054609772275039
1710,requests,3,0.00011054609772275039
1711,freeway,3,0.00011054609772275039
1712,app,3,0.00011054609772275039
1713,uber,3,0.00011054609772275039
1714,showing,3,0.00011054609772275039
1715,july,3,0.00011054609772275039
1716,walk,3,0.00011054609772275039
1717,pushed,3,0.00011054609772275039
1718,seoul,3,0.00011054609772275039
1719,koreans,3,0.00011054609772275039
1720,kim,3,0.00011054609772275039
1721,silver,3,0.00011054609772275039
1722,shipments,3,0.00011054609772275039
1723,soaring,3,0.00011054609772275039
1724,dealers,3,0.00011054609772275039
1725,verified,3,0.00011054609772275039
1726,tank,3,0.00011054609772275039
1727,control,3,0.00011054609772275039
1728,allowed,3,0.00011054609772275039
1729,previously,3,0.00011054609772275039
1730,partner,3,0.00011054609772275039
1731,roads,3,0.00011054609772275039
1732,normal,3,0.00011054609772275039
1733,york,3,0.00011054609772275039
1734,numbers,3,0.00011054609772275039
1735,risen,3,0.00011054609772275039
1736,importers,3,0.00011054609772275039
1737,audi,3,0.00011054609772275039
1738,region,3,0.00011054609772275039
1739,items,3,0.00011054609772275039
1740,urea,3,0.00011054609772275039
1741,immediate,3,0.00011054609772275039
1742,lubricant,3,0.00011054609772275039
1743,anything,3,0.00011054609772275039
1744,increases,3,0.00011054609772275039
1745,fully,3,0.00011054609772275039
1746,resulting,3,0.00011054609772275039
1747,zurich,3,0.00011054609772275039
1748,rammed,3,0.00011054609772275039
1749,justice,3,0.00011054609772275039
1750,cause,3,0.00011054609772275039
1751,caused,3,0.00011054609772275039
1752,loose,3,0.00011054609772275039
1753,pump,3,0.00011054609772275039
1754,renewed,3,0.00011054609772275039
1755,commodity,3,0.00011054609772275039
1756,fy,3,0.00011054609772275039
1757,planning,3,0.00011054609772275039
1758,deterministic,3,0.00011054609772275039
1759,test,3,0.00011054609772275039
1760,wind,3,0.00011054609772275039
1761,needed,3,0.00011054609772275039
1762,periods,3,0.00011054609772275039
1763,thermal,3,0.00011054609772275039
1764,everyone,3,0.00011054609772275039
1765,citi,3,0.00011054609772275039
1766,weaker,3,0.00011054609772275039
1767,starmer,3,0.00011054609772275039
1768,british,3,0.00011054609772275039
1769,means,3,0.00011054609772275039
1770,possible,3,0.00011054609772275039
1771,gilt,3,0.00011054609772275039
1772,affect,3,0.00011054609772275039
1773,semis,3,0.00011054609772275039
1774,gain,3,0.00011054609772275039
1775,drawn,3,0.00011054609772275039
1776,acquired,3,0.00011054609772275039
1777,boviet,3,0.00011054609772275039
1778,proven,3,0.00011054609772275039
1779,antimicrobials,3,0.00011054609772275039
1780,actual,3,0.00011054609772275039
1781,unilateral,3,0.00011054609772275039
1782,extension,3,0.00011054609772275039
1783,sia,3,0.00011054609772275039
1784,pakistan,3,0.00011054609772275039
1785,siam,3,0.00011054609772275039
1786,efforts,3,0.00011054609772275039
1787,hong,3,0.00011054609772275039
1788,kong,3,0.00011054609772275039
1789,airports,3,0.00011054609772275039
1790,tour,3,0.00011054609772275039
1791,operators,3,0.00011054609772275039
1792,wars,3,0.00011054609772275039
1793,refineries,3,0.00011054609772275039
1794,17,2,7.369739848183359e-05
1795,33,2,7.369739848183359e-05
1796,38,2,7.369739848183359e-05
1797,43,2,7.369739848183359e-05
1798,47,2,7.369739848183359e-05
1799,57,2,7.369739848183359e-05
1800,58,2,7.369739848183359e-05
1801,59,2,7.369739848183359e-05
1802,67,2,7.369739848183359e-05
1803,73,2,7.369739848183359e-05
1804,74,2,7.369739848183359e-05
1805,83,2,7.369739848183359e-05
1806,86,2,7.369739848183359e-05
1807,87,2,7.369739848183359e-05
1808,89,2,7.369739848183359e-05
1809,90,2,7.369739848183359e-05
1810,92,2,7.369739848183359e-05
1811,102,2,7.369739848183359e-05
1812,115,2,7.369739848183359e-05
1813,122,2,7.369739848183359e-05
1814,125,2,7.369739848183359e-05
1815,126,2,7.369739848183359e-05
1816,134,2,7.369739848183359e-05
1817,137,2,7.369739848183359e-05
1818,149,2,7.369739848183359e-05
1819,196,2,7.369739848183359e-05
1820,222,2,7.369739848183359e-05
1821,247,2,7.369739848183359e-05
1822,268,2,7.369739848183359e-05
1823,283,2,7.369739848183359e-05
1824,319,2,7.369739848183359e-05
1825,340,2,7.369739848183359e-05
1826,379,2,7.369739848183359e-05
1827,400,2,7.369739848183359e-05
1828,428,2,7.369739848183359e-05
1829,440,2,7.369739848183359e-05
1830,525,2,7.369739848183359e-05
1831,587,2,7.369739848183359e-05
1832,685,2,7.369739848183359e-05
1833,697,2,7.369739848183359e-05
1834,772,2,7.369739848183359e-05
1835,793,2,7.369739848183359e-05
1836,797,2,7.369739848183359e-05
1837,869,2,7.369739848183359e-05
1838,980,2,7.369739848183359e-05
1839,1978,2,7.369739848183359e-05
1840,1992,2,7.369739848183359e-05
1841,2010,2,7.369739848183359e-05
1842,2012,2,7.369739848183359e-05
1843,2017,2,7.369739848183359e-05
1844,malhotra,2,7.369739848183359e-05
1845,correct,2,7.369739848183359e-05
1846,written,2,7.369739848183359e-05
1847,letter,2,7.369739848183359e-05
1848,governor,2,7.369739848183359e-05
1849,various,2,7.369739848183359e-05
1850,link,2,7.369739848183359e-05
1851,promotions,2,7.369739848183359e-05
1852,dated,2,7.369739848183359e-05
1853,expressed,2,7.369739848183359e-05
1854,revised,2,7.369739848183359e-05
1855,considering,2,7.369739848183359e-05
1856,constructive,2,7.369739848183359e-05
1857,repeatedly,2,7.369739848183359e-05
1858,placed,2,7.369739848183359e-05
1859,behalf,2,7.369739848183359e-05
1860,orders,2,7.369739848183359e-05
1861,liquor,2,7.369739848183359e-05
1862,ordered,2,7.369739848183359e-05
1863,investigation,2,7.369739848183359e-05
1864,promote,2,7.369739848183359e-05
1865,allegations,2,7.369739848183359e-05
1866,provided,2,7.369739848183359e-05
1867,comprised,2,7.369739848183359e-05
1868,noting,2,7.369739848183359e-05
1869,sellers,2,7.369739848183359e-05
1870,sessions,2,7.369739848183359e-05
1871,pulled,2,7.369739848183359e-05
1872,turning,2,7.369739848183359e-05
1873,buyers,2,7.369739848183359e-05
1874,followed,2,7.369739848183359e-05
1875,lowest,2,7.369739848183359e-05
1876,steadily,2,7.369739848183359e-05
1877,widening,2,7.369739848183359e-05
1878,holdings,2,7.369739848183359e-05
1879,allocations,2,7.369739848183359e-05
1880,clearly,2,7.369739848183359e-05
1881,indicates,2,7.369739848183359e-05
1882,allocation,2,7.369739848183359e-05
1883,visible,2,7.369739848183359e-05
1884,growers,2,7.369739848183359e-05
1885,seek,2,7.369739848183359e-05
1886,quo,2,7.369739848183359e-05
1887,southern,2,7.369739848183359e-05
1888,maintain,2,7.369739848183359e-05
1889,section,2,7.369739848183359e-05
1890,inputs,2,7.369739848183359e-05
1891,materials,2,7.369739848183359e-05
1892,provides,2,7.369739848183359e-05
1893,subdued,2,7.369739848183359e-05
1894,kumar,2,7.369739848183359e-05
1895,particular,2,7.369739848183359e-05
1896,venture,2,7.369739848183359e-05
1897,mini,2,7.369739848183359e-05
1898,involving,2,7.369739848183359e-05
1899,pivotal,2,7.369739848183359e-05
1900,founded,2,7.369739848183359e-05
1901,merger,2,7.369739848183359e-05
1902,generics,2,7.369739848183359e-05
1903,accelerate,2,7.369739848183359e-05
1904,offerings,2,7.369739848183359e-05
1905,diabetes,2,7.369739848183359e-05
1906,immunology,2,7.369739848183359e-05
1907,therapeutics,2,7.369739848183359e-05
1908,novel,2,7.369739848183359e-05
1909,drug,2,7.369739848183359e-05
1910,affordable,2,7.369739848183359e-05
1911,apart,2,7.369739848183359e-05
1912,vision,2,7.369739848183359e-05
1913,family,2,7.369739848183359e-05
1914,executive,2,7.369739848183359e-05
1915,daughter,2,7.369739848183359e-05
1916,ravi,2,7.369739848183359e-05
1917,stanford,2,7.369739848183359e-05
1918,university,2,7.369739848183359e-05
1919,certainly,2,7.369739848183359e-05
1920,implications,2,7.369739848183359e-05
1921,brewing,2,7.369739848183359e-05
1922,breweries,2,7.369739848183359e-05
1923,fermentation,2,7.369739848183359e-05
1924,career,2,7.369739848183359e-05
1925,completion,2,7.369739848183359e-05
1926,initial,2,7.369739848183359e-05
1927,90s,2,7.369739848183359e-05
1928,missed,2,7.369739848183359e-05
1929,entrepreneurial,2,7.369739848183359e-05
1930,lend,2,7.369739848183359e-05
1931,later,2,7.369739848183359e-05
1932,hard,2,7.369739848183359e-05
1933,thinking,2,7.369739848183359e-05
1934,struggle,2,7.369739848183359e-05
1935,evolved,2,7.369739848183359e-05
1936,phases,2,7.369739848183359e-05
1937,kharge,2,7.369739848183359e-05
1938,bio,2,7.369739848183359e-05
1939,achieve,2,7.369739848183359e-05
1940,codes,2,7.369739848183359e-05
1941,soundariya,2,7.369739848183359e-05
1942,preetha,2,7.369739848183359e-05
1943,tamil,2,7.369739848183359e-05
1944,nadu,2,7.369739848183359e-05
1945,sunil,2,7.369739848183359e-05
1946,plants,2,7.369739848183359e-05
1947,perundurai,2,7.369739848183359e-05
1948,vijayamangalam,2,7.369739848183359e-05
1949,fabric,2,7.369739848183359e-05
1950,couple,2,7.369739848183359e-05
1951,facility,2,7.369739848183359e-05
1952,offline,2,7.369739848183359e-05
1953,dozen,2,7.369739848183359e-05
1954,own,2,7.369739848183359e-05
1955,outsourced,2,7.369739848183359e-05
1956,reforms,2,7.369739848183359e-05
1957,fresh,2,7.369739848183359e-05
1958,expenditure,2,7.369739848183359e-05
1959,departments,2,7.369739848183359e-05
1960,bodies,2,7.369739848183359e-05
1961,aims,2,7.369739848183359e-05
1962,persistent,2,7.369739848183359e-05
1963,delayed,2,7.369739848183359e-05
1964,entities,2,7.369739848183359e-05
1965,tightening,2,7.369739848183359e-05
1966,blacklisting,2,7.369739848183359e-05
1967,defaulting,2,7.369739848183359e-05
1968,directions,2,7.369739848183359e-05
1969,instructed,2,7.369739848183359e-05
1970,monitor,2,7.369739848183359e-05
1971,drawing,2,7.369739848183359e-05
1972,disbursing,2,7.369739848183359e-05
1973,ddos,2,7.369739848183359e-05
1974,reiterated,2,7.369739848183359e-05
1975,disbursal,2,7.369739848183359e-05
1976,holiday,2,7.369739848183359e-05
1977,fortnightly,2,7.369739848183359e-05
1978,employees,2,7.369739848183359e-05
1979,transparency,2,7.369739848183359e-05
1980,employers,2,7.369739848183359e-05
1981,manpower,2,7.369739848183359e-05
1982,gem,2,7.369739848183359e-05
1983,tightened,2,7.369739848183359e-05
1984,cases,2,7.369739848183359e-05
1985,repeat,2,7.369739848183359e-05
1986,violations,2,7.369739848183359e-05
1987,wider,2,7.369739848183359e-05
1988,rule,2,7.369739848183359e-05
1989,integrity,2,7.369739848183359e-05
1990,marginally,2,7.369739848183359e-05
1991,affecting,2,7.369739848183359e-05
1992,mills,2,7.369739848183359e-05
1993,metric,2,7.369739848183359e-05
1994,authority,2,7.369739848183359e-05
1995,serving,2,7.369739848183359e-05
1996,journey,2,7.369739848183359e-05
1997,initiatives,2,7.369739848183359e-05
1998,improving,2,7.369739848183359e-05
1999,really,2,7.369739848183359e-05
2000,retirement,2,7.369739848183359e-05
2001,turns,2,7.369739848183359e-05
2002,linear,2,7.369739848183359e-05
2003,size,2,7.369739848183359e-05
2004,map,2,7.369739848183359e-05
2005,caught,2,7.369739848183359e-05
2006,candy,2,7.369739848183359e-05
2007,finding,2,7.369739848183359e-05
2008,melted,2,7.369739848183359e-05
2009,leaving,2,7.369739848183359e-05
2010,outset,2,7.369739848183359e-05
2011,taken,2,7.369739848183359e-05
2012,saving,2,7.369739848183359e-05
2013,office,2,7.369739848183359e-05
2014,went,2,7.369739848183359e-05
2015,fliers,2,7.369739848183359e-05
2016,hands,2,7.369739848183359e-05
2017,melts,2,7.369739848183359e-05
2018,faithfully,2,7.369739848183359e-05
2019,paying,2,7.369739848183359e-05
2020,something,2,7.369739848183359e-05
2021,epf,2,7.369739848183359e-05
2022,vpf,2,7.369739848183359e-05
2023,crucial,2,7.369739848183359e-05
2024,whom,2,7.369739848183359e-05
2025,exactly,2,7.369739848183359e-05
2026,reliable,2,7.369739848183359e-05
2027,clearance,2,7.369739848183359e-05
2028,yourself,2,7.369739848183359e-05
2029,question,2,7.369739848183359e-05
2030,prepared,2,7.369739848183359e-05
2031,sixth,2,7.369739848183359e-05
2032,gave,2,7.369739848183359e-05
2033,washington,2,7.369739848183359e-05
2034,nism,2,7.369739848183359e-05
2035,relating,2,7.369739848183359e-05
2036,consider,2,7.369739848183359e-05
2037,visibility,2,7.369739848183359e-05
2038,moderating,2,7.369739848183359e-05
2039,reinvestment,2,7.369739848183359e-05
2040,associated,2,7.369739848183359e-05
2041,default,2,7.369739848183359e-05
2042,perceived,2,7.369739848183359e-05
2043,place,2,7.369739848183359e-05
2044,comfortable,2,7.369739848183359e-05
2045,ones,2,7.369739848183359e-05
2046,invest,2,7.369739848183359e-05
2047,create,2,7.369739848183359e-05
2048,standalone,2,7.369739848183359e-05
2049,nevertheless,2,7.369739848183359e-05
2050,flat,2,7.369739848183359e-05
2051,kotak,2,7.369739848183359e-05
2052,min,2,7.369739848183359e-05
2053,canara,2,7.369739848183359e-05
2054,059,2,7.369739848183359e-05
2055,finserv,2,7.369739848183359e-05
2056,sind,2,7.369739848183359e-05
2057,uco,2,7.369739848183359e-05
2058,idfc,2,7.369739848183359e-05
2059,007,2,7.369739848183359e-05
2060,having,2,7.369739848183359e-05
2061,paisabazaar,2,7.369739848183359e-05
2062,elusive,2,7.369739848183359e-05
2063,collaterals,2,7.369739848183359e-05
2064,agarwal,2,7.369739848183359e-05
2065,segments,2,7.369739848183359e-05
2066,creditworthiness,2,7.369739848183359e-05
2067,aspects,2,7.369739848183359e-05
2068,accordingly,2,7.369739848183359e-05
2069,contrary,2,7.369739848183359e-05
2070,involved,2,7.369739848183359e-05
2071,instance,2,7.369739848183359e-05
2072,transaction,2,7.369739848183359e-05
2073,outflow,2,7.369739848183359e-05
2074,determine,2,7.369739848183359e-05
2075,assessed,2,7.369739848183359e-05
2076,usually,2,7.369739848183359e-05
2077,parameters,2,7.369739848183359e-05
2078,assessment,2,7.369739848183359e-05
2079,essential,2,7.369739848183359e-05
2080,history,2,7.369739848183359e-05
2081,consistent,2,7.369739848183359e-05
2082,easy,2,7.369739848183359e-05
2083,approval,2,7.369739848183359e-05
2084,preferred,2,7.369739848183359e-05
2085,closely,2,7.369739848183359e-05
2086,solely,2,7.369739848183359e-05
2087,align,2,7.369739848183359e-05
2088,classic,2,7.369739848183359e-05
2089,pyramid,2,7.369739848183359e-05
2090,junior,2,7.369739848183359e-05
2091,billed,2,7.369739848183359e-05
2092,hourly,2,7.369739848183359e-05
2093,repetitive,2,7.369739848183359e-05
2094,essentially,2,7.369739848183359e-05
2095,disrupted,2,7.369739848183359e-05
2096,outside,2,7.369739848183359e-05
2097,agri,2,7.369739848183359e-05
2098,headquartered,2,7.369739848183359e-05
2099,majority,2,7.369739848183359e-05
2100,exceeding,2,7.369739848183359e-05
2101,suppliers,2,7.369739848183359e-05
2102,industrial,2,7.369739848183359e-05
2103,farming,2,7.369739848183359e-05
2104,powered,2,7.369739848183359e-05
2105,suite,2,7.369739848183359e-05
2106,reshaping,2,7.369739848183359e-05
2107,dedicated,2,7.369739848183359e-05
2108,native,2,7.369739848183359e-05
2109,software,2,7.369739848183359e-05
2110,operate,2,7.369739848183359e-05
2111,dual,2,7.369739848183359e-05
2112,consistently,2,7.369739848183359e-05
2113,maintained,2,7.369739848183359e-05
2114,effectively,2,7.369739848183359e-05
2115,white,2,7.369739848183359e-05
2116,jobs,2,7.369739848183359e-05
2117,body,2,7.369739848183359e-05
2118,alone,2,7.369739848183359e-05
2119,hr,2,7.369739848183359e-05
2120,analytics,2,7.369739848183359e-05
2121,eager,2,7.369739848183359e-05
2122,fast,2,7.369739848183359e-05
2123,quickly,2,7.369739848183359e-05
2124,ip,2,7.369739848183359e-05
2125,consulting,2,7.369739848183359e-05
2126,outcomes,2,7.369739848183359e-05
2127,arora,2,7.369739848183359e-05
2128,depth,2,7.369739848183359e-05
2129,watch,2,7.369739848183359e-05
2130,separation,2,7.369739848183359e-05
2131,drives,2,7.369739848183359e-05
2132,tagged,2,7.369739848183359e-05
2133,automation,2,7.369739848183359e-05
2134,embedded,2,7.369739848183359e-05
2135,positioned,2,7.369739848183359e-05
2136,feature,2,7.369739848183359e-05
2137,curve,2,7.369739848183359e-05
2138,doing,2,7.369739848183359e-05
2139,defence,2,7.369739848183359e-05
2140,consolidation,2,7.369739848183359e-05
2141,responding,2,7.369739848183359e-05
2142,request,2,7.369739848183359e-05
2143,providers,2,7.369739848183359e-05
2144,promoting,2,7.369739848183359e-05
2145,kamal,2,7.369739848183359e-05
2146,karanth,2,7.369739848183359e-05
2147,vijay,2,7.369739848183359e-05
2148,aura,2,7.369739848183359e-05
2149,google,2,7.369739848183359e-05
2150,apple,2,7.369739848183359e-05
2151,amazon,2,7.369739848183359e-05
2152,organisations,2,7.369739848183359e-05
2153,recruiting,2,7.369739848183359e-05
2154,seat,2,7.369739848183359e-05
2155,wrong,2,7.369739848183359e-05
2156,tantrums,2,7.369739848183359e-05
2157,fortune,2,7.369739848183359e-05
2158,interviews,2,7.369739848183359e-05
2159,invited,2,7.369739848183359e-05
2160,deny,2,7.369739848183359e-05
2161,joined,2,7.369739848183359e-05
2162,microsoft,2,7.369739848183359e-05
2163,meta,2,7.369739848183359e-05
2164,marquee,2,7.369739848183359e-05
2165,hired,2,7.369739848183359e-05
2166,developed,2,7.369739848183359e-05
2167,understandable,2,7.369739848183359e-05
2168,huge,2,7.369739848183359e-05
2169,someone,2,7.369739848183359e-05
2170,interviewed,2,7.369739848183359e-05
2171,none,2,7.369739848183359e-05
2172,alphabet,2,7.369739848183359e-05
2173,iits,2,7.369739848183359e-05
2174,hearing,2,7.369739848183359e-05
2175,matter,2,7.369739848183359e-05
2176,biases,2,7.369739848183359e-05
2177,course,2,7.369739848183359e-05
2178,dynamics,2,7.369739848183359e-05
2179,rajeev,2,7.369739848183359e-05
2180,mansi,2,7.369739848183359e-05
2181,sajeja,2,7.369739848183359e-05
2182,namrata,2,7.369739848183359e-05
2183,mittal,2,7.369739848183359e-05
2184,cps,2,7.369739848183359e-05
2185,wide,2,7.369739848183359e-05
2186,cp,2,7.369739848183359e-05
2187,construction,2,7.369739848183359e-05
2188,moderated,2,7.369739848183359e-05
2189,softening,2,7.369739848183359e-05
2190,mismatches,2,7.369739848183359e-05
2191,instruments,2,7.369739848183359e-05
2192,pace,2,7.369739848183359e-05
2193,mechanisms,2,7.369739848183359e-05
2194,fired,2,7.369739848183359e-05
2195,fire,2,7.369739848183359e-05
2196,values,2,7.369739848183359e-05
2197,sharper,2,7.369739848183359e-05
2198,properties,2,7.369739848183359e-05
2199,agrovet,2,7.369739848183359e-05
2200,executives,2,7.369739848183359e-05
2201,sitapati,2,7.369739848183359e-05
2202,built,2,7.369739848183359e-05
2203,discipline,2,7.369739848183359e-05
2204,warehousing,2,7.369739848183359e-05
2205,booking,2,7.369739848183359e-05
2206,strategy,2,7.369739848183359e-05
2207,categories,2,7.369739848183359e-05
2208,build,2,7.369739848183359e-05
2209,liquid,2,7.369739848183359e-05
2210,grooming,2,7.369739848183359e-05
2211,accord,2,7.369739848183359e-05
2212,marketing,2,7.369739848183359e-05
2213,inter,2,7.369739848183359e-05
2214,difference,2,7.369739848183359e-05
2215,sale,2,7.369739848183359e-05
2216,induced,2,7.369739848183359e-05
2217,mounting,2,7.369739848183359e-05
2218,slip,2,7.369739848183359e-05
2219,advised,2,7.369739848183359e-05
2220,sensex,2,7.369739848183359e-05
2221,slid,2,7.369739848183359e-05
2222,leg,2,7.369739848183359e-05
2223,siddhartha,2,7.369739848183359e-05
2224,khemka,2,7.369739848183359e-05
2225,motilal,2,7.369739848183359e-05
2226,oswal,2,7.369739848183359e-05
2227,gifts,2,7.369739848183359e-05
2228,sent,2,7.369739848183359e-05
2229,contracted,2,7.369739848183359e-05
2230,weddings,2,7.369739848183359e-05
2231,locations,2,7.369739848183359e-05
2232,addressing,2,7.369739848183359e-05
2233,travelling,2,7.369739848183359e-05
2234,postpone,2,7.369739848183359e-05
2235,hand,2,7.369739848183359e-05
2236,context,2,7.369739848183359e-05
2237,jumped,2,7.369739848183359e-05
2238,inbound,2,7.369739848183359e-05
2239,trips,2,7.369739848183359e-05
2240,merely,2,7.369739848183359e-05
2241,avoid,2,7.369739848183359e-05
2242,appeal,2,7.369739848183359e-05
2243,hyderabad,2,7.369739848183359e-05
2244,emphasis,2,7.369739848183359e-05
2245,visa,2,7.369739848183359e-05
2246,jewellery,2,7.369739848183359e-05
2247,monetisation,2,7.369739848183359e-05
2248,transparent,2,7.369739848183359e-05
2249,rajesh,2,7.369739848183359e-05
2250,rokde,2,7.369739848183359e-05
2251,idle,2,7.369739848183359e-05
2252,vice,2,7.369739848183359e-05
2253,locked,2,7.369739848183359e-05
2254,tonne,2,7.369739848183359e-05
2255,purchased,2,7.369739848183359e-05
2256,systematic,2,7.369739848183359e-05
2257,cues,2,7.369739848183359e-05
2258,sip,2,7.369739848183359e-05
2259,jump,2,7.369739848183359e-05
2260,considered,2,7.369739848183359e-05
2261,follows,2,7.369739848183359e-05
2262,hybrid,2,7.369739848183359e-05
2263,adopted,2,7.369739848183359e-05
2264,ecosystems,2,7.369739848183359e-05
2265,freedom,2,7.369739848183359e-05
2266,automobiles,2,7.369739848183359e-05
2267,electricals,2,7.369739848183359e-05
2268,wheeler,2,7.369739848183359e-05
2269,stands,2,7.369739848183359e-05
2270,importantly,2,7.369739848183359e-05
2271,force,2,7.369739848183359e-05
2272,estimate,2,7.369739848183359e-05
2273,twin,2,7.369739848183359e-05
2274,deficient,2,7.369739848183359e-05
2275,falling,2,7.369739848183359e-05
2276,bringing,2,7.369739848183359e-05
2277,rural,2,7.369739848183359e-05
2278,activity,2,7.369739848183359e-05
2279,temperature,2,7.369739848183359e-05
2280,outlay,2,7.369739848183359e-05
2281,produced,2,7.369739848183359e-05
2282,evacuation,2,7.369739848183359e-05
2283,curtailment,2,7.369739848183359e-05
2284,battery,2,7.369739848183359e-05
2285,provide,2,7.369739848183359e-05
2286,expands,2,7.369739848183359e-05
2287,sustain,2,7.369739848183359e-05
2288,cyber,2,7.369739848183359e-05
2289,deepens,2,7.369739848183359e-05
2290,mobilisation,2,7.369739848183359e-05
2291,bharat,2,7.369739848183359e-05
2292,allegiant,2,7.369739848183359e-05
2293,lease,2,7.369739848183359e-05
2294,eroded,2,7.369739848183359e-05
2295,florida,2,7.369739848183359e-05
2296,ceased,2,7.369739848183359e-05
2297,hurting,2,7.369739848183359e-05
2298,delta,2,7.369739848183359e-05
2299,taxes,2,7.369739848183359e-05
2300,plunged,2,7.369739848183359e-05
2301,blue,2,7.369739848183359e-05
2302,unlikely,2,7.369739848183359e-05
2303,saying,2,7.369739848183359e-05
2304,eligible,2,7.369739848183359e-05
2305,andrew,2,7.369739848183359e-05
2306,fees,2,7.369739848183359e-05
2307,recoup,2,7.369739848183359e-05
2308,assuming,2,7.369739848183359e-05
2309,imply,2,7.369739848183359e-05
2310,tokyo,2,7.369739848183359e-05
2311,producers,2,7.369739848183359e-05
2312,micron,2,7.369739848183359e-05
2313,severe,2,7.369739848183359e-05
2314,absorbed,2,7.369739848183359e-05
2315,furukawa,2,7.369739848183359e-05
2316,japanese,2,7.369739848183359e-05
2317,device,2,7.369739848183359e-05
2318,lifecycle,2,7.369739848183359e-05
2319,toto,2,7.369739848183359e-05
2320,pipeline,2,7.369739848183359e-05
2321,disruption,2,7.369739848183359e-05
2322,chains,2,7.369739848183359e-05
2323,hardware,2,7.369739848183359e-05
2324,panel,2,7.369739848183359e-05
2325,monitoring,2,7.369739848183359e-05
2326,midsize,2,7.369739848183359e-05
2327,bracing,2,7.369739848183359e-05
2328,commitment,2,7.369739848183359e-05
2329,chance,2,7.369739848183359e-05
2330,weakness,2,7.369739848183359e-05
2331,authorities,2,7.369739848183359e-05
2332,servicing,2,7.369739848183359e-05
2333,measure,2,7.369739848183359e-05
2334,pays,2,7.369739848183359e-05
2335,automatically,2,7.369739848183359e-05
2336,cities,2,7.369739848183359e-05
2337,average,2,7.369739848183359e-05
2338,extreme,2,7.369739848183359e-05
2339,agriculture,2,7.369739848183359e-05
2340,bore,2,7.369739848183359e-05
2341,vulnerable,2,7.369739848183359e-05
2342,impacts,2,7.369739848183359e-05
2343,rain,2,7.369739848183359e-05
2344,northeastern,2,7.369739848183359e-05
2345,extend,2,7.369739848183359e-05
2346,individual,2,7.369739848183359e-05
2347,initiative,2,7.369739848183359e-05
2348,helping,2,7.369739848183359e-05
2349,housing,2,7.369739848183359e-05
2350,mht,2,7.369739848183359e-05
2351,digit,2,7.369739848183359e-05
2352,supported,2,7.369739848183359e-05
2353,discussions,2,7.369739848183359e-05
2354,hot,2,7.369739848183359e-05
2355,covered,2,7.369739848183359e-05
2356,recorded,2,7.369739848183359e-05
2357,marking,2,7.369739848183359e-05
2358,historic,2,7.369739848183359e-05
2359,registering,2,7.369739848183359e-05
2360,resource,2,7.369739848183359e-05
2361,track,2,7.369739848183359e-05
2362,probably,2,7.369739848183359e-05
2363,implemented,2,7.369739848183359e-05
2364,sizes,2,7.369739848183359e-05
2365,productive,2,7.369739848183359e-05
2366,enhancing,2,7.369739848183359e-05
2367,avenues,2,7.369739848183359e-05
2368,talks,2,7.369739848183359e-05
2369,trying,2,7.369739848183359e-05
2370,certain,2,7.369739848183359e-05
2371,encourage,2,7.369739848183359e-05
2372,maybe,2,7.369739848183359e-05
2373,cea,2,7.369739848183359e-05
2374,ftas,2,7.369739848183359e-05
2375,permit,2,7.369739848183359e-05
2376,anantha,2,7.369739848183359e-05
2377,advisor,2,7.369739848183359e-05
2378,ambassador,2,7.369739848183359e-05
2379,partnerships,2,7.369739848183359e-05
2380,diplomacy,2,7.369739848183359e-05
2381,seriously,2,7.369739848183359e-05
2382,brought,2,7.369739848183359e-05
2383,govt,2,7.369739848183359e-05
2384,dfs,2,7.369739848183359e-05
2385,unveiled,2,7.369739848183359e-05
2386,bmip,2,7.369739848183359e-05
2387,hull,2,7.369739848183359e-05
2388,indemnity,2,7.369739848183359e-05
2389,observed,2,7.369739848183359e-05
2390,exceed,2,7.369739848183359e-05
2391,handed,2,7.369739848183359e-05
2392,document,2,7.369739848183359e-05
2393,indices,2,7.369739848183359e-05
2394,lows,2,7.369739848183359e-05
2395,progress,2,7.369739848183359e-05
2396,de,2,7.369739848183359e-05
2397,escalation,2,7.369739848183359e-05
2398,exim,2,7.369739848183359e-05
2399,spread,2,7.369739848183359e-05
2400,pursue,2,7.369739848183359e-05
2401,accepted,2,7.369739848183359e-05
2402,ppas,2,7.369739848183359e-05
2403,joshi,2,7.369739848183359e-05
2404,broadly,2,7.369739848183359e-05
2405,encouraging,2,7.369739848183359e-05
2406,transmission,2,7.369739848183359e-05
2407,discoms,2,7.369739848183359e-05
2408,cross,2,7.369739848183359e-05
2409,continues,2,7.369739848183359e-05
2410,dr,2,7.369739848183359e-05
2411,reddy,2,7.369739848183359e-05
2412,generic,2,7.369739848183359e-05
2413,thorny,2,7.369739848183359e-05
2414,subjects,2,7.369739848183359e-05
2415,rare,2,7.369739848183359e-05
2416,earths,2,7.369739848183359e-05
2417,betting,2,7.369739848183359e-05
2418,shanghai,2,7.369739848183359e-05
2419,booming,2,7.369739848183359e-05
2420,nuclear,2,7.369739848183359e-05
2421,self,2,7.369739848183359e-05
2422,sufficiency,2,7.369739848183359e-05
2423,yang,2,7.369739848183359e-05
2424,mobile,2,7.369739848183359e-05
2425,southeast,2,7.369739848183359e-05
2426,fallout,2,7.369739848183359e-05
2427,rivalry,2,7.369739848183359e-05
2428,unleashed,2,7.369739848183359e-05
2429,guided,2,7.369739848183359e-05
2430,stabilising,2,7.369739848183359e-05
2431,cny,2,7.369739848183359e-05
2432,mainly,2,7.369739848183359e-05
2433,sized,2,7.369739848183359e-05
2434,mission,2,7.369739848183359e-05
2435,tested,2,7.369739848183359e-05
2436,beta,2,7.369739848183359e-05
2437,rider,2,7.369739848183359e-05
2438,05,2,7.369739848183359e-05
2439,works,2,7.369739848183359e-05
2440,hour,2,7.369739848183359e-05
2441,message,2,7.369739848183359e-05
2442,tied,2,7.369739848183359e-05
2443,extensive,2,7.369739848183359e-05
2444,predicted,2,7.369739848183359e-05
2445,austin,2,7.369739848183359e-05
2446,downtown,2,7.369739848183359e-05
2447,surface,2,7.369739848183359e-05
2448,inside,2,7.369739848183359e-05
2449,left,2,7.369739848183359e-05
2450,front,2,7.369739848183359e-05
2451,block,2,7.369739848183359e-05
2452,suburban,2,7.369739848183359e-05
2453,residents,2,7.369739848183359e-05
2454,ev,2,7.369739848183359e-05
2455,satellite,2,7.369739848183359e-05
2456,reviewed,2,7.369739848183359e-05
2457,flourishing,2,7.369739848183359e-05
2458,sanctioned,2,7.369739848183359e-05
2459,striking,2,7.369739848183359e-05
2460,everywhere,2,7.369739848183359e-05
2461,spaces,2,7.369739848183359e-05
2462,burgeoning,2,7.369739848183359e-05
2463,doesn,2,7.369739848183359e-05
2464,prohibited,2,7.369739848183359e-05
2465,tyres,2,7.369739848183359e-05
2466,mirrors,2,7.369739848183359e-05
2467,law,2,7.369739848183359e-05
2468,drivers,2,7.369739848183359e-05
2469,owning,2,7.369739848183359e-05
2470,automobile,2,7.369739848183359e-05
2471,peter,2,7.369739848183359e-05
2472,fellow,2,7.369739848183359e-05
2473,bring,2,7.369739848183359e-05
2474,channels,2,7.369739848183359e-05
2475,stations,2,7.369739848183359e-05
2476,enthusiasm,2,7.369739848183359e-05
2477,deepening,2,7.369739848183359e-05
2478,licence,2,7.369739848183359e-05
2479,indicating,2,7.369739848183359e-05
2480,pan,2,7.369739848183359e-05
2481,difficult,2,7.369739848183359e-05
2482,appear,2,7.369739848183359e-05
2483,digits,2,7.369739848183359e-05
2484,fuelled,2,7.369739848183359e-05
2485,informal,2,7.369739848183359e-05
2486,entry,2,7.369739848183359e-05
2487,lu,2,7.369739848183359e-05
2488,photos,2,7.369739848183359e-05
2489,automakers,2,7.369739848183359e-05
2490,changan,2,7.369739848183359e-05
2491,chery,2,7.369739848183359e-05
2492,geely,2,7.369739848183359e-05
2493,bmw,2,7.369739848183359e-05
2494,joung,2,7.369739848183359e-05
2495,gasoline,2,7.369739848183359e-05
2496,citing,2,7.369739848183359e-05
2497,german,2,7.369739848183359e-05
2498,refiner,2,7.369739848183359e-05
2499,comparable,2,7.369739848183359e-05
2500,bharti,2,7.369739848183359e-05
2501,airtel,2,7.369739848183359e-05
2502,quarterly,2,7.369739848183359e-05
2503,pursuit,2,7.369739848183359e-05
2504,syngas,2,7.369739848183359e-05
2505,produce,2,7.369739848183359e-05
2506,requirement,2,7.369739848183359e-05
2507,ammonia,2,7.369739848183359e-05
2508,exposed,2,7.369739848183359e-05
2509,accompanying,2,7.369739848183359e-05
2510,except,2,7.369739848183359e-05
2511,entity,2,7.369739848183359e-05
2512,identified,2,7.369739848183359e-05
2513,lankan,2,7.369739848183359e-05
2514,explore,2,7.369739848183359e-05
2515,priority,2,7.369739848183359e-05
2516,john,2,7.369739848183359e-05
2517,drugs,2,7.369739848183359e-05
2518,duties,2,7.369739848183359e-05
2519,review,2,7.369739848183359e-05
2520,commissioner,2,7.369739848183359e-05
2521,done,2,7.369739848183359e-05
2522,costing,2,7.369739848183359e-05
2523,nagendra,2,7.369739848183359e-05
2524,pai,2,7.369739848183359e-05
2525,mitul,2,7.369739848183359e-05
2526,targeted,2,7.369739848183359e-05
2527,tvs,2,7.369739848183359e-05
2528,motor,2,7.369739848183359e-05
2529,schedule,2,7.369739848183359e-05
2530,saarc,2,7.369739848183359e-05
2531,newark,2,7.369739848183359e-05
2532,suspended,2,7.369739848183359e-05
2533,manned,2,7.369739848183359e-05
2534,owner,2,7.369739848183359e-05
2535,grace,2,7.369739848183359e-05
2536,ocean,2,7.369739848183359e-05
2537,container,2,7.369739848183359e-05
2538,baltimore,2,7.369739848183359e-05
2539,chennai,2,7.369739848183359e-05
2540,interests,2,7.369739848183359e-05
2541,allegedly,2,7.369739848183359e-05
2542,electrical,2,7.369739848183359e-05
2543,attributed,2,7.369739848183359e-05
2544,wholly,2,7.369739848183359e-05
2545,allision,2,7.369739848183359e-05
2546,scott,2,7.369739848183359e-05
2547,metal,2,7.369739848183359e-05
2548,depletion,2,7.369739848183359e-05
2549,098,2,7.369739848183359e-05
2550,volumes,2,7.369739848183359e-05
2551,gst,2,7.369739848183359e-05
2552,delivered,2,7.369739848183359e-05
2553,dlf,2,7.369739848183359e-05
2554,ignored,2,7.369739848183359e-05
2555,reduces,2,7.369739848183359e-05
2556,recurring,2,7.369739848183359e-05
2557,toward,2,7.369739848183359e-05
2558,upfront,2,7.369739848183359e-05
2559,alexander,2,7.369739848183359e-05
2560,hogeveen,2,7.369739848183359e-05
2561,rutter,2,7.369739848183359e-05
2562,martand,2,7.369739848183359e-05
2563,shardul,2,7.369739848183359e-05
2564,released,2,7.369739848183359e-05
2565,optimization,2,7.369739848183359e-05
2566,dispatch,2,7.369739848183359e-05
2567,probabilistic,2,7.369739848183359e-05
2568,mix,2,7.369739848183359e-05
2569,indicative,2,7.369739848183359e-05
2570,overbuild,2,7.369739848183359e-05
2571,deployed,2,7.369739848183359e-05
2572,alternative,2,7.369739848183359e-05
2573,charged,2,7.369739848183359e-05
2574,example,2,7.369739848183359e-05
2575,deficits,2,7.369739848183359e-05
2576,tests,2,7.369739848183359e-05
2577,methodology,2,7.369739848183359e-05
2578,commissioned,2,7.369739848183359e-05
2579,play,2,7.369739848183359e-05
2580,targets,2,7.369739848183359e-05
2581,kevin,2,7.369739848183359e-05
2582,bias,2,7.369739848183359e-05
2583,calling,2,7.369739848183359e-05
2584,cool,2,7.369739848183359e-05
2585,removed,2,7.369739848183359e-05
2586,mufg,2,7.369739848183359e-05
2587,isn,2,7.369739848183359e-05
2588,unemployment,2,7.369739848183359e-05
2589,bad,2,7.369739848183359e-05
2590,historically,2,7.369739848183359e-05
2591,wrote,2,7.369739848183359e-05
2592,george,2,7.369739848183359e-05
2593,economics,2,7.369739848183359e-05
2594,ease,2,7.369739848183359e-05
2595,london,2,7.369739848183359e-05
2596,twentyfour,2,7.369739848183359e-05
2597,succeed,2,7.369739848183359e-05
2598,might,2,7.369739848183359e-05
2599,truss,2,7.369739848183359e-05
2600,heading,2,7.369739848183359e-05
2601,advance,2,7.369739848183359e-05
2602,adverse,2,7.369739848183359e-05
2603,germany,2,7.369739848183359e-05
2604,prepare,2,7.369739848183359e-05
2605,latest,2,7.369739848183359e-05
2606,morgan,2,7.369739848183359e-05
2607,optimistic,2,7.369739848183359e-05
2608,tuz,2,7.369739848183359e-05
2609,michael,2,7.369739848183359e-05
2610,reliant,2,7.369739848183359e-05
2611,flying,2,7.369739848183359e-05
2612,jlr,2,7.369739848183359e-05
2613,cell,2,7.369739848183359e-05
2614,llc,2,7.369739848183359e-05
2615,notably,2,7.369739848183359e-05
2616,hurt,2,7.369739848183359e-05
2617,freight,2,7.369739848183359e-05
2618,seafood,2,7.369739848183359e-05
2619,finfish,2,7.369739848183359e-05
2620,nor,2,7.369739848183359e-05
2621,producing,2,7.369739848183359e-05
2622,notification,2,7.369739848183359e-05
2623,banned,2,7.369739848183359e-05
2624,permitted,2,7.369739848183359e-05
2625,november,2,7.369739848183359e-05
2626,affairs,2,7.369739848183359e-05
2627,kpler,2,7.369739848183359e-05
2628,intake,2,7.369739848183359e-05
2629,moscow,2,7.369739848183359e-05
2630,refiners,2,7.369739848183359e-05
2631,blockades,2,7.369739848183359e-05
2632,charter,2,7.369739848183359e-05
2633,disproportionately,2,7.369739848183359e-05
2634,developing,2,7.369739848183359e-05
2635,waivers,2,7.369739848183359e-05
2636,ships,2,7.369739848183359e-05
2637,drags,2,7.369739848183359e-05
2638,sgd,2,7.369739848183359e-05
2639,marks,2,7.369739848183359e-05
2640,vistara,2,7.369739848183359e-05
2641,arising,2,7.369739848183359e-05
2642,pvs,2,7.369739848183359e-05
2643,changed,2,7.369739848183359e-05
2644,focussed,2,7.369739848183359e-05
2645,catching,2,7.369739848183359e-05
2646,automotives,2,7.369739848183359e-05
2647,decarbonisation,2,7.369739848183359e-05
2648,bit,2,7.369739848183359e-05
2649,curtailed,2,7.369739848183359e-05
2650,wary,2,7.369739848183359e-05
2651,connecting,2,7.369739848183359e-05
2652,capitalise,2,7.369739848183359e-05
2653,eastern,2,7.369739848183359e-05
2654,origin,2,7.369739848183359e-05
2655,american,2,7.369739848183359e-05
2656,stop,2,7.369739848183359e-05
2657,closures,2,7.369739848183359e-05
2658,forcing,2,7.369739848183359e-05
2659,swiss,2,7.369739848183359e-05
2660,amsterdam,2,7.369739848183359e-05
2661,klm,2,7.369739848183359e-05
2662,worst,2,7.369739848183359e-05
2663,attacks,2,7.369739848183359e-05
2664,disrupting,2,7.369739848183359e-05
2665,saudi,2,7.369739848183359e-05
2666,kuwait,2,7.369739848183359e-05
2667,al,2,7.369739848183359e-05
2668,calculations,2,7.369739848183359e-05
2669,agency,2,7.369739848183359e-05
2670,nigeria,2,7.369739848183359e-05
2671,prospects,2,7.369739848183359e-05
2672,sheets,2,7.369739848183359e-05
2673,gary,2,7.369739848183359e-05
2674,ng,2,7.369739848183359e-05
2675,aside,2,7.369739848183359e-05
2676,fears,2,7.369739848183359e-05
2677,reassure,2,7.369739848183359e-05
2678,spohr,2,7.369739848183359e-05
2679,airport,2,7.369739848183359e-05
2680,53,1,3.684869924091679e-05
2681,61,1,3.684869924091679e-05
2682,66,1,3.684869924091679e-05
2683,68,1,3.684869924091679e-05
2684,71,1,3.684869924091679e-05
2685,72,1,3.684869924091679e-05
2686,84,1,3.684869924091679e-05
2687,91,1,3.684869924091679e-05
2688,93,1,3.684869924091679e-05
2689,94,1,3.684869924091679e-05
2690,101,1,3.684869924091679e-05
2691,103,1,3.684869924091679e-05
2692,104,1,3.684869924091679e-05
2693,107,1,3.684869924091679e-05
2694,110,1,3.684869924091679e-05
2695,112,1,3.684869924091679e-05
2696,117,1,3.684869924091679e-05
2697,118,1,3.684869924091679e-05
2698,120,1,3.684869924091679e-05
2699,129,1,3.684869924091679e-05
2700,130,1,3.684869924091679e-05
2701,132,1,3.684869924091679e-05
2702,141,1,3.684869924091679e-05
2703,143,1,3.684869924091679e-05
2704,145,1,3.684869924091679e-05
2705,146,1,3.684869924091679e-05
2706,148,1,3.684869924091679e-05
2707,151,1,3.684869924091679e-05
2708,155,1,3.684869924091679e-05
2709,156,1,3.684869924091679e-05
2710,167,1,3.684869924091679e-05
2711,171,1,3.684869924091679e-05
2712,177,1,3.684869924091679e-05
2713,191,1,3.684869924091679e-05
2714,193,1,3.684869924091679e-05
2715,194,1,3.684869924091679e-05
2716,195,1,3.684869924091679e-05
2717,199,1,3.684869924091679e-05
2718,212,1,3.684869924091679e-05
2719,217,1,3.684869924091679e-05
2720,220,1,3.684869924091679e-05
2721,221,1,3.684869924091679e-05
2722,224,1,3.684869924091679e-05
2723,235,1,3.684869924091679e-05
2724,245,1,3.684869924091679e-05
2725,250,1,3.684869924091679e-05
2726,256,1,3.684869924091679e-05
2727,257,1,3.684869924091679e-05
2728,262,1,3.684869924091679e-05
2729,269,1,3.684869924091679e-05
2730,270,1,3.684869924091679e-05
2731,282,1,3.684869924091679e-05
2732,286,1,3.684869924091679e-05
2733,287,1,3.684869924091679e-05
2734,293,1,3.684869924091679e-05
2735,304,1,3.684869924091679e-05
2736,324,1,3.684869924091679e-05
2737,325,1,3.684869924091679e-05
2738,335,1,3.684869924091679e-05
2739,347,1,3.684869924091679e-05
2740,354,1,3.684869924091679e-05
2741,366,1,3.684869924091679e-05
2742,373,1,3.684869924091679e-05
2743,387,1,3.684869924091679e-05
2744,390,1,3.684869924091679e-05
2745,399,1,3.684869924091679e-05
2746,404,1,3.684869924091679e-05
2747,414,1,3.684869924091679e-05
2748,416,1,3.684869924091679e-05
2749,427,1,3.684869924091679e-05
2750,447,1,3.684869924091679e-05
2751,452,1,3.684869924091679e-05
2752,470,1,3.684869924091679e-05
2753,475,1,3.684869924091679e-05
2754,490,1,3.684869924091679e-05
2755,499,1,3.684869924091679e-05
2756,513,1,3.684869924091679e-05
2757,514,1,3.684869924091679e-05
2758,518,1,3.684869924091679e-05
2759,522,1,3.684869924091679e-05
2760,528,1,3.684869924091679e-05
2761,539,1,3.684869924091679e-05
2762,540,1,3.684869924091679e-05
2763,546,1,3.684869924091679e-05
2764,549,1,3.684869924091679e-05
2765,550,1,3.684869924091679e-05
2766,559,1,3.684869924091679e-05
2767,562,1,3.684869924091679e-05
2768,566,1,3.684869924091679e-05
2769,582,1,3.684869924091679e-05
2770,583,1,3.684869924091679e-05
2771,586,1,3.684869924091679e-05
2772,588,1,3.684869924091679e-05
2773,590,1,3.684869924091679e-05
2774,591,1,3.684869924091679e-05
2775,594,1,3.684869924091679e-05
2776,595,1,3.684869924091679e-05
2777,600,1,3.684869924091679e-05
2778,611,1,3.684869924091679e-05
2779,615,1,3.684869924091679e-05
2780,627,1,3.684869924091679e-05
2781,634,1,3.684869924091679e-05
2782,638,1,3.684869924091679e-05
2783,649,1,3.684869924091679e-05
2784,650,1,3.684869924091679e-05
2785,660,1,3.684869924091679e-05
2786,681,1,3.684869924091679e-05
2787,684,1,3.684869924091679e-05
2788,691,1,3.684869924091679e-05
2789,694,1,3.684869924091679e-05
2790,700,1,3.684869924091679e-05
2791,716,1,3.684869924091679e-05
2792,743,1,3.684869924091679e-05
2793,744,1,3.684869924091679e-05
2794,757,1,3.684869924091679e-05
2795,760,1,3.684869924091679e-05
2796,764,1,3.684869924091679e-05
2797,783,1,3.684869924091679e-05
2798,790,1,3.684869924091679e-05
2799,798,1,3.684869924091679e-05
2800,800,1,3.684869924091679e-05
2801,807,1,3.684869924091679e-05
2802,814,1,3.684869924091679e-05
2803,815,1,3.684869924091679e-05
2804,816,1,3.684869924091679e-05
2805,830,1,3.684869924091679e-05
2806,834,1,3.684869924091679e-05
2807,836,1,3.684869924091679e-05
2808,850,1,3.684869924091679e-05
2809,855,1,3.684869924091679e-05
2810,863,1,3.684869924091679e-05
2811,866,1,3.684869924091679e-05
2812,888,1,3.684869924091679e-05
2813,891,1,3.684869924091679e-05
2814,895,1,3.684869924091679e-05
2815,900,1,3.684869924091679e-05
2816,902,1,3.684869924091679e-05
2817,930,1,3.684869924091679e-05
2818,934,1,3.684869924091679e-05
2819,957,1,3.684869924091679e-05
2820,959,1,3.684869924091679e-05
2821,962,1,3.684869924091679e-05
2822,968,1,3.684869924091679e-05
2823,969,1,3.684869924091679e-05
2824,983,1,3.684869924091679e-05
2825,984,1,3.684869924091679e-05
2826,995,1,3.684869924091679e-05
2827,999,1,3.684869924091679e-05
2828,1926,1,3.684869924091679e-05
2829,1991,1,3.684869924091679e-05
2830,1999,1,3.684869924091679e-05
2831,2000,1,3.684869924091679e-05
2832,2008,1,3.684869924091679e-05
2833,2018,1,3.684869924091679e-05
2834,2029,1,3.684869924091679e-05
2835,2031,1,3.684869924091679e-05
2836,2040,1,3.684869924091679e-05
2837,2047,1,3.684869924091679e-05
2838,intervene,1,3.684869924091679e-05
2839,sanjay,1,3.684869924091679e-05
2840,intervention,1,3.684869924091679e-05
2841,restore,1,3.684869924091679e-05
2842,offices,1,3.684869924091679e-05
2843,headquarters,1,3.684869924091679e-05
2844,staged,1,3.684869924091679e-05
2845,protests,1,3.684869924091679e-05
2846,vacancy,1,3.684869924091679e-05
2847,replacing,1,3.684869924091679e-05
2848,rbioa,1,3.684869924091679e-05
2849,disappointment,1,3.684869924091679e-05
2850,anguish,1,3.684869924091679e-05
2851,proceed,1,3.684869924091679e-05
2852,adequately,1,3.684869924091679e-05
2853,objections,1,3.684869924091679e-05
2854,officer,1,3.684869924091679e-05
2855,community,1,3.684869924091679e-05
2856,probe,1,3.684869924091679e-05
2857,dealings,1,3.684869924091679e-05
2858,ricard,1,3.684869924091679e-05
2859,alleged,1,3.684869924091679e-05
2860,exclusive,1,3.684869924091679e-05
2861,expense,1,3.684869924091679e-05
2862,reviewing,1,3.684869924091679e-05
2863,chivas,1,3.684869924091679e-05
2864,regal,1,3.684869924091679e-05
2865,absolut,1,3.684869924091679e-05
2866,vodka,1,3.684869924091679e-05
2867,colluded,1,3.684869924091679e-05
2868,complaint,1,3.684869924091679e-05
2869,alleges,1,3.684869924091679e-05
2870,guarantees,1,3.684869924091679e-05
2871,bankers,1,3.684869924091679e-05
2872,shops,1,3.684869924091679e-05
2873,merit,1,3.684869924091679e-05
2874,dealing,1,3.684869924091679e-05
2875,distortion,1,3.684869924091679e-05
2876,competing,1,3.684869924091679e-05
2877,unequivocally,1,3.684869924091679e-05
2878,denies,1,3.684869924091679e-05
2879,wrongdoing,1,3.684869924091679e-05
2880,anupama,1,3.684869924091679e-05
2881,fallen,1,3.684869924091679e-05
2882,stakeholder,1,3.684869924091679e-05
2883,unfolding,1,3.684869924091679e-05
2884,nsdl,1,3.684869924091679e-05
2885,035,1,3.684869924091679e-05
2886,respite,1,3.684869924091679e-05
2887,02,1,3.684869924091679e-05
2888,resumed,1,3.684869924091679e-05
2889,03,1,3.684869924091679e-05
2890,steepest,1,3.684869924091679e-05
2891,tapered,1,3.684869924091679e-05
2892,narrowing,1,3.684869924091679e-05
2893,matched,1,3.684869924091679e-05
2894,jm,1,3.684869924091679e-05
2895,tracker,1,3.684869924091679e-05
2896,diis,1,3.684869924091679e-05
2897,overtaking,1,3.684869924091679e-05
2898,vijayakumar,1,3.684869924091679e-05
2899,geojit,1,3.684869924091679e-05
2900,arunagiri,1,3.684869924091679e-05
2901,trustline,1,3.684869924091679e-05
2902,fiis,1,3.684869924091679e-05
2903,perspective,1,3.684869924091679e-05
2904,underperformed,1,3.684869924091679e-05
2905,smid,1,3.684869924091679e-05
2906,underperformance,1,3.684869924091679e-05
2907,planters,1,3.684869924091679e-05
2908,upasi,1,3.684869924091679e-05
2909,sought,1,3.684869924091679e-05
2910,ajoy,1,3.684869924091679e-05
2911,thipaiah,1,3.684869924091679e-05
2912,plantation,1,3.684869924091679e-05
2913,sustains,1,3.684869924091679e-05
2914,hectares,1,3.684869924091679e-05
2915,cultivation,1,3.684869924091679e-05
2916,shown,1,3.684869924091679e-05
2917,upward,1,3.684869924091679e-05
2918,domestically,1,3.684869924091679e-05
2919,comparison,1,3.684869924091679e-05
2920,fertilisers,1,3.684869924091679e-05
2921,chemicals,1,3.684869924091679e-05
2922,skilled,1,3.684869924091679e-05
2923,considerably,1,3.684869924091679e-05
2924,asean,1,3.684869924091679e-05
2925,tejaswi,1,3.684869924091679e-05
2926,phased,1,3.684869924091679e-05
2927,naming,1,3.684869924091679e-05
2928,successor,1,3.684869924091679e-05
2929,generational,1,3.684869924091679e-05
2930,restructuring,1,3.684869924091679e-05
2931,integrating,1,3.684869924091679e-05
2932,unified,1,3.684869924091679e-05
2933,biopharma,1,3.684869924091679e-05
2934,simplify,1,3.684869924091679e-05
2935,streamline,1,3.684869924091679e-05
2936,consolidate,1,3.684869924091679e-05
2937,parent,1,3.684869924091679e-05
2938,immunotherapy,1,3.684869924091679e-05
2939,discovery,1,3.684869924091679e-05
2940,nanotechnology,1,3.684869924091679e-05
2941,precision,1,3.684869924091679e-05
2942,medicine,1,3.684869924091679e-05
2943,translational,1,3.684869924091679e-05
2944,precursor,1,3.684869924091679e-05
2945,appointed,1,3.684869924091679e-05
2946,shreehas,1,3.684869924091679e-05
2947,tambe,1,3.684869924091679e-05
2948,recalled,1,3.684869924091679e-05
2949,entrepreneur,1,3.684869924091679e-05
2950,preparing,1,3.684869924091679e-05
2951,roll,1,3.684869924091679e-05
2952,thirty,1,3.684869924091679e-05
2953,founding,1,3.684869924091679e-05
2954,bicara,1,3.684869924091679e-05
2955,nasdaq,1,3.684869924091679e-05
2956,incubated,1,3.684869924091679e-05
2957,brother,1,3.684869924091679e-05
2958,catherine,1,3.684869924091679e-05
2959,rosenberg,1,3.684869924091679e-05
2960,massachusetts,1,3.684869924091679e-05
2961,phd,1,3.684869924091679e-05
2962,biology,1,3.684869924091679e-05
2963,observers,1,3.684869924091679e-05
2964,invented,1,3.684869924091679e-05
2965,dominated,1,3.684869924091679e-05
2966,rasendra,1,3.684869924091679e-05
2967,brewmaster,1,3.684869924091679e-05
2968,science,1,3.684869924091679e-05
2969,strange,1,3.684869924091679e-05
2970,1970s,1,3.684869924091679e-05
2971,malting,1,3.684869924091679e-05
2972,courses,1,3.684869924091679e-05
2973,discover,1,3.684869924091679e-05
2974,woman,1,3.684869924091679e-05
2975,brewmasters,1,3.684869924091679e-05
2976,seed,1,3.684869924091679e-05
2977,evolving,1,3.684869924091679e-05
2978,ireland,1,3.684869924091679e-05
2979,biochemicals,1,3.684869924091679e-05
2980,stories,1,3.684869924091679e-05
2981,struggles,1,3.684869924091679e-05
2982,permissions,1,3.684869924091679e-05
2983,reluctant,1,3.684869924091679e-05
2984,entrepreneurs,1,3.684869924091679e-05
2985,successful,1,3.684869924091679e-05
2986,lobbying,1,3.684869924091679e-05
2987,receiving,1,3.684869924091679e-05
2988,kiadb,1,3.684869924091679e-05
2989,park,1,3.684869924091679e-05
2990,healthcare,1,3.684869924091679e-05
2991,center,1,3.684869924091679e-05
2992,convince,1,3.684869924091679e-05
2993,successive,1,3.684869924091679e-05
2994,governments,1,3.684869924091679e-05
2995,unique,1,3.684869924091679e-05
2996,player,1,3.684869924091679e-05
2997,enzymes,1,3.684869924091679e-05
2998,1980s,1,3.684869924091679e-05
2999,biopharmaceuticals,1,3.684869924091679e-05
3000,statins,1,3.684869924091679e-05
3001,2000s,1,3.684869924091679e-05
3002,commercially,1,3.684869924091679e-05
3003,indeed,1,3.684869924091679e-05
3004,outspoken,1,3.684869924091679e-05
3005,relentless,1,3.684869924091679e-05
3006,advocacy,1,3.684869924091679e-05
3007,bt,1,3.684869924091679e-05
3008,priyank,1,3.684869924091679e-05
3009,valued,1,3.684869924091679e-05
3010,contributes,1,3.684869924091679e-05
3011,gsdp,1,3.684869924091679e-05
3012,ambitious,1,3.684869924091679e-05
3013,compounded,1,3.684869924091679e-05
3014,incurred,1,3.684869924091679e-05
3015,activewear,1,3.684869924091679e-05
3016,tiruppur,1,3.684869924091679e-05
3017,erode,1,3.684869924091679e-05
3018,districts,1,3.684869924091679e-05
3019,jhunjhunwala,1,3.684869924091679e-05
3020,a91,1,3.684869924091679e-05
3021,intensive,1,3.684869924091679e-05
3022,manufactures,1,3.684869924091679e-05
3023,clocked,1,3.684869924091679e-05
3024,topline,1,3.684869924091679e-05
3025,polyester,1,3.684869924091679e-05
3026,filment,1,3.684869924091679e-05
3027,yarn,1,3.684869924091679e-05
3028,knitting,1,3.684869924091679e-05
3029,garment,1,3.684869924091679e-05
3030,mou,1,3.684869924091679e-05
3031,workforce,1,3.684869924091679e-05
3032,starting,1,3.684869924091679e-05
3033,garmenting,1,3.684869924091679e-05
3034,retailing,1,3.684869924091679e-05
3035,wants,1,3.684869924091679e-05
3036,initially,1,3.684869924091679e-05
3037,employing,1,3.684869924091679e-05
3038,stores,1,3.684869924091679e-05
3039,puspen,1,3.684869924091679e-05
3040,maity,1,3.684869924091679e-05
3041,tightens,1,3.684869924091679e-05
3042,dalip,1,3.684869924091679e-05
3043,protections,1,3.684869924091679e-05
3044,contractual,1,3.684869924091679e-05
3045,mandatory,1,3.684869924091679e-05
3046,instructions,1,3.684869924091679e-05
3047,autonomous,1,3.684869924091679e-05
3048,cpses,1,3.684869924091679e-05
3049,complaints,1,3.684869924091679e-05
3050,provident,1,3.684869924091679e-05
3051,dues,1,3.684869924091679e-05
3052,engaged,1,3.684869924091679e-05
3053,operationalises,1,3.684869924091679e-05
3054,worker,1,3.684869924091679e-05
3055,safeguards,1,3.684869924091679e-05
3056,enforcement,1,3.684869924091679e-05
3057,penalties,1,3.684869924091679e-05
3058,division,1,3.684869924091679e-05
3059,strictly,1,3.684869924091679e-05
3060,verify,1,3.684869924091679e-05
3061,occupational,1,3.684869924091679e-05
3062,employer,1,3.684869924091679e-05
3063,responsible,1,3.684869924091679e-05
3064,invoke,1,3.684869924091679e-05
3065,prescribing,1,3.684869924091679e-05
3066,strict,1,3.684869924091679e-05
3067,earners,1,3.684869924091679e-05
3068,fortnight,1,3.684869924091679e-05
3069,succeeding,1,3.684869924091679e-05
3070,transfer,1,3.684869924091679e-05
3071,mode,1,3.684869924091679e-05
3072,electronically,1,3.684869924091679e-05
3073,notify,1,3.684869924091679e-05
3074,salaries,1,3.684869924091679e-05
3075,directed,1,3.684869924091679e-05
3076,incorporate,1,3.684869924091679e-05
3077,penalty,1,3.684869924091679e-05
3078,clauses,1,3.684869924091679e-05
3079,adequate,1,3.684869924091679e-05
3080,awarding,1,3.684869924091679e-05
3081,marketplace,1,3.684869924091679e-05
3082,earmark,1,3.684869924091679e-05
3083,specifically,1,3.684869924091679e-05
3084,reimbursement,1,3.684869924091679e-05
3085,submit,1,3.684869924091679e-05
3086,10th,1,3.684869924091679e-05
3087,15th,1,3.684869924091679e-05
3088,empowered,1,3.684869924091679e-05
3089,contract,1,3.684869924091679e-05
3090,delay,1,3.684869924091679e-05
3091,amended,1,3.684869924091679e-05
3092,gfr,1,3.684869924091679e-05
3093,grounds,1,3.684869924091679e-05
3094,bidding,1,3.684869924091679e-05
3095,exclusion,1,3.684869924091679e-05
3096,corruption,1,3.684869924091679e-05
3097,failure,1,3.684869924091679e-05
3098,corp,1,3.684869924091679e-05
3099,mp,1,3.684869924091679e-05
3100,owing,1,3.684869924091679e-05
3101,jute,1,3.684869924091679e-05
3102,06,1,3.684869924091679e-05
3103,realisations,1,3.684869924091679e-05
3104,ashok,1,3.684869924091679e-05
3105,assumed,1,3.684869924091679e-05
3106,steel,1,3.684869924091679e-05
3107,succeeds,1,3.684869924091679e-05
3108,amarendu,1,3.684869924091679e-05
3109,prakash,1,3.684869924091679e-05
3110,trainee,1,3.684869924091679e-05
3111,spearheaded,1,3.684869924091679e-05
3112,efficiency,1,3.684869924091679e-05
3113,await,1,3.684869924091679e-05
3114,plandoes,1,3.684869924091679e-05
3115,vaishali,1,3.684869924091679e-05
3116,venkat,1,3.684869924091679e-05
3117,labyrinth,1,3.684869924091679e-05
3118,brimming,1,3.684869924091679e-05
3119,twists,1,3.684869924091679e-05
3120,pattern,1,3.684869924091679e-05
3121,fits,1,3.684869924091679e-05
3122,unfolds,1,3.684869924091679e-05
3123,stars,1,3.684869924091679e-05
3124,scattered,1,3.684869924091679e-05
3125,sky,1,3.684869924091679e-05
3126,maze,1,3.684869924091679e-05
3127,unfold,1,3.684869924091679e-05
3128,savoured,1,3.684869924091679e-05
3129,lips,1,3.684869924091679e-05
3130,godot,1,3.684869924091679e-05
3131,destinies,1,3.684869924091679e-05
3132,knowing,1,3.684869924091679e-05
3133,path,1,3.684869924091679e-05
3134,upon,1,3.684869924091679e-05
3135,ado,1,3.684869924091679e-05
3136,mysterious,1,3.684869924091679e-05
3137,shocking,1,3.684869924091679e-05
3138,dreamer,1,3.684869924091679e-05
3139,likewise,1,3.684869924091679e-05
3140,forms,1,3.684869924091679e-05
3141,unwrap,1,3.684869924091679e-05
3142,destiny,1,3.684869924091679e-05
3143,eternal,1,3.684869924091679e-05
3144,ordinary,1,3.684869924091679e-05
3145,entrusted,1,3.684869924091679e-05
3146,earned,1,3.684869924091679e-05
3147,ponzi,1,3.684869924091679e-05
3148,fraudulent,1,3.684869924091679e-05
3149,chit,1,3.684869924091679e-05
3150,saved,1,3.684869924091679e-05
3151,greedy,1,3.684869924091679e-05
3152,reckless,1,3.684869924091679e-05
3153,believed,1,3.684869924091679e-05
3154,word,1,3.684869924091679e-05
3155,children,1,3.684869924091679e-05
3156,daughters,1,3.684869924091679e-05
3157,marriage,1,3.684869924091679e-05
3158,dignified,1,3.684869924091679e-05
3159,age,1,3.684869924091679e-05
3160,morning,1,3.684869924091679e-05
3161,shutters,1,3.684869924091679e-05
3162,phone,1,3.684869924091679e-05
3163,unanswered,1,3.684869924091679e-05
3164,absconded,1,3.684869924091679e-05
3165,collapsed,1,3.684869924091679e-05
3166,disappeared,1,3.684869924091679e-05
3167,dark,1,3.684869924091679e-05
3168,marshmallows,1,3.684869924091679e-05
3169,vanished,1,3.684869924091679e-05
3170,snatched,1,3.684869924091679e-05
3171,toiling,1,3.684869924091679e-05
3172,promptly,1,3.684869924091679e-05
3173,premiums,1,3.684869924091679e-05
3174,gobbled,1,3.684869924091679e-05
3175,peanut,1,3.684869924091679e-05
3176,fruitful,1,3.684869924091679e-05
3177,tears,1,3.684869924091679e-05
3178,patiently,1,3.684869924091679e-05
3179,stayed,1,3.684869924091679e-05
3180,crashes,1,3.684869924091679e-05
3181,grab,1,3.684869924091679e-05
3182,ignore,1,3.684869924091679e-05
3183,awareness,1,3.684869924091679e-05
3184,honeyed,1,3.684869924091679e-05
3185,promises,1,3.684869924091679e-05
3186,corpus,1,3.684869924091679e-05
3187,honest,1,3.684869924091679e-05
3188,fruits,1,3.684869924091679e-05
3189,ruin,1,3.684869924091679e-05
3190,muster,1,3.684869924091679e-05
3191,courage,1,3.684869924091679e-05
3192,backups,1,3.684869924091679e-05
3193,accept,1,3.684869924091679e-05
3194,sour,1,3.684869924091679e-05
3195,taste,1,3.684869924091679e-05
3196,arrives,1,3.684869924091679e-05
3197,emergency,1,3.684869924091679e-05
3198,creation,1,3.684869924091679e-05
3199,sweet,1,3.684869924091679e-05
3200,gaza,1,3.684869924091679e-05
3201,hunger,1,3.684869924091679e-05
3202,bothered,1,3.684869924091679e-05
3203,abundance,1,3.684869924091679e-05
3204,unnecessary,1,3.684869924091679e-05
3205,alas,1,3.684869924091679e-05
3206,nobody,1,3.684869924091679e-05
3207,blessed,1,3.684869924091679e-05
3208,crisil,1,3.684869924091679e-05
3209,store,1,3.684869924091679e-05
3210,pros,1,3.684869924091679e-05
3211,cons,1,3.684869924091679e-05
3212,venkatesh,1,3.684869924091679e-05
3213,bangaruswamy,1,3.684869924091679e-05
3214,diversifying,1,3.684869924091679e-05
3215,cashflows,1,3.684869924091679e-05
3216,reinvest,1,3.684869924091679e-05
3217,taxed,1,3.684869924091679e-05
3218,marginal,1,3.684869924091679e-05
3219,choose,1,3.684869924091679e-05
3220,designated,1,3.684869924091679e-05
3221,systematically,1,3.684869924091679e-05
3222,less,1,3.684869924091679e-05
3223,guaranteed,1,3.684869924091679e-05
3224,referred,1,3.684869924091679e-05
3225,spreading,1,3.684869924091679e-05
3226,cumbersome,1,3.684869924091679e-05
3227,true,1,3.684869924091679e-05
3228,optimal,1,3.684869924091679e-05
3229,unavailable,1,3.684869924091679e-05
3230,author,1,3.684869924091679e-05
3231,training,1,3.684869924091679e-05
3232,thinkinvestor,1,3.684869924091679e-05
3233,axis,1,3.684869924091679e-05
3234,mahindra,1,3.684869924091679e-05
3235,071,1,3.684869924091679e-05
3236,064,1,3.684869924091679e-05
3237,034,1,3.684869924091679e-05
3238,indusind,1,3.684869924091679e-05
3239,instant,1,3.684869924091679e-05
3240,opting,1,3.684869924091679e-05
3241,idbi,1,3.684869924091679e-05
3242,078,1,3.684869924091679e-05
3243,031,1,3.684869924091679e-05
3244,nil,1,3.684869924091679e-05
3245,01,1,3.684869924091679e-05
3246,psb,1,3.684869924091679e-05
3247,apna,1,3.684869924091679e-05
3248,vahan,1,3.684869924091679e-05
3249,sugam,1,3.684869924091679e-05
3250,com,1,3.684869924091679e-05
3251,catalysts,1,3.684869924091679e-05
3252,maturing,1,3.684869924091679e-05
3253,bureaus,1,3.684869924091679e-05
3254,digitalisation,1,3.684869924091679e-05
3255,structured,1,3.684869924091679e-05
3256,paving,1,3.684869924091679e-05
3257,sections,1,3.684869924091679e-05
3258,property,1,3.684869924091679e-05
3259,options,1,3.684869924091679e-05
3260,exponentially,1,3.684869924091679e-05
3261,nuances,1,3.684869924091679e-05
3262,fundamentals,1,3.684869924091679e-05
3263,delinquency,1,3.684869924091679e-05
3264,pledging,1,3.684869924091679e-05
3265,parties,1,3.684869924091679e-05
3266,safeguard,1,3.684869924091679e-05
3267,enables,1,3.684869924091679e-05
3268,relaxed,1,3.684869924091679e-05
3269,amounts,1,3.684869924091679e-05
3270,vetted,1,3.684869924091679e-05
3271,thoroughly,1,3.684869924091679e-05
3272,ecosystem,1,3.684869924091679e-05
3273,overdraft,1,3.684869924091679e-05
3274,durable,1,3.684869924091679e-05
3275,examples,1,3.684869924091679e-05
3276,inflow,1,3.684869924091679e-05
3277,determines,1,3.684869924091679e-05
3278,whereas,1,3.684869924091679e-05
3279,lens,1,3.684869924091679e-05
3280,analyse,1,3.684869924091679e-05
3281,likelihood,1,3.684869924091679e-05
3282,easier,1,3.684869924091679e-05
3283,showcases,1,3.684869924091679e-05
3284,equips,1,3.684869924091679e-05
3285,utilisation,1,3.684869924091679e-05
3286,obligations,1,3.684869924091679e-05
3287,repayments,1,3.684869924091679e-05
3288,receive,1,3.684869924091679e-05
3289,irregular,1,3.684869924091679e-05
3290,stricter,1,3.684869924091679e-05
3291,cibil,1,3.684869924091679e-05
3292,approving,1,3.684869924091679e-05
3293,translates,1,3.684869924091679e-05
3294,favourable,1,3.684869924091679e-05
3295,informed,1,3.684869924091679e-05
3296,consequently,1,3.684869924091679e-05
3297,additionally,1,3.684869924091679e-05
3298,majors,1,3.684869924091679e-05
3299,decoding,1,3.684869924091679e-05
3300,sanjana,1,3.684869924091679e-05
3301,venkatesha,1,3.684869924091679e-05
3302,babu,1,3.684869924091679e-05
3303,rarefied,1,3.684869924091679e-05
3304,heard,1,3.684869924091679e-05
3305,temasek,1,3.684869924091679e-05
3306,behemoth,1,3.684869924091679e-05
3307,includes,1,3.684869924091679e-05
3308,origination,1,3.684869924091679e-05
3309,plus,1,3.684869924091679e-05
3310,farm,1,3.684869924091679e-05
3311,fork,1,3.684869924091679e-05
3312,forecasting,1,3.684869924091679e-05
3313,faces,1,3.684869924091679e-05
3314,changing,1,3.684869924091679e-05
3315,talent,1,3.684869924091679e-05
3316,teams,1,3.684869924091679e-05
3317,compete,1,3.684869924091679e-05
3318,venu,1,3.684869924091679e-05
3319,lambu,1,3.684869924091679e-05
3320,larsen,1,3.684869924091679e-05
3321,toubro,1,3.684869924091679e-05
3322,infotech,1,3.684869924091679e-05
3323,fundamentally,1,3.684869924091679e-05
3324,conference,1,3.684869924091679e-05
3325,srini,1,3.684869924091679e-05
3326,pallia,1,3.684869924091679e-05
3327,highlighted,1,3.684869924091679e-05
3328,pivot,1,3.684869924091679e-05
3329,distinct,1,3.684869924091679e-05
3330,grade,1,3.684869924091679e-05
3331,agentic,1,3.684869924091679e-05
3332,engine,1,3.684869924091679e-05
3333,differentiate,1,3.684869924091679e-05
3334,enable,1,3.684869924091679e-05
3335,repeatable,1,3.684869924091679e-05
3336,deployments,1,3.684869924091679e-05
3337,unlock,1,3.684869924091679e-05
3338,tcs,1,3.684869924091679e-05
3339,krithivasan,1,3.684869924091679e-05
3340,commentary,1,3.684869924091679e-05
3341,exist,1,3.684869924091679e-05
3342,implement,1,3.684869924091679e-05
3343,safely,1,3.684869924091679e-05
3344,complex,1,3.684869924091679e-05
3345,spectacular,1,3.684869924091679e-05
3346,success,1,3.684869924091679e-05
3347,liberalisation,1,3.684869924091679e-05
3348,collar,1,3.684869924091679e-05
3349,cumulatively,1,3.684869924091679e-05
3350,buzzword,1,3.684869924091679e-05
3351,halved,1,3.684869924091679e-05
3352,tasks,1,3.684869924091679e-05
3353,documentation,1,3.684869924091679e-05
3354,migration,1,3.684869924091679e-05
3355,application,1,3.684869924091679e-05
3356,automated,1,3.684869924091679e-05
3357,sap,1,3.684869924091679e-05
3358,erp,1,3.684869924091679e-05
3359,modules,1,3.684869924091679e-05
3360,execute,1,3.684869924091679e-05
3361,rolled,1,3.684869924091679e-05
3362,vp,1,3.684869924091679e-05
3363,gartner,1,3.684869924091679e-05
3364,notes,1,3.684869924091679e-05
3365,genai,1,3.684869924091679e-05
3366,compressed,1,3.684869924091679e-05
3367,fail,1,3.684869924091679e-05
3368,capture,1,3.684869924091679e-05
3369,budgets,1,3.684869924091679e-05
3370,bypass,1,3.684869924091679e-05
3371,lengthy,1,3.684869924091679e-05
3372,brings,1,3.684869924091679e-05
3373,approvals,1,3.684869924091679e-05
3374,scrutiny,1,3.684869924091679e-05
3375,cfos,1,3.684869924091679e-05
3376,ceos,1,3.684869924091679e-05
3377,meant,1,3.684869924091679e-05
3378,broken,1,3.684869924091679e-05
3379,equation,1,3.684869924091679e-05
3380,expecting,1,3.684869924091679e-05
3381,fewer,1,3.684869924091679e-05
3382,mere,1,3.684869924091679e-05
3383,takers,1,3.684869924091679e-05
3384,hitherto,1,3.684869924091679e-05
3385,dependent,1,3.684869924091679e-05
3386,proprietary,1,3.684869924091679e-05
3387,leaning,1,3.684869924091679e-05
3388,orchestration,1,3.684869924091679e-05
3389,domain,1,3.684869924091679e-05
3390,pilots,1,3.684869924091679e-05
3391,reusable,1,3.684869924091679e-05
3392,agents,1,3.684869924091679e-05
3393,stacks,1,3.684869924091679e-05
3394,rapidly,1,3.684869924091679e-05
3395,reworking,1,3.684869924091679e-05
3396,strategies,1,3.684869924091679e-05
3397,arbitrage,1,3.684869924091679e-05
3398,counterparts,1,3.684869924091679e-05
3399,centric,1,3.684869924091679e-05
3400,acquisition,1,3.684869924091679e-05
3401,emphasising,1,3.684869924091679e-05
3402,scalable,1,3.684869924091679e-05
3403,measurable,1,3.684869924091679e-05
3404,jimit,1,3.684869924091679e-05
3405,everest,1,3.684869924091679e-05
3406,observes,1,3.684869924091679e-05
3407,reinvention,1,3.684869924091679e-05
3408,capability,1,3.684869924091679e-05
3409,peers,1,3.684869924091679e-05
3410,accenture,1,3.684869924091679e-05
3411,shaped,1,3.684869924091679e-05
3412,trajectory,1,3.684869924091679e-05
3413,tier,1,3.684869924091679e-05
3414,1s,1,3.684869924091679e-05
3415,happen,1,3.684869924091679e-05
3416,permits,1,3.684869924091679e-05
3417,vs,1,3.684869924091679e-05
3418,biswajeet,1,3.684869924091679e-05
3419,forrester,1,3.684869924091679e-05
3420,extensions,1,3.684869924091679e-05
3421,practices,1,3.684869924091679e-05
3422,pockets,1,3.684869924091679e-05
3423,genuine,1,3.684869924091679e-05
3424,bundling,1,3.684869924091679e-05
3425,positioning,1,3.684869924091679e-05
3426,components,1,3.684869924091679e-05
3427,minority,1,3.684869924091679e-05
3428,active,1,3.684869924091679e-05
3429,pipelines,1,3.684869924091679e-05
3430,driver,1,3.684869924091679e-05
3431,portion,1,3.684869924091679e-05
3432,enhancement,1,3.684869924091679e-05
3433,modernisation,1,3.684869924091679e-05
3434,adds,1,3.684869924091679e-05
3435,contributor,1,3.684869924091679e-05
3436,transitions,1,3.684869924091679e-05
3437,acceleration,1,3.684869924091679e-05
3438,winner,1,3.684869924091679e-05
3439,outsourcing,1,3.684869924091679e-05
3440,offshoring,1,3.684869924091679e-05
3441,exact,1,3.684869924091679e-05
3442,winning,1,3.684869924091679e-05
3443,intelligently,1,3.684869924091679e-05
3444,offence,1,3.684869924091679e-05
3445,vendor,1,3.684869924091679e-05
3446,count,1,3.684869924091679e-05
3447,concentrating,1,3.684869924091679e-05
3448,plays,1,3.684869924091679e-05
3449,shaping,1,3.684869924091679e-05
3450,evolution,1,3.684869924091679e-05
3451,rfps,1,3.684869924091679e-05
3452,race,1,3.684869924091679e-05
3453,captured,1,3.684869924091679e-05
3454,ice,1,3.684869924091679e-05
3455,cube,1,3.684869924091679e-05
3456,gets,1,3.684869924091679e-05
3457,concludes,1,3.684869924091679e-05
3458,successfully,1,3.684869924091679e-05
3459,productise,1,3.684869924091679e-05
3460,standardise,1,3.684869924091679e-05
3461,workflows,1,3.684869924091679e-05
3462,primarily,1,3.684869924091679e-05
3463,writers,1,3.684869924091679e-05
3464,check,1,3.684869924091679e-05
3465,charismatic,1,3.684869924091679e-05
3466,voters,1,3.684869924091679e-05
3467,actor,1,3.684869924091679e-05
3468,starstruck,1,3.684869924091679e-05
3469,penchant,1,3.684869924091679e-05
3470,resumes,1,3.684869924091679e-05
3471,frequently,1,3.684869924091679e-05
3472,hear,1,3.684869924091679e-05
3473,enamoured,1,3.684869924091679e-05
3474,qualification,1,3.684869924091679e-05
3475,persona,1,3.684869924091679e-05
3476,throw,1,3.684869924091679e-05
3477,winds,1,3.684869924091679e-05
3478,usual,1,3.684869924091679e-05
3479,filters,1,3.684869924091679e-05
3480,applied,1,3.684869924091679e-05
3481,appointments,1,3.684869924091679e-05
3482,allure,1,3.684869924091679e-05
3483,follow,1,3.684869924091679e-05
3484,cricket,1,3.684869924091679e-05
3485,forget,1,3.684869924091679e-05
3486,experiment,1,3.684869924091679e-05
3487,appointing,1,3.684869924091679e-05
3488,batter,1,3.684869924091679e-05
3489,sachin,1,3.684869924091679e-05
3490,tendulkar,1,3.684869924091679e-05
3491,captain,1,3.684869924091679e-05
3492,possibly,1,3.684869924091679e-05
3493,rounder,1,3.684869924091679e-05
3494,kapil,1,3.684869924091679e-05
3495,dev,1,3.684869924091679e-05
3496,coach,1,3.684869924091679e-05
3497,rival,1,3.684869924091679e-05
3498,posturing,1,3.684869924091679e-05
3499,wasn,1,3.684869924091679e-05
3500,golf,1,3.684869924091679e-05
3501,club,1,3.684869924091679e-05
3502,peer,1,3.684869924091679e-05
3503,demeanour,1,3.684869924091679e-05
3504,employed,1,3.684869924091679e-05
3505,influenced,1,3.684869924091679e-05
3506,processed,1,3.684869924091679e-05
3507,struggled,1,3.684869924091679e-05
3508,charm,1,3.684869924091679e-05
3509,enabling,1,3.684869924091679e-05
3510,functions,1,3.684869924091679e-05
3511,onboarding,1,3.684869924091679e-05
3512,craving,1,3.684869924091679e-05
3513,ge,1,3.684869924091679e-05
3514,rampant,1,3.684869924091679e-05
3515,unilever,1,3.684869924091679e-05
3516,britannia,1,3.684869924091679e-05
3517,longevity,1,3.684869924091679e-05
3518,adulation,1,3.684869924091679e-05
3519,aspiration,1,3.684869924091679e-05
3520,argument,1,3.684869924091679e-05
3521,biased,1,3.684869924091679e-05
3522,processes,1,3.684869924091679e-05
3523,train,1,3.684869924091679e-05
3524,tenures,1,3.684869924091679e-05
3525,reputed,1,3.684869924091679e-05
3526,imbibe,1,3.684869924091679e-05
3527,qualities,1,3.684869924091679e-05
3528,institutionalised,1,3.684869924091679e-05
3529,relate,1,3.684869924091679e-05
3530,quit,1,3.684869924091679e-05
3531,eli,1,3.684869924091679e-05
3532,lilly,1,3.684869924091679e-05
3533,feeling,1,3.684869924091679e-05
3534,special,1,3.684869924091679e-05
3535,remember,1,3.684869924091679e-05
3536,shareholders,1,3.684869924091679e-05
3537,starbucks,1,3.684869924091679e-05
3538,mckinsey,1,3.684869924091679e-05
3539,bcg,1,3.684869924091679e-05
3540,bain,1,3.684869924091679e-05
3541,draw,1,3.684869924091679e-05
3542,students,1,3.684869924091679e-05
3543,try,1,3.684869924091679e-05
3544,slipping,1,3.684869924091679e-05
3545,resume,1,3.684869924091679e-05
3546,favourite,1,3.684869924091679e-05
3547,nephew,1,3.684869924091679e-05
3548,grades,1,3.684869924091679e-05
3549,iit,1,3.684869924091679e-05
3550,college,1,3.684869924091679e-05
3551,faamng,1,3.684869924091679e-05
3552,formerly,1,3.684869924091679e-05
3553,facebook,1,3.684869924091679e-05
3554,netflix,1,3.684869924091679e-05
3555,bits,1,3.684869924091679e-05
3556,internships,1,3.684869924091679e-05
3557,skills,1,3.684869924091679e-05
3558,graduate,1,3.684869924091679e-05
3559,recruitment,1,3.684869924091679e-05
3560,hardwired,1,3.684869924091679e-05
3561,favour,1,3.684869924091679e-05
3562,institutes,1,3.684869924091679e-05
3563,iims,1,3.684869924091679e-05
3564,wharton,1,3.684869924091679e-05
3565,graduates,1,3.684869924091679e-05
3566,matching,1,3.684869924091679e-05
3567,roles,1,3.684869924091679e-05
3568,ve,1,3.684869924091679e-05
3569,flaunting,1,3.684869924091679e-05
3570,harvard,1,3.684869924091679e-05
3571,alumni,1,3.684869924091679e-05
3572,linkedin,1,3.684869924091679e-05
3573,kids,1,3.684869924091679e-05
3574,study,1,3.684869924091679e-05
3575,oxford,1,3.684869924091679e-05
3576,yale,1,3.684869924091679e-05
3577,nyu,1,3.684869924091679e-05
3578,gift,1,3.684869924091679e-05
3579,gab,1,3.684869924091679e-05
3580,hack,1,3.684869924091679e-05
3581,bag,1,3.684869924091679e-05
3582,scarf,1,3.684869924091679e-05
3583,umbrella,1,3.684869924091679e-05
3584,tell,1,3.684869924091679e-05
3585,emily,1,3.684869924091679e-05
3586,devil,1,3.684869924091679e-05
3587,wears,1,3.684869924091679e-05
3588,prada,1,3.684869924091679e-05
3589,xpheno,1,3.684869924091679e-05
3590,specialist,1,3.684869924091679e-05
3591,staffing,1,3.684869924091679e-05
3592,corporates,1,3.684869924091679e-05
3593,certificates,1,3.684869924091679e-05
3594,papers,1,3.684869924091679e-05
3595,dominant,1,3.684869924091679e-05
3596,persistently,1,3.684869924091679e-05
3597,secondary,1,3.684869924091679e-05
3598,il,1,3.684869924091679e-05
3599,fs,1,3.684869924091679e-05
3600,precipitated,1,3.684869924091679e-05
3601,interaction,1,3.684869924091679e-05
3602,seasonality,1,3.684869924091679e-05
3603,gradually,1,3.684869924091679e-05
3604,revived,1,3.684869924091679e-05
3605,meaningfully,1,3.684869924091679e-05
3606,rebounded,1,3.684869924091679e-05
3607,upgrade,1,3.684869924091679e-05
3608,guidance,1,3.684869924091679e-05
3609,tool,1,3.684869924091679e-05
3610,amplified,1,3.684869924091679e-05
3611,sheet,1,3.684869924091679e-05
3612,considerations,1,3.684869924091679e-05
3613,relative,1,3.684869924091679e-05
3614,widened,1,3.684869924091679e-05
3615,touched,1,3.684869924091679e-05
3616,eased,1,3.684869924091679e-05
3617,seasonal,1,3.684869924091679e-05
3618,adjustments,1,3.684869924091679e-05
3619,actively,1,3.684869924091679e-05
3620,deployable,1,3.684869924091679e-05
3621,aum,1,3.684869924091679e-05
3622,sum,1,3.684869924091679e-05
3623,frictions,1,3.684869924091679e-05
3624,absent,1,3.684869924091679e-05
3625,shape,1,3.684869924091679e-05
3626,cio,1,3.684869924091679e-05
3627,amit,1,3.684869924091679e-05
3628,mohile,1,3.684869924091679e-05
3629,declares,1,3.684869924091679e-05
3630,incoming,1,3.684869924091679e-05
3631,dare,1,3.684869924091679e-05
3632,underlining,1,3.684869924091679e-05
3633,attempting,1,3.684869924091679e-05
3634,combine,1,3.684869924091679e-05
3635,spans,1,3.684869924091679e-05
3636,professional,1,3.684869924091679e-05
3637,oversee,1,3.684869924091679e-05
3638,burjis,1,3.684869924091679e-05
3639,sudhir,1,3.684869924091679e-05
3640,kataria,1,3.684869924091679e-05
3641,mandates,1,3.684869924091679e-05
3642,incredible,1,3.684869924091679e-05
3643,generations,1,3.684869924091679e-05
3644,avoiding,1,3.684869924091679e-05
3645,backwards,1,3.684869924091679e-05
3646,keeping,1,3.684869924091679e-05
3647,firmly,1,3.684869924091679e-05
3648,nationally,1,3.684869924091679e-05
3649,residential,1,3.684869924091679e-05
3650,developer,1,3.684869924091679e-05
3651,initiated,1,3.684869924091679e-05
3652,backcast,1,3.684869924091679e-05
3653,wealthier,1,3.684869924091679e-05
3654,drove,1,3.684869924091679e-05
3655,detergents,1,3.684869924091679e-05
3656,fragrances,1,3.684869924091679e-05
3657,acquisitions,1,3.684869924091679e-05
3658,raymond,1,3.684869924091679e-05
3659,men,1,3.684869924091679e-05
3660,muuchstac,1,3.684869924091679e-05
3661,bandwidth,1,3.684869924091679e-05
3662,infinite,1,3.684869924091679e-05
3663,situations,1,3.684869924091679e-05
3664,ninety,1,3.684869924091679e-05
3665,elaborates,1,3.684869924091679e-05
3666,sight,1,3.684869924091679e-05
3667,mount,1,3.684869924091679e-05
3668,sujata,1,3.684869924091679e-05
3669,sharma,1,3.684869924091679e-05
3670,ministerial,1,3.684869924091679e-05
3671,petrol,1,3.684869924091679e-05
3672,lpg,1,3.684869924091679e-05
3673,escalated,1,3.684869924091679e-05
3674,hardeep,1,3.684869924091679e-05
3675,puri,1,3.684869924091679e-05
3676,staring,1,3.684869924091679e-05
3677,slides,1,3.684869924091679e-05
3678,aggressively,1,3.684869924091679e-05
3679,calm,1,3.684869924091679e-05
3680,rejected,1,3.684869924091679e-05
3681,forex,1,3.684869924091679e-05
3682,depleting,1,3.684869924091679e-05
3683,015,1,3.684869924091679e-05
3684,clearing,1,3.684869924091679e-05
3685,q4fy26,1,3.684869924091679e-05
3686,sliding,1,3.684869924091679e-05
3687,hnis,1,3.684869924091679e-05
3688,movable,1,3.684869924091679e-05
3689,goers,1,3.684869924091679e-05
3690,married,1,3.684869924091679e-05
3691,gathering,1,3.684869924091679e-05
3692,telangana,1,3.684869924091679e-05
3693,vacationing,1,3.684869924091679e-05
3694,prevalent,1,3.684869924091679e-05
3695,decide,1,3.684869924091679e-05
3696,liberalised,1,3.684869924091679e-05
3697,remittances,1,3.684869924091679e-05
3698,insteadof,1,3.684869924091679e-05
3699,curbing,1,3.684869924091679e-05
3700,urging,1,3.684869924091679e-05
3701,traveling,1,3.684869924091679e-05
3702,below,1,3.684869924091679e-05
3703,austerity,1,3.684869924091679e-05
3704,restraint,1,3.684869924091679e-05
3705,embracing,1,3.684869924091679e-05
3706,defer,1,3.684869924091679e-05
3707,patriotism,1,3.684869924091679e-05
3708,outbound,1,3.684869924091679e-05
3709,earning,1,3.684869924091679e-05
3710,federation,1,3.684869924091679e-05
3711,associations,1,3.684869924091679e-05
3712,hospitality,1,3.684869924091679e-05
3713,bats,1,3.684869924091679e-05
3714,solution,1,3.684869924091679e-05
3715,lie,1,3.684869924091679e-05
3716,unlocking,1,3.684869924091679e-05
3717,regulated,1,3.684869924091679e-05
3718,gjc,1,3.684869924091679e-05
3719,reacting,1,3.684869924091679e-05
3720,curtail,1,3.684869924091679e-05
3721,revitalised,1,3.684869924091679e-05
3722,jeweller,1,3.684869924091679e-05
3723,mobilise,1,3.684869924091679e-05
3724,avinash,1,3.684869924091679e-05
3725,gupta,1,3.684869924091679e-05
3726,remaining,1,3.684869924091679e-05
3727,lockers,1,3.684869924091679e-05
3728,krishniah,1,3.684869924091679e-05
3729,chetty,1,3.684869924091679e-05
3730,vinod,1,3.684869924091679e-05
3731,hayagriv,1,3.684869924091679e-05
3732,annually,1,3.684869924091679e-05
3733,bullion,1,3.684869924091679e-05
3734,passive,1,3.684869924091679e-05
3735,dip,1,3.684869924091679e-05
3736,geo,1,3.684869924091679e-05
3737,accounts,1,3.684869924091679e-05
3738,reporting,1,3.684869924091679e-05
3739,stagnating,1,3.684869924091679e-05
3740,discontinued,1,3.684869924091679e-05
3741,completed,1,3.684869924091679e-05
3742,stagnated,1,3.684869924091679e-05
3743,arouond,1,3.684869924091679e-05
3744,fo,1,3.684869924091679e-05
3745,inflows,1,3.684869924091679e-05
3746,operated,1,3.684869924091679e-05
3747,established,1,3.684869924091679e-05
3748,calibrating,1,3.684869924091679e-05
3749,prudent,1,3.684869924091679e-05
3750,conglomerates,1,3.684869924091679e-05
3751,cap,1,3.684869924091679e-05
3752,celebrated,1,3.684869924091679e-05
3753,centenary,1,3.684869924091679e-05
3754,bombay,1,3.684869924091679e-05
3755,jamnalal,1,3.684869924091679e-05
3756,fighter,1,3.684869924091679e-05
3757,philanthropist,1,3.684869924091679e-05
3758,motorcycles,1,3.684869924091679e-05
3759,counties,1,3.684869924091679e-05
3760,fold,1,3.684869924091679e-05
3761,rajiv,1,3.684869924091679e-05
3762,besides,1,3.684869924091679e-05
3763,participate,1,3.684869924091679e-05
3764,competes,1,3.684869924091679e-05
3765,affirmed,1,3.684869924091679e-05
3766,pulsar,1,3.684869924091679e-05
3767,players,1,3.684869924091679e-05
3768,sanjiv,1,3.684869924091679e-05
3769,cmd,1,3.684869924091679e-05
3770,chapter,1,3.684869924091679e-05
3771,youth,1,3.684869924091679e-05
3772,powerful,1,3.684869924091679e-05
3773,nirav,1,3.684869924091679e-05
3774,homes,1,3.684869924091679e-05
3775,brokerage,1,3.684869924091679e-05
3776,stoke,1,3.684869924091679e-05
3777,prod,1,3.684869924091679e-05
3778,twice,1,3.684869924091679e-05
3779,slippage,1,3.684869924091679e-05
3780,argued,1,3.684869924091679e-05
3781,warrants,1,3.684869924091679e-05
3782,closer,1,3.684869924091679e-05
3783,attention,1,3.684869924091679e-05
3784,pegging,1,3.684869924091679e-05
3785,shoot,1,3.684869924091679e-05
3786,mark,1,3.684869924091679e-05
3787,propose,1,3.684869924091679e-05
3788,enhanced,1,3.684869924091679e-05
3789,proposing,1,3.684869924091679e-05
3790,bigger,1,3.684869924091679e-05
3791,intra,1,3.684869924091679e-05
3792,viz,1,3.684869924091679e-05
3793,exceeds,1,3.684869924091679e-05
3794,utilise,1,3.684869924091679e-05
3795,injected,1,3.684869924091679e-05
3796,extremely,1,3.684869924091679e-05
3797,forming,1,3.684869924091679e-05
3798,inverters,1,3.684869924091679e-05
3799,synchronous,1,3.684869924091679e-05
3800,condensers,1,3.684869924091679e-05
3801,mulling,1,3.684869924091679e-05
3802,floating,1,3.684869924091679e-05
3803,photovoltaics,1,3.684869924091679e-05
3804,decentralised,1,3.684869924091679e-05
3805,flags,1,3.684869924091679e-05
3806,cautioned,1,3.684869924091679e-05
3807,cybersecurity,1,3.684869924091679e-05
3808,undergoes,1,3.684869924091679e-05
3809,technological,1,3.684869924091679e-05
3810,architecture,1,3.684869924091679e-05
3811,complexity,1,3.684869924091679e-05
3812,foundational,1,3.684869924091679e-05
3813,principle,1,3.684869924091679e-05
3814,session,1,3.684869924091679e-05
3815,algorithmic,1,3.684869924091679e-05
3816,systemic,1,3.684869924091679e-05
3817,connectedness,1,3.684869924091679e-05
3818,pose,1,3.684869924091679e-05
3819,penetration,1,3.684869924091679e-05
3820,msmes,1,3.684869924091679e-05
3821,speed,1,3.684869924091679e-05
3822,undermine,1,3.684869924091679e-05
3823,greatest,1,3.684869924091679e-05
3824,viksit,1,3.684869924091679e-05
3825,suggesting,1,3.684869924091679e-05
3826,lifts,1,3.684869924091679e-05
3827,gives,1,3.684869924091679e-05
3828,overlap,1,3.684869924091679e-05
3829,limits,1,3.684869924091679e-05
3830,collapse,1,3.684869924091679e-05
3831,fiercest,1,3.684869924091679e-05
3832,fix,1,3.684869924091679e-05
3833,strain,1,3.684869924091679e-05
3834,cheap,1,3.684869924091679e-05
3835,creditors,1,3.684869924091679e-05
3836,agree,1,3.684869924091679e-05
3837,airways,1,3.684869924091679e-05
3838,contend,1,3.684869924091679e-05
3839,doomed,1,3.684869924091679e-05
3840,existed,1,3.684869924091679e-05
3841,disappear,1,3.684869924091679e-05
3842,aircraft,1,3.684869924091679e-05
3843,defined,1,3.684869924091679e-05
3844,liquidation,1,3.684869924091679e-05
3845,benefit,1,3.684869924091679e-05
3846,joe,1,3.684869924091679e-05
3847,rohlena,1,3.684869924091679e-05
3848,fitch,1,3.684869924091679e-05
3849,ratings,1,3.684869924091679e-05
3850,overcome,1,3.684869924091679e-05
3851,profitable,1,3.684869924091679e-05
3852,td,1,3.684869924091679e-05
3853,cowen,1,3.684869924091679e-05
3854,ebit,1,3.684869924091679e-05
3855,won,1,3.684869924091679e-05
3856,rebuilding,1,3.684869924091679e-05
3857,shrinking,1,3.684869924091679e-05
3858,networks,1,3.684869924091679e-05
3859,cherry,1,3.684869924091679e-05
3860,pick,1,3.684869924091679e-05
3861,seats,1,3.684869924091679e-05
3862,filled,1,3.684869924091679e-05
3863,reductions,1,3.684869924091679e-05
3864,restored,1,3.684869924091679e-05
3865,jimmy,1,3.684869924091679e-05
3866,dempsey,1,3.684869924091679e-05
3867,structurally,1,3.684869924091679e-05
3868,fort,1,3.684869924091679e-05
3869,lauderdale,1,3.684869924091679e-05
3870,stronghold,1,3.684869924091679e-05
3871,enticing,1,3.684869924091679e-05
3872,flyers,1,3.684869924091679e-05
3873,loyalty,1,3.684869924091679e-05
3874,matches,1,3.684869924091679e-05
3875,departures,1,3.684869924091679e-05
3876,suffered,1,3.684869924091679e-05
3877,las,1,3.684869924091679e-05
3878,vegas,1,3.684869924091679e-05
3879,lesser,1,3.684869924091679e-05
3880,served,1,3.684869924091679e-05
3881,leisure,1,3.684869924091679e-05
3882,error,1,3.684869924091679e-05
3883,levy,1,3.684869924091679e-05
3884,avelo,1,3.684869924091679e-05
3885,harder,1,3.684869924091679e-05
3886,mine,1,3.684869924091679e-05
3887,tens,1,3.684869924091679e-05
3888,recover,1,3.684869924091679e-05
3889,unrecovered,1,3.684869924091679e-05
3890,573million,1,3.684869924091679e-05
3891,826million,1,3.684869924091679e-05
3892,consideration,1,3.684869924091679e-05
3893,moment,1,3.684869924091679e-05
3894,jarrett,1,3.684869924091679e-05
3895,bilous,1,3.684869924091679e-05
3896,grapple,1,3.684869924091679e-05
3897,constrains,1,3.684869924091679e-05
3898,climb,1,3.684869924091679e-05
3899,smartphones,1,3.684869924091679e-05
3900,laptops,1,3.684869924091679e-05
3901,samsung,1,3.684869924091679e-05
3902,sk,1,3.684869924091679e-05
3903,hynixand,1,3.684869924091679e-05
3904,pledged,1,3.684869924091679e-05
3905,billions,1,3.684869924091679e-05
3906,fora,1,3.684869924091679e-05
3907,super,1,3.684869924091679e-05
3908,mario,1,3.684869924091679e-05
3909,compelled,1,3.684869924091679e-05
3910,internally,1,3.684869924091679e-05
3911,crucially,1,3.684869924091679e-05
3912,prospect,1,3.684869924091679e-05
3913,morningstar,1,3.684869924091679e-05
3914,kazunori,1,3.684869924091679e-05
3915,ito,1,3.684869924091679e-05
3916,sober,1,3.684869924091679e-05
3917,viable,1,3.684869924091679e-05
3918,shuntaro,1,3.684869924091679e-05
3919,factors,1,3.684869924091679e-05
3920,language,1,3.684869924091679e-05
3921,standard,1,3.684869924091679e-05
3922,jumping,1,3.684869924091679e-05
3923,casual,1,3.684869924091679e-05
3924,serkan,1,3.684869924091679e-05
3925,kantan,1,3.684869924091679e-05
3926,party,1,3.684869924091679e-05
3927,blockbusters,1,3.684869924091679e-05
3928,thin,1,3.684869924091679e-05
3929,scored,1,3.684869924091679e-05
3930,pokemon,1,3.684869924091679e-05
3931,pokopia,1,3.684869924091679e-05
3932,upcoming,1,3.684869924091679e-05
3933,titles,1,3.684869924091679e-05
3934,fox,1,3.684869924091679e-05
3935,older,1,3.684869924091679e-05
3936,cards,1,3.684869924091679e-05
3937,fret,1,3.684869924091679e-05
3938,hiroki,1,3.684869924091679e-05
3939,totoki,1,3.684869924091679e-05
3940,reasonable,1,3.684869924091679e-05
3941,incorporates,1,3.684869924091679e-05
3942,urges,1,3.684869924091679e-05
3943,heed,1,3.684869924091679e-05
3944,submitted,1,3.684869924091679e-05
3945,cefp,1,3.684869924091679e-05
3946,normalisation,1,3.684869924091679e-05
3947,signalled,1,3.684869924091679e-05
3948,stemming,1,3.684869924091679e-05
3949,oversees,1,3.684869924091679e-05
3950,blueprint,1,3.684869924091679e-05
3951,termeconomic,1,3.684869924091679e-05
3952,conduct,1,3.684869924091679e-05
3953,appropriate,1,3.684869924091679e-05
3954,monetary,1,3.684869924091679e-05
3955,trends,1,3.684869924091679e-05
3956,cited,1,3.684869924091679e-05
3957,potentially,1,3.684869924091679e-05
3958,scrambling,1,3.684869924091679e-05
3959,precaution,1,3.684869924091679e-05
3960,limit,1,3.684869924091679e-05
3961,5trillion,1,3.684869924091679e-05
3962,slow,1,3.684869924091679e-05
3963,yen,1,3.684869924091679e-05
3964,nightmare,1,3.684869924091679e-05
3965,ramps,1,3.684869924091679e-05
3966,translate,1,3.684869924091679e-05
3967,burdens,1,3.684869924091679e-05
3968,thinner,1,3.684869924091679e-05
3969,reflationist,1,3.684869924091679e-05
3970,aides,1,3.684869924091679e-05
3971,sanae,1,3.684869924091679e-05
3972,takaichi,1,3.684869924091679e-05
3973,stressed,1,3.684869924091679e-05
3974,importance,1,3.684869924091679e-05
3975,coordination,1,3.684869924091679e-05
3976,bojand,1,3.684869924091679e-05
3977,indicators,1,3.684869924091679e-05
3978,gauge,1,3.684869924091679e-05
3979,agence,1,3.684869924091679e-05
3980,france,1,3.684869924091679e-05
3981,presse,1,3.684869924091679e-05
3982,clothes,1,3.684869924091679e-05
3983,seller,1,3.684869924091679e-05
3984,lata,1,3.684869924091679e-05
3985,devastating,1,3.684869924091679e-05
3986,dangerous,1,3.684869924091679e-05
3987,lose,1,3.684869924091679e-05
3988,jeopardising,1,3.684869924091679e-05
3989,finances,1,3.684869924091679e-05
3990,triggers,1,3.684869924091679e-05
3991,breached,1,3.684869924091679e-05
3992,celsius,1,3.684869924091679e-05
3993,helps,1,3.684869924091679e-05
3994,afp,1,3.684869924091679e-05
3995,hottest,1,3.684869924091679e-05
3996,fan,1,3.684869924091679e-05
3997,goes,1,3.684869924091679e-05
3998,heatwave,1,3.684869924091679e-05
3999,sick,1,3.684869924091679e-05
4000,losing,1,3.684869924091679e-05
4001,equivalent,1,3.684869924091679e-05
4002,lancet,1,3.684869924091679e-05
4003,countdown,1,3.684869924091679e-05
4004,bear,1,3.684869924091679e-05
4005,accelerating,1,3.684869924091679e-05
4006,nagaland,1,3.684869924091679e-05
4007,insured,1,3.684869924091679e-05
4008,examining,1,3.684869924091679e-05
4009,widely,1,3.684869924091679e-05
4010,supplement,1,3.684869924091679e-05
4011,reinforce,1,3.684869924091679e-05
4012,assessments,1,3.684869924091679e-05
4013,payouts,1,3.684869924091679e-05
4014,pollution,1,3.684869924091679e-05
4015,mahila,1,3.684869924091679e-05
4016,insurer,1,3.684869924091679e-05
4017,programme,1,3.684869924091679e-05
4018,nital,1,3.684869924091679e-05
4019,rahul,1,3.684869924091679e-05
4020,patel,1,3.684869924091679e-05
4021,idea,1,3.684869924091679e-05
4022,surveys,1,3.684869924091679e-05
4023,45c,1,3.684869924091679e-05
4024,113f,1,3.684869924091679e-05
4025,broke,1,3.684869924091679e-05
4026,realised,1,3.684869924091679e-05
4027,incomes,1,3.684869924091679e-05
4028,gujarat,1,3.684869924091679e-05
4029,enrolment,1,3.684869924091679e-05
4030,celcius,1,3.684869924091679e-05
4031,qualify,1,3.684869924091679e-05
4032,ranging,1,3.684869924091679e-05
4033,deepen,1,3.684869924091679e-05
4034,oceaneering,1,3.684869924091679e-05
4035,committing,1,3.684869924091679e-05
4036,astra,1,3.684869924091679e-05
4037,specialised,1,3.684869924091679e-05
4038,seeks,1,3.684869924091679e-05
4039,diversify,1,3.684869924091679e-05
4040,clock,1,3.684869924091679e-05
4041,4th,1,3.684869924091679e-05
4042,yearof,1,3.684869924091679e-05
4043,healthy,1,3.684869924091679e-05
4044,depositor,1,3.684869924091679e-05
4045,piyush,1,3.684869924091679e-05
4046,negotiating,1,3.684869924091679e-05
4047,negotiations,1,3.684869924091679e-05
4048,sidelines,1,3.684869924091679e-05
4049,pankaj,1,3.684869924091679e-05
4050,khimji,1,3.684869924091679e-05
4051,adviser,1,3.684869924091679e-05
4052,linkages,1,3.684869924091679e-05
4053,facilitating,1,3.684869924091679e-05
4054,exploring,1,3.684869924091679e-05
4055,trouble,1,3.684869924091679e-05
4056,regard,1,3.684869924091679e-05
4057,scales,1,3.684869924091679e-05
4058,innovative,1,3.684869924091679e-05
4059,specify,1,3.684869924091679e-05
4060,minerals,1,3.684869924091679e-05
4061,concessions,1,3.684869924091679e-05
4062,finalise,1,3.684869924091679e-05
4063,regulations,1,3.684869924091679e-05
4064,warns,1,3.684869924091679e-05
4065,envoy,1,3.684869924091679e-05
4066,asserted,1,3.684869924091679e-05
4067,warning,1,3.684869924091679e-05
4068,comments,1,3.684869924091679e-05
4069,derail,1,3.684869924091679e-05
4070,speech,1,3.684869924091679e-05
4071,concentrated,1,3.684869924091679e-05
4072,burst,1,3.684869924091679e-05
4073,kingdom,1,3.684869924091679e-05
4074,efta,1,3.684869924091679e-05
4075,zealand,1,3.684869924091679e-05
4076,diversification,1,3.684869924091679e-05
4077,relationships,1,3.684869924091679e-05
4078,geographies,1,3.684869924091679e-05
4079,implementation,1,3.684869924091679e-05
4080,signing,1,3.684869924091679e-05
4081,concluded,1,3.684869924091679e-05
4082,procedural,1,3.684869924091679e-05
4083,urgency,1,3.684869924091679e-05
4084,conclusion,1,3.684869924091679e-05
4085,themselves,1,3.684869924091679e-05
4086,separate,1,3.684869924091679e-05
4087,herv,1,3.684869924091679e-05
4088,delphin,1,3.684869924091679e-05
4089,procedures,1,3.684869924091679e-05
4090,conformity,1,3.684869924091679e-05
4091,purpose,1,3.684869924091679e-05
4092,unveils,1,3.684869924091679e-05
4093,continuous,1,3.684869924091679e-05
4094,stream,1,3.684869924091679e-05
4095,coverage,1,3.684869924091679e-05
4096,accorded,1,3.684869924091679e-05
4097,instability,1,3.684869924091679e-05
4098,translating,1,3.684869924091679e-05
4099,igp,1,3.684869924091679e-05
4100,crew,1,3.684869924091679e-05
4101,injury,1,3.684869924091679e-05
4102,repatriation,1,3.684869924091679e-05
4103,collision,1,3.684869924091679e-05
4104,liabilities,1,3.684869924091679e-05
4105,insurers,1,3.684869924091679e-05
4106,invoked,1,3.684869924091679e-05
4107,contingent,1,3.684869924091679e-05
4108,backstop,1,3.684869924091679e-05
4109,accumulated,1,3.684869924091679e-05
4110,exhausted,1,3.684869924091679e-05
4111,reinsurance,1,3.684869924091679e-05
4112,inauguration,1,3.684869924091679e-05
4113,nagaraju,1,3.684869924091679e-05
4114,hoger,1,3.684869924091679e-05
4115,assurance,1,3.684869924091679e-05
4116,presented,1,3.684869924091679e-05
4117,vedanta,1,3.684869924091679e-05
4118,sterlite,1,3.684869924091679e-05
4119,copper,1,3.684869924091679e-05
4120,cable,1,3.684869924091679e-05
4121,whilst,1,3.684869924091679e-05
4122,balrampur,1,3.684869924091679e-05
4123,chini,1,3.684869924091679e-05
4124,slide,1,3.684869924091679e-05
4125,touches,1,3.684869924091679e-05
4126,dumped,1,3.684869924091679e-05
4127,pulling,1,3.684869924091679e-05
4128,appealed,1,3.684869924091679e-05
4129,pausing,1,3.684869924091679e-05
4130,rout,1,3.684869924091679e-05
4131,broad,1,3.684869924091679e-05
4132,declining,1,3.684869924091679e-05
4133,advancing,1,3.684869924091679e-05
4134,crashing,1,3.684869924091679e-05
4135,measured,1,3.684869924091679e-05
4136,unless,1,3.684869924091679e-05
4137,volatility,1,3.684869924091679e-05
4138,persist,1,3.684869924091679e-05
4139,fundraise,1,3.684869924091679e-05
4140,looks,1,3.684869924091679e-05
4141,narrowed,1,3.684869924091679e-05
4142,harsha,1,3.684869924091679e-05
4143,bangari,1,3.684869924091679e-05
4144,policyfor,1,3.684869924091679e-05
4145,linking,1,3.684869924091679e-05
4146,prahlad,1,3.684869924091679e-05
4147,respect,1,3.684869924091679e-05
4148,gamble,1,3.684869924091679e-05
4149,yeare,1,3.684869924091679e-05
4150,praveer,1,3.684869924091679e-05
4151,sinha,1,3.684869924091679e-05
4152,excellence,1,3.684869924091679e-05
4153,tbcb,1,3.684869924091679e-05
4154,underscore,1,3.684869924091679e-05
4155,projected,1,3.684869924091679e-05
4156,priorities,1,3.684869924091679e-05
4157,dips,1,3.684869924091679e-05
4158,nainital,1,3.684869924091679e-05
4159,laboratories,1,3.684869924091679e-05
4160,slumped,1,3.684869924091679e-05
4161,offs,1,3.684869924091679e-05
4162,drugmaker,1,3.684869924091679e-05
4163,ind,1,3.684869924091679e-05
4164,counterpart,1,3.684869924091679e-05
4165,backburner,1,3.684869924091679e-05
4166,relax,1,3.684869924091679e-05
4167,stark,1,3.684869924091679e-05
4168,swinging,1,3.684869924091679e-05
4169,wildly,1,3.684869924091679e-05
4170,headlines,1,3.684869924091679e-05
4171,israeli,1,3.684869924091679e-05
4172,weapons,1,3.684869924091679e-05
4173,disagreements,1,3.684869924091679e-05
4174,composite,1,3.684869924091679e-05
4175,powering,1,3.684869924091679e-05
4176,managers,1,3.684869924091679e-05
4177,nervous,1,3.684869924091679e-05
4178,swung,1,3.684869924091679e-05
4179,tables,1,3.684869924091679e-05
4180,tingwu,1,3.684869924091679e-05
4181,oftongheng,1,3.684869924091679e-05
4182,unresolved,1,3.684869924091679e-05
4183,weakened,1,3.684869924091679e-05
4184,telecom,1,3.684869924091679e-05
4185,diminished,1,3.684869924091679e-05
4186,brinkmanship,1,3.684869924091679e-05
4187,jinping,1,3.684869924091679e-05
4188,pressed,1,3.684869924091679e-05
4189,courts,1,3.684869924091679e-05
4190,struck,1,3.684869924091679e-05
4191,reaching,1,3.684869924091679e-05
4192,anyway,1,3.684869924091679e-05
4193,strengthens,1,3.684869924091679e-05
4194,shore,1,3.684869924091679e-05
4195,priced,1,3.684869924091679e-05
4196,tension,1,3.684869924091679e-05
4197,bet,1,3.684869924091679e-05
4198,spurring,1,3.684869924091679e-05
4199,strides,1,3.684869924091679e-05
4200,expanded,1,3.684869924091679e-05
4201,clout,1,3.684869924091679e-05
4202,leverage,1,3.684869924091679e-05
4203,wen,1,3.684869924091679e-05
4204,xunneng,1,3.684869924091679e-05
4205,zhu,1,3.684869924091679e-05
4206,liu,1,3.684869924091679e-05
4207,until,1,3.684869924091679e-05
4208,makes,1,3.684869924091679e-05
4209,reciprocal,1,3.684869924091679e-05
4210,stage,1,3.684869924091679e-05
4211,peaceful,1,3.684869924091679e-05
4212,barometer,1,3.684869924091679e-05
4213,storm,1,3.684869924091679e-05
4214,belief,1,3.684869924091679e-05
4215,volatile,1,3.684869924091679e-05
4216,ties,1,3.684869924091679e-05
4217,tactical,1,3.684869924091679e-05
4218,catalyst,1,3.684869924091679e-05
4219,strength,1,3.684869924091679e-05
4220,marker,1,3.684869924091679e-05
4221,goldman,1,3.684869924091679e-05
4222,sachs,1,3.684869924091679e-05
4223,lasting,1,3.684869924091679e-05
4224,events,1,3.684869924091679e-05
4225,a12,1,3.684869924091679e-05
4226,attendance,1,3.684869924091679e-05
4227,hopes,1,3.684869924091679e-05
4228,spanning,1,3.684869924091679e-05
4229,aeroplanes,1,3.684869924091679e-05
4230,opening,1,3.684869924091679e-05
4231,hoping,1,3.684869924091679e-05
4232,again,1,3.684869924091679e-05
4233,flowing,1,3.684869924091679e-05
4234,jack,1,3.684869924091679e-05
4235,ablin,1,3.684869924091679e-05
4236,cresset,1,3.684869924091679e-05
4237,advisors,1,3.684869924091679e-05
4238,fallback,1,3.684869924091679e-05
4239,zeng,1,3.684869924091679e-05
4240,wanping,1,3.684869924091679e-05
4241,monolith,1,3.684869924091679e-05
4242,chips,1,3.684869924091679e-05
4243,local,1,3.684869924091679e-05
4244,thing,1,3.684869924091679e-05
4245,rollout,1,3.684869924091679e-05
4246,features,1,3.684869924091679e-05
4247,texas,1,3.684869924091679e-05
4248,touted,1,3.684869924091679e-05
4249,elon,1,3.684869924091679e-05
4250,transform,1,3.684869924091679e-05
4251,driverless,1,3.684869924091679e-05
4252,plagued,1,3.684869924091679e-05
4253,spots,1,3.684869924091679e-05
4254,faraway,1,3.684869924091679e-05
4255,afternoon,1,3.684869924091679e-05
4256,campus,1,3.684869924091679e-05
4257,methodist,1,3.684869924091679e-05
4258,miles,1,3.684869924091679e-05
4259,km,1,3.684869924091679e-05
4260,ona,1,3.684869924091679e-05
4261,requested,1,3.684869924091679e-05
4262,teslarobotaxi,1,3.684869924091679e-05
4263,notified,1,3.684869924091679e-05
4264,messages,1,3.684869924091679e-05
4265,either,1,3.684869924091679e-05
4266,nearby,1,3.684869924091679e-05
4267,searching,1,3.684869924091679e-05
4268,trillion,1,3.684869924091679e-05
4269,automaker,1,3.684869924091679e-05
4270,conviction,1,3.684869924091679e-05
4271,unleash,1,3.684869924091679e-05
4272,vast,1,3.684869924091679e-05
4273,anywhere,1,3.684869924091679e-05
4274,criticised,1,3.684869924091679e-05
4275,methodical,1,3.684869924091679e-05
4276,waymo,1,3.684869924091679e-05
4277,definition,1,3.684869924091679e-05
4278,mapping,1,3.684869924091679e-05
4279,entering,1,3.684869924091679e-05
4280,confined,1,3.684869924091679e-05
4281,injuries,1,3.684869924091679e-05
4282,fatalities,1,3.684869924091679e-05
4283,difficulties,1,3.684869924091679e-05
4284,picked,1,3.684869924091679e-05
4285,opted,1,3.684869924091679e-05
4286,expressway,1,3.684869924091679e-05
4287,artery,1,3.684869924091679e-05
4288,button,1,3.684869924091679e-05
4289,responded,1,3.684869924091679e-05
4290,booked,1,3.684869924091679e-05
4291,town,1,3.684869924091679e-05
4292,15minutes,1,3.684869924091679e-05
4293,farmers,1,3.684869924091679e-05
4294,opposite,1,3.684869924091679e-05
4295,overpasses,1,3.684869924091679e-05
4296,strewn,1,3.684869924091679e-05
4297,trash,1,3.684869924091679e-05
4298,smelling,1,3.684869924091679e-05
4299,urine,1,3.684869924091679e-05
4300,ramp,1,3.684869924091679e-05
4301,intersection,1,3.684869924091679e-05
4302,seemed,1,3.684869924091679e-05
4303,confused,1,3.684869924091679e-05
4304,described,1,3.684869924091679e-05
4305,remote,1,3.684869924091679e-05
4306,attendant,1,3.684869924091679e-05
4307,northwest,1,3.684869924091679e-05
4308,weeknight,1,3.684869924091679e-05
4309,obtain,1,3.684869924091679e-05
4310,cancelled,1,3.684869924091679e-05
4311,plenty,1,3.684869924091679e-05
4312,worry,1,3.684869924091679e-05
4313,upwardly,1,3.684869924091679e-05
4314,prosaic,1,3.684869924091679e-05
4315,experiencing,1,3.684869924091679e-05
4316,jams,1,3.684869924091679e-05
4317,necessitating,1,3.684869924091679e-05
4318,lots,1,3.684869924091679e-05
4319,accommodate,1,3.684869924091679e-05
4320,influx,1,3.684869924091679e-05
4321,imagery,1,3.684869924091679e-05
4322,theworld,1,3.684869924091679e-05
4323,economically,1,3.684869924091679e-05
4324,hotels,1,3.684869924091679e-05
4325,fill,1,3.684869924091679e-05
4326,spill,1,3.684869924091679e-05
4327,adjacent,1,3.684869924091679e-05
4328,surround,1,3.684869924091679e-05
4329,lane,1,3.684869924091679e-05
4330,bowling,1,3.684869924091679e-05
4331,alley,1,3.684869924091679e-05
4332,rakrang,1,3.684869924091679e-05
4333,groceries,1,3.684869924091679e-05
4334,jong,1,3.684869924091679e-05
4335,nodded,1,3.684869924091679e-05
4336,visiting,1,3.684869924091679e-05
4337,inspected,1,3.684869924091679e-05
4338,concealed,1,3.684869924091679e-05
4339,conspicuously,1,3.684869924091679e-05
4340,cloth,1,3.684869924091679e-05
4341,statistics,1,3.684869924091679e-05
4342,exporting,1,3.684869924091679e-05
4343,lubricants,1,3.684869924091679e-05
4344,revealing,1,3.684869924091679e-05
4345,parts,1,3.684869924091679e-05
4346,essentials,1,3.684869924091679e-05
4347,wheel,1,3.684869924091679e-05
4348,formalised,1,3.684869924091679e-05
4349,allowing,1,3.684869924091679e-05
4350,licensed,1,3.684869924091679e-05
4351,buy,1,3.684869924091679e-05
4352,mostly,1,3.684869924091679e-05
4353,preserve,1,3.684869924091679e-05
4354,elite,1,3.684869924091679e-05
4355,known,1,3.684869924091679e-05
4356,donju,1,3.684869924091679e-05
4357,newfound,1,3.684869924091679e-05
4358,love,1,3.684869924091679e-05
4359,transforming,1,3.684869924091679e-05
4360,satisfying,1,3.684869924091679e-05
4361,examined,1,3.684869924091679e-05
4362,dozens,1,3.684869924091679e-05
4363,images,1,3.684869924091679e-05
4364,content,1,3.684869924091679e-05
4365,diplomats,1,3.684869924091679e-05
4366,ward,1,3.684869924091679e-05
4367,sejong,1,3.684869924091679e-05
4368,partisan,1,3.684869924091679e-05
4369,automotive,1,3.684869924091679e-05
4370,refuelled,1,3.684869924091679e-05
4371,regularising,1,3.684869924091679e-05
4372,thus,1,3.684869924091679e-05
4373,stimulates,1,3.684869924091679e-05
4374,regularises,1,3.684869924091679e-05
4375,street,1,3.684869924091679e-05
4376,scape,1,3.684869924091679e-05
4377,crowding,1,3.684869924091679e-05
4378,friendly,1,3.684869924091679e-05
4379,neighbours,1,3.684869924091679e-05
4380,engage,1,3.684869924091679e-05
4381,lawfully,1,3.684869924091679e-05
4382,compliantly,1,3.684869924091679e-05
4383,embassy,1,3.684869924091679e-05
4384,traditionally,1,3.684869924091679e-05
4385,military,1,3.684869924091679e-05
4386,ubiquitous,1,3.684869924091679e-05
4387,aram,1,3.684869924091679e-05
4388,singaporean,1,3.684869924091679e-05
4389,photographer,1,3.684869924091679e-05
4390,stunned,1,3.684869924091679e-05
4391,himself,1,3.684869924091679e-05
4392,jam,1,3.684869924091679e-05
4393,20th,1,3.684869924091679e-05
4394,bottleneck,1,3.684869924091679e-05
4395,hundred,1,3.684869924091679e-05
4396,plated,1,3.684869924091679e-05
4397,visits,1,3.684869924091679e-05
4398,regularly,1,3.684869924091679e-05
4399,informally,1,3.684869924091679e-05
4400,attendants,1,3.684869924091679e-05
4401,touring,1,3.684869924091679e-05
4402,hospital,1,3.684869924091679e-05
4403,underground,1,3.684869924091679e-05
4404,uncommon,1,3.684869924091679e-05
4405,taxis,1,3.684869924091679e-05
4406,begun,1,3.684869924091679e-05
4407,diplomat,1,3.684869924091679e-05
4408,unclear,1,3.684869924091679e-05
4409,video,1,3.684869924091679e-05
4410,foreigners,1,3.684869924091679e-05
4411,registration,1,3.684869924091679e-05
4412,000s,1,3.684869924091679e-05
4413,jung,1,3.684869924091679e-05
4414,chang,1,3.684869924091679e-05
4415,hyun,1,3.684869924091679e-05
4416,missile,1,3.684869924091679e-05
4417,officially,1,3.684869924091679e-05
4418,exported,1,3.684869924091679e-05
4419,ofnew,1,3.684869924091679e-05
4420,averages,1,3.684869924091679e-05
4421,rear,1,3.684869924091679e-05
4422,quadrupled,1,3.684869924091679e-05
4423,lubricating,1,3.684869924091679e-05
4424,grease,1,3.684869924091679e-05
4425,kilometer,1,3.684869924091679e-05
4426,crackdown,1,3.684869924091679e-05
4427,smuggling,1,3.684869924091679e-05
4428,ming,1,3.684869924091679e-05
4429,dealer,1,3.684869924091679e-05
4430,jilin,1,3.684869924091679e-05
4431,province,1,3.684869924091679e-05
4432,destined,1,3.684869924091679e-05
4433,experienced,1,3.684869924091679e-05
4434,smugglers,1,3.684869924091679e-05
4435,handling,1,3.684869924091679e-05
4436,resale,1,3.684869924091679e-05
4437,footage,1,3.684869924091679e-05
4438,popular,1,3.684869924091679e-05
4439,eun,1,3.684869924091679e-05
4440,lee,1,3.684869924091679e-05
4441,researcher,1,3.684869924091679e-05
4442,unification,1,3.684869924091679e-05
4443,funded,1,3.684869924091679e-05
4444,variety,1,3.684869924091679e-05
4445,singledominant,1,3.684869924091679e-05
4446,manner,1,3.684869924091679e-05
4447,shared,1,3.684869924091679e-05
4448,parked,1,3.684869924091679e-05
4449,hyesan,1,3.684869924091679e-05
4450,activities,1,3.684869924091679e-05
4451,contractually,1,3.684869924091679e-05
4452,obliged,1,3.684869924091679e-05
4453,comply,1,3.684869924091679e-05
4454,unaware,1,3.684869924091679e-05
4455,influence,1,3.684869924091679e-05
4456,steps,1,3.684869924091679e-05
4457,adhere,1,3.684869924091679e-05
4458,busy,1,3.684869924091679e-05
4459,cumulative,1,3.684869924091679e-05
4460,impossible,1,3.684869924091679e-05
4461,miss,1,3.684869924091679e-05
4462,crazy,1,3.684869924091679e-05
4463,dense,1,3.684869924091679e-05
4464,insight,1,3.684869924091679e-05
4465,hpcl,1,3.684869924091679e-05
4466,zooms,1,3.684869924091679e-05
4467,hindustan,1,3.684869924091679e-05
4468,zoomed,1,3.684869924091679e-05
4469,aided,1,3.684869924091679e-05
4470,grm,1,3.684869924091679e-05
4471,entirely,1,3.684869924091679e-05
4472,accelerated,1,3.684869924091679e-05
4473,explorer,1,3.684869924091679e-05
4474,mmt,1,3.684869924091679e-05
4475,matured,1,3.684869924091679e-05
4476,fields,1,3.684869924091679e-05
4477,posts,1,3.684869924091679e-05
4478,arpu,1,3.684869924091679e-05
4479,indus,1,3.684869924091679e-05
4480,towers,1,3.684869924091679e-05
4481,approves,1,3.684869924091679e-05
4482,toboost,1,3.684869924091679e-05
4483,providing,1,3.684869924091679e-05
4484,fillip,1,3.684869924091679e-05
4485,sustainable,1,3.684869924091679e-05
4486,alternate,1,3.684869924091679e-05
4487,mining,1,3.684869924091679e-05
4488,method,1,3.684869924091679e-05
4489,entails,1,3.684869924091679e-05
4490,conversion,1,3.684869924091679e-05
4491,synthetic,1,3.684869924091679e-05
4492,downstream,1,3.684869924091679e-05
4493,substitutable,1,3.684869924091679e-05
4494,lng,1,3.684869924091679e-05
4495,ammonium,1,3.684869924091679e-05
4496,nitrate,1,3.684869924091679e-05
4497,coking,1,3.684869924091679e-05
4498,methanol,1,3.684869924091679e-05
4499,dme,1,3.684869924091679e-05
4500,fy2025,1,3.684869924091679e-05
4501,vulnerability,1,3.684869924091679e-05
4502,lignite,1,3.684869924091679e-05
4503,contribute,1,3.684869924091679e-05
4504,mt,1,3.684869924091679e-05
4505,certainty,1,3.684869924091679e-05
4506,linkage,1,3.684869924091679e-05
4507,entailing,1,3.684869924091679e-05
4508,centred,1,3.684869924091679e-05
4509,sng,1,3.684869924091679e-05
4510,extends,1,3.684869924091679e-05
4511,avail,1,3.684869924091679e-05
4512,maximum,1,3.684869924091679e-05
4513,categorisations,1,3.684869924091679e-05
4514,identifies,1,3.684869924091679e-05
4515,chinmay,1,3.684869924091679e-05
4516,rajendrakumar,1,3.684869924091679e-05
4517,gaikwad,1,3.684869924091679e-05
4518,organised,1,3.684869924091679e-05
4519,pharmaceuticals,1,3.684869924091679e-05
4520,delegation,1,3.684869924091679e-05
4521,diverse,1,3.684869924091679e-05
4522,krishan,1,3.684869924091679e-05
4523,balendra,1,3.684869924091679e-05
4524,keells,1,3.684869924091679e-05
4525,plc,1,3.684869924091679e-05
4526,cold,1,3.684869924091679e-05
4527,rail,1,3.684869924091679e-05
4528,sourcing,1,3.684869924091679e-05
4529,clusters,1,3.684869924091679e-05
4530,pune,1,3.684869924091679e-05
4531,anurag,1,3.684869924091679e-05
4532,wr,1,3.684869924091679e-05
4533,sub,1,3.684869924091679e-05
4534,polycab,1,3.684869924091679e-05
4535,zero,1,3.684869924091679e-05
4536,formulations,1,3.684869924091679e-05
4537,chambers,1,3.684869924091679e-05
4538,lists,1,3.684869924091679e-05
4539,fda,1,3.684869924091679e-05
4540,trusted,1,3.684869924091679e-05
4541,mechanism,1,3.684869924091679e-05
4542,proposed,1,3.684869924091679e-05
4543,upi,1,3.684869924091679e-05
4544,fintech,1,3.684869924091679e-05
4545,colombo,1,3.684869924091679e-05
4546,kandy,1,3.684869924091679e-05
4547,circuits,1,3.684869924091679e-05
4548,arrival,1,3.684869924091679e-05
4549,lankans,1,3.684869924091679e-05
4550,landing,1,3.684869924091679e-05
4551,pharmaceutical,1,3.684869924091679e-05
4552,shiran,1,3.684869924091679e-05
4553,fernando,1,3.684869924091679e-05
4554,facilitation,1,3.684869924091679e-05
4555,mahishini,1,3.684869924091679e-05
4556,colonne,1,3.684869924091679e-05
4557,duminda,1,3.684869924091679e-05
4558,hulangamuwa,1,3.684869924091679e-05
4559,passedon,1,3.684869924091679e-05
4560,outbreak,1,3.684869924091679e-05
4561,burden,1,3.684869924091679e-05
4562,insulated,1,3.684869924091679e-05
4563,tranches,1,3.684869924091679e-05
4564,minimal,1,3.684869924091679e-05
4565,ipone,1,3.684869924091679e-05
4566,dna,1,3.684869924091679e-05
4567,young,1,3.684869924091679e-05
4568,bikers,1,3.684869924091679e-05
4569,riding,1,3.684869924091679e-05
4570,bikes,1,3.684869924091679e-05
4571,053,1,3.684869924091679e-05
4572,018,1,3.684869924091679e-05
4573,070,1,3.684869924091679e-05
4574,interim,1,3.684869924091679e-05
4575,allotted,1,3.684869924091679e-05
4576,bonus,1,3.684869924091679e-05
4577,convertible,1,3.684869924091679e-05
4578,redeemable,1,3.684869924091679e-05
4579,preference,1,3.684869924091679e-05
4580,ncrps,1,3.684869924091679e-05
4581,amounting,1,3.684869924091679e-05
4582,slashes,1,3.684869924091679e-05
4583,sweeping,1,3.684869924091679e-05
4584,amounted,1,3.684869924091679e-05
4585,temporarily,1,3.684869924091679e-05
4586,paris,1,3.684869924091679e-05
4587,copenhagen,1,3.684869924091679e-05
4588,milan,1,3.684869924091679e-05
4589,vienna,1,3.684869924091679e-05
4590,rome,1,3.684869924091679e-05
4591,damages,1,3.684869924091679e-05
4592,ownerand,1,3.684869924091679e-05
4593,kalyanaraman,1,3.684869924091679e-05
4594,pte,1,3.684869924091679e-05
4595,attorney,1,3.684869924091679e-05
4596,anthony,1,3.684869924091679e-05
4597,brown,1,3.684869924091679e-05
4598,finished,1,3.684869924091679e-05
4599,confirmed,1,3.684869924091679e-05
4600,settled,1,3.684869924091679e-05
4601,agencies,1,3.684869924091679e-05
4602,surpass,1,3.684869924091679e-05
4603,costa,1,3.684869924091679e-05
4604,concordia,1,3.684869924091679e-05
4605,cruise,1,3.684869924091679e-05
4606,capsizing,1,3.684869924091679e-05
4607,pressing,1,3.684869924091679e-05
4608,criminal,1,3.684869924091679e-05
4609,employee,1,3.684869924091679e-05
4610,karthick,1,3.684869924091679e-05
4611,nair,1,3.684869924091679e-05
4612,superintendent,1,3.684869924091679e-05
4613,disputed,1,3.684869924091679e-05
4614,onboard,1,3.684869924091679e-05
4615,blackouts,1,3.684869924091679e-05
4616,blackout,1,3.684869924091679e-05
4617,generators,1,3.684869924091679e-05
4618,starved,1,3.684869924091679e-05
4619,stopping,1,3.684869924091679e-05
4620,root,1,3.684869924091679e-05
4621,latent,1,3.684869924091679e-05
4622,defect,1,3.684869924091679e-05
4623,leaves,1,3.684869924091679e-05
4624,hyundai,1,3.684869924091679e-05
4625,criminalising,1,3.684869924091679e-05
4626,tragic,1,3.684869924091679e-05
4627,reference,1,3.684869924091679e-05
4628,flushing,1,3.684869924091679e-05
4629,irrelevant,1,3.684869924091679e-05
4630,conclusions,1,3.684869924091679e-05
4631,transportation,1,3.684869924091679e-05
4632,occurred,1,3.684869924091679e-05
4633,lengths,1,3.684869924091679e-05
4634,francis,1,3.684869924091679e-05
4635,transiting,1,3.684869924091679e-05
4636,knots,1,3.684869924091679e-05
4637,ntsb,1,3.684869924091679e-05
4638,respected,1,3.684869924091679e-05
4639,conclusively,1,3.684869924091679e-05
4640,determined,1,3.684869924091679e-05
4641,inevitable,1,3.684869924091679e-05
4642,attributable,1,3.684869924091679e-05
4643,operation,1,3.684869924091679e-05
4644,rallied,1,3.684869924091679e-05
4645,lull,1,3.684869924091679e-05
4646,dipped,1,3.684869924091679e-05
4647,mirae,1,3.684869924091679e-05
4648,expensive,1,3.684869924091679e-05
4649,cohort,1,3.684869924091679e-05
4650,costliest,1,3.684869924091679e-05
4651,discourage,1,3.684869924091679e-05
4652,rallying,1,3.684869924091679e-05
4653,calendar,1,3.684869924091679e-05
4654,fade,1,3.684869924091679e-05
4655,peaked,1,3.684869924091679e-05
4656,avenue,1,3.684869924091679e-05
4657,dollarisation,1,3.684869924091679e-05
4658,theme,1,3.684869924091679e-05
4659,debasement,1,3.684869924091679e-05
4660,hedging,1,3.684869924091679e-05
4661,multi,1,3.684869924091679e-05
4662,independently,1,3.684869924091679e-05
4663,ounce,1,3.684869924091679e-05
4664,beneficiary,1,3.684869924091679e-05
4665,anindya,1,3.684869924091679e-05
4666,banerjee,1,3.684869924091679e-05
4667,securities,1,3.684869924091679e-05
4668,030,1,3.684869924091679e-05
4669,fy25,1,3.684869924091679e-05
4670,pertaining,1,3.684869924091679e-05
4671,demerger,1,3.684869924091679e-05
4672,commenting,1,3.684869924091679e-05
4673,girish,1,3.684869924091679e-05
4674,wagh,1,3.684869924091679e-05
4675,inflection,1,3.684869924091679e-05
4676,surpassing,1,3.684869924091679e-05
4677,fy19,1,3.684869924091679e-05
4678,landmark,1,3.684869924091679e-05
4679,milestones,1,3.684869924091679e-05
4680,reinforced,1,3.684869924091679e-05
4681,strengthened,1,3.684869924091679e-05
4682,slips,1,3.684869924091679e-05
4683,realty,1,3.684869924091679e-05
4684,093,1,3.684869924091679e-05
4685,04,1,3.684869924091679e-05
4686,counterfactual,1,3.684869924091679e-05
4687,exercises,1,3.684869924091679e-05
4688,fossil,1,3.684869924091679e-05
4689,gwh,1,3.684869924091679e-05
4690,arises,1,3.684869924091679e-05
4691,authors,1,3.684869924091679e-05
4692,undertook,1,3.684869924091679e-05
4693,approximated,1,3.684869924091679e-05
4694,simplified,1,3.684869924091679e-05
4695,pumped,1,3.684869924091679e-05
4696,approximate,1,3.684869924091679e-05
4697,installations,1,3.684869924091679e-05
4698,006,1,3.684869924091679e-05
4699,interactions,1,3.684869924091679e-05
4700,interpreted,1,3.684869924091679e-05
4701,suggest,1,3.684869924091679e-05
4702,conservative,1,3.684869924091679e-05
4703,regarding,1,3.684869924091679e-05
4704,divergence,1,3.684869924091679e-05
4705,aspect,1,3.684869924091679e-05
4706,reliably,1,3.684869924091679e-05
4707,blocks,1,3.684869924091679e-05
4708,continuity,1,3.684869924091679e-05
4709,depleted,1,3.684869924091679e-05
4710,gaps,1,3.684869924091679e-05
4711,ensured,1,3.684869924091679e-05
4712,discharge,1,3.684869924091679e-05
4713,trip,1,3.684869924091679e-05
4714,efficiencies,1,3.684869924091679e-05
4715,load,1,3.684869924091679e-05
4716,recharge,1,3.684869924091679e-05
4717,periodic,1,3.684869924091679e-05
4718,installed,1,3.684869924091679e-05
4719,mw,1,3.684869924091679e-05
4720,stored,1,3.684869924091679e-05
4721,mwh,1,3.684869924091679e-05
4722,shortfalls,1,3.684869924091679e-05
4723,windows,1,3.684869924091679e-05
4724,captures,1,3.684869924091679e-05
4725,sophisticated,1,3.684869924091679e-05
4726,chronological,1,3.684869924091679e-05
4727,published,1,3.684869924091679e-05
4728,behaves,1,3.684869924091679e-05
4729,explicit,1,3.684869924091679e-05
4730,replacement,1,3.684869924091679e-05
4731,scenarios,1,3.684869924091679e-05
4732,complement,1,3.684869924091679e-05
4733,behaviours,1,3.684869924091679e-05
4734,interpretable,1,3.684869924091679e-05
4735,choices,1,3.684869924091679e-05
4736,establish,1,3.684869924091679e-05
4737,binding,1,3.684869924091679e-05
4738,readiness,1,3.684869924091679e-05
4739,evaluating,1,3.684869924091679e-05
4740,alternatives,1,3.684869924091679e-05
4741,transparently,1,3.684869924091679e-05
4742,episodes,1,3.684869924091679e-05
4743,la,1,3.684869924091679e-05
4744,nina,1,3.684869924091679e-05
4745,hence,1,3.684869924091679e-05
4746,capacityplanning,1,3.684869924091679e-05
4747,mitigate,1,3.684869924091679e-05
4748,hydro,1,3.684869924091679e-05
4749,profound,1,3.684869924091679e-05
4750,forsuch,1,3.684869924091679e-05
4751,framed,1,3.684869924091679e-05
4752,minimizes,1,3.684869924091679e-05
4753,rigorous,1,3.684869924091679e-05
4754,foundation,1,3.684869924091679e-05
4755,pathways,1,3.684869924091679e-05
4756,maximize,1,3.684869924091679e-05
4757,affordability,1,3.684869924091679e-05
4758,expert,1,3.684869924091679e-05
4759,emergent,1,3.684869924091679e-05
4760,grantee,1,3.684869924091679e-05
4761,gwec,1,3.684869924091679e-05
4762,teri,1,3.684869924091679e-05
4763,views,1,3.684869924091679e-05
4764,holdouts,1,3.684869924091679e-05
4765,tide,1,3.684869924091679e-05
4766,orlando,1,3.684869924091679e-05
4767,decidedly,1,3.684869924091679e-05
4768,hawkish,1,3.684869924091679e-05
4769,completely,1,3.684869924091679e-05
4770,wiping,1,3.684869924091679e-05
4771,thrown,1,3.684869924091679e-05
4772,towel,1,3.684869924091679e-05
4773,nominee,1,3.684869924091679e-05
4774,warsh,1,3.684869924091679e-05
4775,committed,1,3.684869924091679e-05
4776,lowering,1,3.684869924091679e-05
4777,shock,1,3.684869924091679e-05
4778,upended,1,3.684869924091679e-05
4779,picture,1,3.684869924091679e-05
4780,inching,1,3.684869924091679e-05
4781,tighten,1,3.684869924091679e-05
4782,ditched,1,3.684869924091679e-05
4783,policymakers,1,3.684869924091679e-05
4784,dialling,1,3.684869924091679e-05
4785,dissent,1,3.684869924091679e-05
4786,objecting,1,3.684869924091679e-05
4787,signaling,1,3.684869924091679e-05
4788,stephen,1,3.684869924091679e-05
4789,miran,1,3.684869924091679e-05
4790,fomc,1,3.684869924091679e-05
4791,strongest,1,3.684869924091679e-05
4792,advocate,1,3.684869924091679e-05
4793,aggressive,1,3.684869924091679e-05
4794,stance,1,3.684869924091679e-05
4795,dot,1,3.684869924091679e-05
4796,plot,1,3.684869924091679e-05
4797,summary,1,3.684869924091679e-05
4798,projections,1,3.684869924091679e-05
4799,shelter,1,3.684869924091679e-05
4800,sep,1,3.684869924091679e-05
4801,trim,1,3.684869924091679e-05
4802,projection,1,3.684869924091679e-05
4803,forcefully,1,3.684869924091679e-05
4804,em,1,3.684869924091679e-05
4805,slack,1,3.684869924091679e-05
4806,appears,1,3.684869924091679e-05
4807,jerome,1,3.684869924091679e-05
4808,powell,1,3.684869924091679e-05
4809,uncomfortable,1,3.684869924091679e-05
4810,eyes,1,3.684869924091679e-05
4811,fragile,1,3.684869924091679e-05
4812,inflationary,1,3.684869924091679e-05
4813,reason,1,3.684869924091679e-05
4814,sticking,1,3.684869924091679e-05
4815,consensus,1,3.684869924091679e-05
4816,weaken,1,3.684869924091679e-05
4817,tends,1,3.684869924091679e-05
4818,masked,1,3.684869924091679e-05
4819,mandate,1,3.684869924091679e-05
4820,revving,1,3.684869924091679e-05
4821,happens,1,3.684869924091679e-05
4822,generate,1,3.684869924091679e-05
4823,hollenhorst,1,3.684869924091679e-05
4824,goncalves,1,3.684869924091679e-05
4825,trimmed,1,3.684869924091679e-05
4826,mildly,1,3.684869924091679e-05
4827,restrictive,1,3.684869924091679e-05
4828,argue,1,3.684869924091679e-05
4829,medium,1,3.684869924091679e-05
4830,reckon,1,3.684869924091679e-05
4831,chaos,1,3.684869924091679e-05
4832,vie,1,3.684869924091679e-05
4833,intense,1,3.684869924091679e-05
4834,keir,1,3.684869924091679e-05
4835,fear,1,3.684869924091679e-05
4836,gilts,1,3.684869924091679e-05
4837,gordon,1,3.684869924091679e-05
4838,manages,1,3.684869924091679e-05
4839,contenders,1,3.684869924091679e-05
4840,parliamentary,1,3.684869924091679e-05
4841,exception,1,3.684869924091679e-05
4842,wes,1,3.684869924091679e-05
4843,streeting,1,3.684869924091679e-05
4844,greater,1,3.684869924091679e-05
4845,manchester,1,3.684869924091679e-05
4846,mayor,1,3.684869924091679e-05
4847,andy,1,3.684869924091679e-05
4848,burnham,1,3.684869924091679e-05
4849,elected,1,3.684869924091679e-05
4850,parliament,1,3.684869924091679e-05
4851,exempted,1,3.684869924091679e-05
4852,weighing,1,3.684869924091679e-05
4853,liz,1,3.684869924091679e-05
4854,attempt,1,3.684869924091679e-05
4855,slash,1,3.684869924091679e-05
4856,tumble,1,3.684869924091679e-05
4857,england,1,3.684869924091679e-05
4858,halt,1,3.684869924091679e-05
4859,pension,1,3.684869924091679e-05
4860,vigilantes,1,3.684869924091679e-05
4861,circled,1,3.684869924091679e-05
4862,thozet,1,3.684869924091679e-05
4863,carmignac,1,3.684869924091679e-05
4864,moron,1,3.684869924091679e-05
4865,aftermath,1,3.684869924091679e-05
4866,selloff,1,3.684869924091679e-05
4867,politicians,1,3.684869924091679e-05
4868,wanted,1,3.684869924091679e-05
4869,knew,1,3.684869924091679e-05
4870,trail,1,3.684869924091679e-05
4871,pull,1,3.684869924091679e-05
4872,reaction,1,3.684869924091679e-05
4873,compare,1,3.684869924091679e-05
4874,robust,1,3.684869924091679e-05
4875,fiscally,1,3.684869924091679e-05
4876,newly,1,3.684869924091679e-05
4877,watchdog,1,3.684869924091679e-05
4878,balanced,1,3.684869924091679e-05
4879,leeway,1,3.684869924091679e-05
4880,politics,1,3.684869924091679e-05
4881,alexandra,1,3.684869924091679e-05
4882,ivanova,1,3.684869924091679e-05
4883,invesco,1,3.684869924091679e-05
4884,remind,1,3.684869924091679e-05
4885,semicon,1,3.684869924091679e-05
4886,stalling,1,3.684869924091679e-05
4887,stunning,1,3.684869924091679e-05
4888,eye,1,3.684869924091679e-05
4889,popping,1,3.684869924091679e-05
4890,sparking,1,3.684869924091679e-05
4891,overheated,1,3.684869924091679e-05
4892,pullback,1,3.684869924091679e-05
4893,buoying,1,3.684869924091679e-05
4894,semiconductors,1,3.684869924091679e-05
4895,symbolised,1,3.684869924091679e-05
4896,bull,1,3.684869924091679e-05
4897,fervour,1,3.684869924091679e-05
4898,throughout,1,3.684869924091679e-05
4899,centers,1,3.684869924091679e-05
4900,boosted,1,3.684869924091679e-05
4901,indexes,1,3.684869924091679e-05
4902,hiccup,1,3.684869924091679e-05
4903,sort,1,3.684869924091679e-05
4904,perfect,1,3.684869924091679e-05
4905,steve,1,3.684869924091679e-05
4906,edwards,1,3.684869924091679e-05
4907,stanley,1,3.684869924091679e-05
4908,confluence,1,3.684869924091679e-05
4909,enthusiastic,1,3.684869924091679e-05
4910,philadelphia,1,3.684869924091679e-05
4911,se,1,3.684869924091679e-05
4912,soared,1,3.684869924091679e-05
4913,micro,1,3.684869924091679e-05
4914,devices,1,3.684869924091679e-05
4915,intel,1,3.684869924091679e-05
4916,tripled,1,3.684869924091679e-05
4917,upbeat,1,3.684869924091679e-05
4918,comparisons,1,3.684869924091679e-05
4919,internet,1,3.684869924091679e-05
4920,bubble,1,3.684869924091679e-05
4921,anytime,1,3.684869924091679e-05
4922,parabolic,1,3.684869924091679e-05
4923,moves,1,3.684869924091679e-05
4924,ebullient,1,3.684869924091679e-05
4925,here,1,3.684869924091679e-05
4926,chase,1,3.684869924091679e-05
4927,counsel,1,3.684869924091679e-05
4928,charlottesville,1,3.684869924091679e-05
4929,virginia,1,3.684869924091679e-05
4930,qualcomm,1,3.684869924091679e-05
4931,generating,1,3.684869924091679e-05
4932,amd,1,3.684869924091679e-05
4933,sox,1,3.684869924091679e-05
4934,ending,1,3.684869924091679e-05
4935,bearish,1,3.684869924091679e-05
4936,burry,1,3.684869924091679e-05
4937,puts,1,3.684869924091679e-05
4938,ishares,1,3.684869924091679e-05
4939,outperformance,1,3.684869924091679e-05
4940,semi,1,3.684869924091679e-05
4941,weighting,1,3.684869924091679e-05
4942,buildout,1,3.684869924091679e-05
4943,propelled,1,3.684869924091679e-05
4944,specialising,1,3.684869924091679e-05
4945,sandisk,1,3.684869924091679e-05
4946,western,1,3.684869924091679e-05
4947,pv,1,3.684869924091679e-05
4948,falls,1,3.684869924091679e-05
4949,tmpvl,1,3.684869924091679e-05
4950,jaguar,1,3.684869924091679e-05
4951,rover,1,3.684869924091679e-05
4952,incident,1,3.684869924091679e-05
4953,luxury,1,3.684869924091679e-05
4954,vme,1,3.684869924091679e-05
4955,commodities,1,3.684869924091679e-05
4956,3per,1,3.684869924091679e-05
4957,buys,1,3.684869924091679e-05
4958,mn,1,3.684869924091679e-05
4959,subsidiary,1,3.684869924091679e-05
4960,americas,1,3.684869924091679e-05
4961,unlocks,1,3.684869924091679e-05
4962,mitigating,1,3.684869924091679e-05
4963,localised,1,3.684869924091679e-05
4964,doubles,1,3.684869924091679e-05
4965,madan,1,3.684869924091679e-05
4966,sabnavis,1,3.684869924091679e-05
4967,manifested,1,3.684869924091679e-05
4968,shashwat,1,3.684869924091679e-05
4969,broking,1,3.684869924091679e-05
4970,input,1,3.684869924091679e-05
4971,pushing,1,3.684869924091679e-05
4972,witnessed,1,3.684869924091679e-05
4973,deflation,1,3.684869924091679e-05
4974,mineral,1,3.684869924091679e-05
4975,oils,1,3.684869924091679e-05
4976,exporters,1,3.684869924091679e-05
4977,nations,1,3.684869924091679e-05
4978,omitted,1,3.684869924091679e-05
4979,raising,1,3.684869924091679e-05
4980,covers,1,3.684869924091679e-05
4981,eels,1,3.684869924091679e-05
4982,roes,1,3.684869924091679e-05
4983,caviar,1,3.684869924091679e-05
4984,crustaceans,1,3.684869924091679e-05
4985,livestock,1,3.684869924091679e-05
4986,yield,1,3.684869924091679e-05
4987,purposes,1,3.684869924091679e-05
4988,treated,1,3.684869924091679e-05
4989,reserved,1,3.684869924091679e-05
4990,human,1,3.684869924091679e-05
4991,infections,1,3.684869924091679e-05
4992,antimicrobial,1,3.684869924091679e-05
4993,formally,1,3.684869924091679e-05
4994,applying,1,3.684869924091679e-05
4995,builds,1,3.684869924091679e-05
4996,fisheries,1,3.684869924091679e-05
4997,establishments,1,3.684869924091679e-05
4998,anti,1,3.684869924091679e-05
4999,microbial,1,3.684869924091679e-05
5000,bans,1,3.684869924091679e-05
5001,sept,1,3.684869924091679e-05
5002,excluded,1,3.684869924091679e-05
5003,cxl,1,3.684869924091679e-05
5004,trq,1,3.684869924091679e-05
5005,quota,1,3.684869924091679e-05
5006,authorisation,1,3.684869924091679e-05
5007,consignment,1,3.684869924091679e-05
5008,loading,1,3.684869924091679e-05
5009,commenced,1,3.684869924091679e-05
5010,isma,1,3.684869924091679e-05
5011,commencement,1,3.684869924091679e-05
5012,sugarcane,1,3.684869924091679e-05
5013,crushing,1,3.684869924091679e-05
5014,diverted,1,3.684869924091679e-05
5015,ethanol,1,3.684869924091679e-05
5016,prevailing,1,3.684869924091679e-05
5017,progressed,1,3.684869924091679e-05
5018,uttar,1,3.684869924091679e-05
5019,pradesh,1,3.684869924091679e-05
5020,moderation,1,3.684869924091679e-05
5021,slams,1,3.684869924091679e-05
5022,expiry,1,3.684869924091679e-05
5023,suhasini,1,3.684869924091679e-05
5024,haidar,1,3.684869924091679e-05
5025,awaits,1,3.684869924091679e-05
5026,extending,1,3.684869924091679e-05
5027,unjustified,1,3.684869924091679e-05
5028,delivering,1,3.684869924091679e-05
5029,brics,1,3.684869924091679e-05
5030,ministers,1,3.684869924091679e-05
5031,chaired,1,3.684869924091679e-05
5032,grouping,1,3.684869924091679e-05
5033,problem,1,3.684869924091679e-05
5034,attended,1,3.684869924091679e-05
5035,sergey,1,3.684869924091679e-05
5036,lavrov,1,3.684869924091679e-05
5037,iranian,1,3.684869924091679e-05
5038,abbas,1,3.684869924091679e-05
5039,araghchi,1,3.684869924091679e-05
5040,provider,1,3.684869924091679e-05
5041,rushing,1,3.684869924091679e-05
5042,stuck,1,3.684869924091679e-05
5043,coercive,1,3.684869924091679e-05
5044,inconsistent,1,3.684869924091679e-05
5045,unjustifiable,1,3.684869924091679e-05
5046,substitute,1,3.684869924091679e-05
5047,dialogue,1,3.684869924091679e-05
5048,wake,1,3.684869924091679e-05
5049,granted,1,3.684869924091679e-05
5050,lapsed,1,3.684869924091679e-05
5051,expire,1,3.684869924091679e-05
5052,treasury,1,3.684869924091679e-05
5053,bessent,1,3.684869924091679e-05
5054,poorest,1,3.684869924091679e-05
5055,imagine,1,3.684869924091679e-05
5056,bought,1,3.684869924091679e-05
5057,nda,1,3.684869924091679e-05
5058,maintains,1,3.684869924091679e-05
5059,accepting,1,3.684869924091679e-05
5060,practice,1,3.684869924091679e-05
5061,complied,1,3.684869924091679e-05
5062,series,1,3.684869924091679e-05
5063,venezuela,1,3.684869924091679e-05
5064,chabahar,1,3.684869924091679e-05
5065,cutting,1,3.684869924091679e-05
5066,spokesperson,1,3.684869924091679e-05
5067,randhir,1,3.684869924091679e-05
5068,jaiswal,1,3.684869924091679e-05
5069,inflicting,1,3.684869924091679e-05
5070,bottom,1,3.684869924091679e-05
5071,dragging,1,3.684869924091679e-05
5072,hefty,1,3.684869924091679e-05
5073,acquiring,1,3.684869924091679e-05
5074,merged,1,3.684869924091679e-05
5075,coupled,1,3.684869924091679e-05
5076,benefited,1,3.684869924091679e-05
5077,sgd1,1,3.684869924091679e-05
5078,crash,1,3.684869924091679e-05
5079,weakening,1,3.684869924091679e-05
5080,detours,1,3.684869924091679e-05
5081,turbine,1,3.684869924091679e-05
5082,weighed,1,3.684869924091679e-05
5083,spilt,1,3.684869924091679e-05
5084,society,1,3.684869924091679e-05
5085,emanating,1,3.684869924091679e-05
5086,witnessing,1,3.684869924091679e-05
5087,menon,1,3.684869924091679e-05
5088,quadricycles,1,3.684869924091679e-05
5089,jotaro,1,3.684869924091679e-05
5090,underlined,1,3.684869924091679e-05
5091,ensuing,1,3.684869924091679e-05
5092,tehran,1,3.684869924091679e-05
5093,blocking,1,3.684869924091679e-05
5094,movement,1,3.684869924091679e-05
5095,globe,1,3.684869924091679e-05
5096,query,1,3.684869924091679e-05
5097,closure,1,3.684869924091679e-05
5098,prominent,1,3.684869924091679e-05
5099,onto,1,3.684869924091679e-05
5100,knock,1,3.684869924091679e-05
5101,containers,1,3.684869924091679e-05
5102,passage,1,3.684869924091679e-05
5103,persian,1,3.684869924091679e-05
5104,elaborating,1,3.684869924091679e-05
5105,impulse,1,3.684869924091679e-05
5106,producer,1,3.684869924091679e-05
5107,energies,1,3.684869924091679e-05
5108,hydrogen,1,3.684869924091679e-05
5109,decarbonised,1,3.684869924091679e-05
5110,twelve,1,3.684869924091679e-05
5111,varied,1,3.684869924091679e-05
5112,jolts,1,3.684869924091679e-05
5113,pounce,1,3.684869924091679e-05
5114,thousands,1,3.684869924091679e-05
5115,offlight,1,3.684869924091679e-05
5116,boon,1,3.684869924091679e-05
5117,fastest,1,3.684869924091679e-05
5118,oag,1,3.684869924091679e-05
5119,widespread,1,3.684869924091679e-05
5120,encroachment,1,3.684869924091679e-05
5121,ambitions,1,3.684869924091679e-05
5122,credible,1,3.684869924091679e-05
5123,widebody,1,3.684869924091679e-05
5124,jets,1,3.684869924091679e-05
5125,upgrading,1,3.684869924091679e-05
5126,cabins,1,3.684869924091679e-05
5127,attacked,1,3.684869924091679e-05
5128,linus,1,3.684869924091679e-05
5129,benjamin,1,3.684869924091679e-05
5130,bauer,1,3.684869924091679e-05
5131,baa,1,3.684869924091679e-05
5132,familiar,1,3.684869924091679e-05
5133,condition,1,3.684869924091679e-05
5134,anonymity,1,3.684869924091679e-05
5135,staff,1,3.684869924091679e-05
5136,memo,1,3.684869924091679e-05
5137,outgoing,1,3.684869924091679e-05
5138,campbell,1,3.684869924091679e-05
5139,wilson,1,3.684869924091679e-05
5140,unprofitable,1,3.684869924091679e-05
5141,diplomatic,1,3.684869924091679e-05
5142,costly,1,3.684869924091679e-05
5143,reroutings,1,3.684869924091679e-05
5144,queries,1,3.684869924091679e-05
5145,boomed,1,3.684869924091679e-05
5146,regular,1,3.684869924091679e-05
5147,angst,1,3.684869924091679e-05
5148,favoured,1,3.684869924091679e-05
5149,cirium,1,3.684869924091679e-05
5150,emirates,1,3.684869924091679e-05
5151,at2,1,3.684869924091679e-05
5152,notable,1,3.684869924091679e-05
5153,gainers,1,3.684869924091679e-05
5154,ronald,1,3.684869924091679e-05
5155,lam,1,3.684869924091679e-05
5156,connected,1,3.684869924091679e-05
5157,additions,1,3.684869924091679e-05
5158,curbed,1,3.684869924091679e-05
5159,rolling,1,3.684869924091679e-05
5160,campaigns,1,3.684869924091679e-05
5161,lure,1,3.684869924091679e-05
5162,lighting,1,3.684869924091679e-05
5163,iconic,1,3.684869924091679e-05
5164,sea,1,3.684869924091679e-05
5165,worsened,1,3.684869924091679e-05
5166,dubai,1,3.684869924091679e-05
5167,capped,1,3.684869924091679e-05
5168,faced,1,3.684869924091679e-05
5169,stopped,1,3.684869924091679e-05
5170,san,1,3.684869924091679e-05
5171,francisco,1,3.684869924091679e-05
5172,bolster,1,3.684869924091679e-05
5173,attract,1,3.684869924091679e-05
5174,gosain,1,3.684869924091679e-05
5175,routings,1,3.684869924091679e-05
5176,prefer,1,3.684869924091679e-05
5177,knocked,1,3.684869924091679e-05
5178,crunch,1,3.684869924091679e-05
5179,delaying,1,3.684869924091679e-05
5180,recovery,1,3.684869924091679e-05
5181,fighting,1,3.684869924091679e-05
5182,slashed,1,3.684869924091679e-05
5183,tanker,1,3.684869924091679e-05
5184,tightness,1,3.684869924091679e-05
5185,underpin,1,3.684869924091679e-05
5186,saxo,1,3.684869924091679e-05
5187,ole,1,3.684869924091679e-05
5188,hansen,1,3.684869924091679e-05
5189,abarrel,1,3.684869924091679e-05
5190,inventories,1,3.684869924091679e-05
5191,totalenergies,1,3.684869924091679e-05
5192,patrick,1,3.684869924091679e-05
5193,pouyanne,1,3.684869924091679e-05
5194,restart,1,3.684869924091679e-05
5195,fuels,1,3.684869924091679e-05
5196,derived,1,3.684869924091679e-05
5197,shut,1,3.684869924091679e-05
5198,ras,1,3.684869924091679e-05
5199,tanura,1,3.684869924091679e-05
5200,arabia,1,3.684869924091679e-05
5201,restarted,1,3.684869924091679e-05
5202,undergoing,1,3.684869924091679e-05
5203,turnaround,1,3.684869924091679e-05
5204,aramco,1,3.684869924091679e-05
5205,amin,1,3.684869924091679e-05
5206,nasser,1,3.684869924091679e-05
5207,mina,1,3.684869924091679e-05
5208,ahmadi,1,3.684869924091679e-05
5209,minaabdullah,1,3.684869924091679e-05
5210,drones,1,3.684869924091679e-05
5211,zour,1,3.684869924091679e-05
5212,lowered,1,3.684869924091679e-05
5213,ukrainian,1,3.684869924091679e-05
5214,drone,1,3.684869924091679e-05
5215,machine,1,3.684869924091679e-05
5216,sites,1,3.684869924091679e-05
5217,shortage,1,3.684869924091679e-05
5218,jp,1,3.684869924091679e-05
5219,outages,1,3.684869924091679e-05
5220,the100,1,3.684869924091679e-05
5221,fge,1,3.684869924091679e-05
5222,qilin,1,3.684869924091679e-05
5223,tam,1,3.684869924091679e-05
5224,flipping,1,3.684869924091679e-05
5225,solid,1,3.684869924091679e-05
5226,glaring,1,3.684869924091679e-05
5227,deficit,1,3.684869924091679e-05
5228,shortfall,1,3.684869924091679e-05
5229,dangote,1,3.684869924091679e-05
5230,litre,1,3.684869924091679e-05
5231,halted,1,3.684869924091679e-05
5232,spare,1,3.684869924091679e-05
5233,dix,1,3.684869924091679e-05
5234,growingcredit,1,3.684869924091679e-05
5235,sydney,1,3.684869924091679e-05
5236,darkens,1,3.684869924091679e-05
5237,hundreds,1,3.684869924091679e-05
5238,blaming,1,3.684869924091679e-05
5239,indirect,1,3.684869924091679e-05
5240,warn,1,3.684869924091679e-05
5241,pile,1,3.684869924091679e-05
5242,replenish,1,3.684869924091679e-05
5243,forward,1,3.684869924091679e-05
5244,overlays,1,3.684869924091679e-05
5245,natixis,1,3.684869924091679e-05
5246,cib,1,3.684869924091679e-05
5247,bottomline,1,3.684869924091679e-05
5248,destruction,1,3.684869924091679e-05
5249,provision,1,3.684869924091679e-05
5250,cope,1,3.684869924091679e-05
5251,australian,1,3.684869924091679e-05
5252,buffer,1,3.684869924091679e-05
5253,excluding,1,3.684869924091679e-05
5254,8billion,1,3.684869924091679e-05
5255,uptick,1,3.684869924091679e-05
5256,magnitude,1,3.684869924091679e-05
5257,depend,1,3.684869924091679e-05
5258,11th,1,3.684869924091679e-05
5259,toll,1,3.684869924091679e-05
5260,worsen,1,3.684869924091679e-05
5261,currencies,1,3.684869924091679e-05
5262,interactive,1,3.684869924091679e-05
5263,brokers,1,3.684869924091679e-05
5264,jos,1,3.684869924091679e-05
5265,torres,1,3.684869924091679e-05
5266,commonwealth,1,3.684869924091679e-05
5267,provisioning,1,3.684869924091679e-05
5268,debts,1,3.684869924091679e-05
5269,downplay,1,3.684869924091679e-05
5270,bullish,1,3.684869924091679e-05
5271,tone,1,3.684869924091679e-05
5272,snarls,1,3.684869924091679e-05
5273,downplaying,1,3.684869924091679e-05
5274,northern,1,3.684869924091679e-05
5275,hemisphere,1,3.684869924091679e-05
5276,contrasts,1,3.684869924091679e-05
5277,bleaker,1,3.684869924091679e-05
5278,warnings,1,3.684869924091679e-05
5279,always,1,3.684869924091679e-05
5280,stand,1,3.684869924091679e-05
5281,absolutely,1,3.684869924091679e-05
5282,indication,1,3.684869924091679e-05
5283,sebastian,1,3.684869924091679e-05
5284,ebel,1,3.684869924091679e-05
5285,tui,1,3.684869924091679e-05
5286,presenting,1,3.684869924091679e-05
5287,discussion,1,3.684869924091679e-05
5288,wreaks,1,3.684869924091679e-05
5289,havoc,1,3.684869924091679e-05
5290,regions,1,3.684869924091679e-05
5291,rotterdam,1,3.684869924091679e-05
5292,antwerparea,1,3.684869924091679e-05
5293,lseg,1,3.684869924091679e-05
5294,workspace,1,3.684869924091679e-05
5295,carsten,1,3.684869924091679e-05
5296,deliveries,1,3.684869924091679e-05
5297,decreases,1,3.684869924091679e-05
5298,somewhat,1,3.684869924091679e-05
5299,rest,1,3.684869924091679e-05
5300,ryanair,1,3.684869924091679e-05
5301,leary,1,3.684869924091679e-05
5302,receding,1,3.684869924091679e-05
5303,wizz,1,3.684869924091679e-05
5304,jozsef,1,3.684869924091679e-05
5305,varadi,1,3.684869924091679e-05
5306,ton,1,3.684869924091679e-05
5307,spur,1,3.684869924091679e-05
5308,creative,1,3.684869924091679e-05
5309,i6,1,3.684869924091679e-05
5310,worries,1,3.684869924091679e-05
5311,italian,1,3.684869924091679e-05
5312,mclean,1,3.684869924091679e-05
5313,dublin,1,3.684869924091679e-05
5314,ticket,1,3.684869924091679e-05
5315,cancellations,1,3.684869924091679e-05
5316,safe,1,3.684869924091679e-05
5317,book,1,3.684869924091679e-05
5318,strickland,1,3.684869924091679e-05
5319,positive,1,3.684869924091679e-05
5320,dan,1,3.684869924091679e-05
5321,jorgensen,1,3.684869924091679e-05
5322,exclude,1,3.684869924091679e-05
