unique_word_id,word,frequency,posterior_probability
1,the,2121,0.0727466044724928
2,of,877,0.030079571957744546
3,to,808,0.027712992179997255
4,and,793,0.027198518315269583
5,in,658,0.022568253532720538
6,is,390,0.013376320482919467
7,that,314,0.010769652901632598
8,for,280,0.009603512141583207
9,as,231,0.007922897516806146
10,on,218,0.007477020167375497
11,has,212,0.007271230621484428
12,it,203,0.006962546302647825
13,not,181,0.006207984634380574
14,with,179,0.00613938811908355
15,by,168,0.005762107284949925
16,india,167,0.005727809027301413
17,this,145,0.004973247359034161
18,be,139,0.004767457813143092
19,was,130,0.004458773494306489
20,are,128,0.004390176979009466
21,have,124,0.00425298394841542
22,from,123,0.004218685690766909
23,at,119,0.004081492660172863
24,its,98,0.0033612292495541225
25,an,98,0.0033612292495541225
26,but,91,0.0031211414460145426
27,or,88,0.003018246673069008
28,which,82,0.002812457127177939
29,he,79,0.002709562354232405
30,will,78,0.0026752640965838933
31,their,76,0.0026066675812868706
32,government,74,0.0025380710659898475
33,state,74,0.0025380710659898475
34,mr,73,0.002503772808341336
35,also,71,0.0024351762930443135
36,may,70,0.0024008780353958017
37,more,69,0.0023665797777472903
38,new,69,0.0023665797777472903
39,been,68,0.002332281520098779
40,his,65,0.0022293867471532445
41,party,63,0.002160790231856222
42,one,62,0.00212649197420771
43,they,61,0.0020921937165591987
44,defence,61,0.0020921937165591987
45,such,60,0.0020578954589106874
46,congress,59,0.002023597201262176
47,had,59,0.002023597201262176
48,now,56,0.0019207024283166415
49,while,55,0.00188640417066813
50,years,55,0.00188640417066813
51,war,55,0.00188640417066813
52,only,53,0.001817807655371107
53,when,53,0.001817807655371107
54,were,52,0.0017835093977225957
55,who,50,0.0017149128824255728
56,can,50,0.0017149128824255728
57,all,50,0.0017149128824255728
58,economic,50,0.0017149128824255728
59,no,49,0.0016806146247770612
60,bjp,49,0.0016806146247770612
61,than,49,0.0016806146247770612
62,would,48,0.0016463163671285499
63,there,47,0.0016120181094800383
64,these,47,0.0016120181094800383
65,world,46,0.001577719851831527
66,china,46,0.001577719851831527
67,even,45,0.0015434215941830154
68,political,45,0.0015434215941830154
69,over,45,0.0015434215941830154
70,about,45,0.0015434215941830154
71,against,44,0.001509123336534504
72,time,44,0.001509123336534504
73,after,43,0.0014748250788859925
74,what,43,0.0014748250788859925
75,water,43,0.0014748250788859925
76,minister,41,0.0014062285635889696
77,under,41,0.0014062285635889696
78,if,41,0.0014062285635889696
79,tamil,40,0.0013719303059404582
80,through,40,0.0013719303059404582
81,two,39,0.0013376320482919467
82,nadu,39,0.0013376320482919467
83,must,39,0.0013376320482919467
84,most,38,0.0013033337906434353
85,iran,37,0.0012690355329949238
86,people,36,0.0012347372753464124
87,we,36,0.0012347372753464124
88,trump,36,0.0012347372753464124
89,women,35,0.0012004390176979008
90,them,34,0.0011661407600493895
91,states,34,0.0011661407600493895
92,tvk,33,0.001131842502400878
93,vijay,33,0.001131842502400878
94,first,33,0.001131842502400878
95,into,33,0.001131842502400878
96,both,33,0.001131842502400878
97,out,32,0.0010975442447523666
98,other,32,0.0010975442447523666
99,between,32,0.0010975442447523666
100,strategic,31,0.001063245987103855
101,national,31,0.001063245987103855
102,any,29,0.0009946494718068321
103,just,29,0.0009946494718068321
104,said,29,0.0009946494718068321
105,up,28,0.0009603512141583208
106,election,28,0.0009603512141583208
107,year,28,0.0009603512141583208
108,global,28,0.0009603512141583208
109,within,27,0.0009260529565098093
110,so,27,0.0009260529565098093
111,health,27,0.0009260529565098093
112,law,27,0.0009260529565098093
113,education,27,0.0009260529565098093
114,many,26,0.0008917546988612979
115,could,26,0.0008917546988612979
116,because,26,0.0008917546988612979
117,seen,26,0.0008917546988612979
118,made,26,0.0008917546988612979
119,countries,26,0.0008917546988612979
120,across,26,0.0008917546988612979
121,however,26,0.0008917546988612979
122,indian,25,0.0008574564412127864
123,support,24,0.0008231581835642749
124,governor,24,0.0008231581835642749
125,high,24,0.0008231581835642749
126,order,24,0.0008231581835642749
127,politics,24,0.0008231581835642749
128,country,24,0.0008231581835642749
129,opposition,24,0.0008231581835642749
130,youth,24,0.0008231581835642749
131,social,24,0.0008231581835642749
132,parties,23,0.0007888599259157635
133,power,23,0.0007888599259157635
134,some,23,0.0007888599259157635
135,largest,23,0.0007888599259157635
136,how,23,0.0007888599259157635
137,do,23,0.0007888599259157635
138,those,23,0.0007888599259157635
139,president,23,0.0007888599259157635
140,self,23,0.0007888599259157635
141,public,23,0.0007888599259157635
142,much,23,0.0007888599259157635
143,chief,22,0.000754561668267252
144,dmk,22,0.000754561668267252
145,house,22,0.000754561668267252
146,assembly,22,0.000754561668267252
147,elections,22,0.000754561668267252
148,vote,22,0.000754561668267252
149,development,22,0.000754561668267252
150,labour,22,0.000754561668267252
151,does,22,0.000754561668267252
152,south,22,0.000754561668267252
153,co,22,0.000754561668267252
154,data,22,0.000754561668267252
155,case,21,0.0007202634106187406
156,before,21,0.0007202634106187406
157,need,21,0.0007202634106187406
158,system,21,0.0007202634106187406
159,article,21,0.0007202634106187406
160,should,21,0.0007202634106187406
161,since,21,0.0007202634106187406
162,magna,21,0.0007202634106187406
163,change,21,0.0007202634106187406
164,led,20,0.0006859651529702291
165,work,20,0.0006859651529702291
166,him,20,0.0006859651529702291
167,united,20,0.0006859651529702291
168,often,20,0.0006859651529702291
169,kerala,20,0.0006859651529702291
170,whether,20,0.0006859651529702291
171,urban,20,0.0006859651529702291
172,among,20,0.0006859651529702291
173,growth,20,0.0006859651529702291
174,15,19,0.0006516668953217177
175,single,19,0.0006516668953217177
176,2024,18,0.0006173686376732062
177,majority,18,0.0006173686376732062
178,where,18,0.0006173686376732062
179,letters,18,0.0006173686376732062
180,three,18,0.0006173686376732062
181,long,18,0.0006173686376732062
182,kind,18,0.0006173686376732062
183,come,18,0.0006173686376732062
184,during,18,0.0006173686376732062
185,innovation,18,0.0006173686376732062
186,areas,18,0.0006173686376732062
187,king,18,0.0006173686376732062
188,carta,18,0.0006173686376732062
189,next,17,0.0005830703800246947
190,share,17,0.0005830703800246947
191,did,17,0.0005830703800246947
192,union,17,0.0005830703800246947
193,workers,17,0.0005830703800246947
194,crore,17,0.0005830703800246947
195,challenge,17,0.0005830703800246947
196,own,17,0.0005830703800246947
197,use,17,0.0005830703800246947
198,right,17,0.0005830703800246947
199,notes,17,0.0005830703800246947
200,news,17,0.0005830703800246947
201,question,17,0.0005830703800246947
202,reservation,17,0.0005830703800246947
203,10,16,0.0005487721223761833
204,position,16,0.0005487721223761833
205,alliance,16,0.0005487721223761833
206,second,16,0.0005487721223761833
207,given,16,0.0005487721223761833
208,remains,16,0.0005487721223761833
209,muslim,16,0.0005487721223761833
210,likely,16,0.0005487721223761833
211,day,16,0.0005487721223761833
212,military,16,0.0005487721223761833
213,based,16,0.0005487721223761833
214,students,16,0.0005487721223761833
215,policy,16,0.0005487721223761833
216,chart,16,0.0005487721223761833
217,foreign,16,0.0005487721223761833
218,international,16,0.0005487721223761833
219,vietnam,16,0.0005487721223761833
220,noise,16,0.0005487721223761833
221,media,16,0.0005487721223761833
222,beijing,16,0.0005487721223761833
223,kazhagam,15,0.0005144738647276718
224,seats,15,0.0005144738647276718
225,court,15,0.0005144738647276718
226,partnership,15,0.0005144738647276718
227,access,15,0.0005144738647276718
228,well,15,0.0005144738647276718
229,still,15,0.0005144738647276718
230,address,15,0.0005144738647276718
231,centre,15,0.0005144738647276718
232,further,15,0.0005144738647276718
233,days,15,0.0005144738647276718
234,being,15,0.0005144738647276718
235,legislators,15,0.0005144738647276718
236,down,15,0.0005144738647276718
237,supply,15,0.0005144738647276718
238,ago,15,0.0005144738647276718
239,indians,15,0.0005144738647276718
240,several,15,0.0005144738647276718
241,become,15,0.0005144738647276718
242,conflict,15,0.0005144738647276718
243,2026,14,0.0004801756070791604
244,five,14,0.0004801756070791604
245,though,14,0.0004801756070791604
246,aiadmk,14,0.0004801756070791604
247,form,14,0.0004801756070791604
248,despite,14,0.0004801756070791604
249,economy,14,0.0004801756070791604
250,already,14,0.0004801756070791604
251,working,14,0.0004801756070791604
252,face,14,0.0004801756070791604
253,karnataka,14,0.0004801756070791604
254,same,14,0.0004801756070791604
255,issue,14,0.0004801756070791604
256,summit,14,0.0004801756070791604
257,prime,14,0.0004801756070791604
258,model,14,0.0004801756070791604
259,bilateral,14,0.0004801756070791604
260,rural,14,0.0004801756070791604
261,our,14,0.0004801756070791604
262,victory,14,0.0004801756070791604
263,better,14,0.0004801756070791604
264,000,14,0.0004801756070791604
265,lakh,14,0.0004801756070791604
266,remain,14,0.0004801756070791604
267,action,14,0.0004801756070791604
268,pressure,14,0.0004801756070791604
269,rights,14,0.0004801756070791604
270,wildlife,14,0.0004801756070791604
271,american,14,0.0004801756070791604
272,12,13,0.0004458773494306489
273,13,13,0.0004458773494306489
274,2022,13,0.0004458773494306489
275,resources,13,0.0004458773494306489
276,image,13,0.0004458773494306489
277,members,13,0.0004458773494306489
278,confidence,13,0.0004458773494306489
279,comes,13,0.0004458773494306489
280,without,13,0.0004458773494306489
281,anti,13,0.0004458773494306489
282,too,13,0.0004458773494306489
283,way,13,0.0004458773494306489
284,set,13,0.0004458773494306489
285,cooperation,13,0.0004458773494306489
286,key,13,0.0004458773494306489
287,similar,13,0.0004458773494306489
288,help,13,0.0004458773494306489
289,control,13,0.0004458773494306489
290,level,13,0.0004458773494306489
291,space,13,0.0004458773494306489
292,her,13,0.0004458773494306489
293,various,13,0.0004458773494306489
294,thehindu,13,0.0004458773494306489
295,muslims,13,0.0004458773494306489
296,less,13,0.0004458773494306489
297,used,13,0.0004458773494306489
298,peace,13,0.0004458773494306489
299,group,13,0.0004458773494306489
300,visit,13,0.0004458773494306489
301,human,13,0.0004458773494306489
302,trade,13,0.0004458773494306489
303,force,13,0.0004458773494306489
304,america,13,0.0004458773494306489
305,each,12,0.00041157909178213747
306,commission,12,0.00041157909178213747
307,bloc,12,0.00041157909178213747
308,dravidian,12,0.00041157909178213747
309,act,12,0.00041157909178213747
310,needs,12,0.00041157909178213747
311,previous,12,0.00041157909178213747
312,point,12,0.00041157909178213747
313,cannot,12,0.00041157909178213747
314,systems,12,0.00041157909178213747
315,make,12,0.00041157909178213747
316,france,12,0.00041157909178213747
317,according,12,0.00041157909178213747
318,future,12,0.00041157909178213747
319,important,12,0.00041157909178213747
320,west,12,0.00041157909178213747
321,measures,12,0.00041157909178213747
322,past,12,0.00041157909178213747
323,community,12,0.00041157909178213747
324,udf,12,0.00041157909178213747
325,crisis,12,0.00041157909178213747
326,legal,12,0.00041157909178213747
327,billion,12,0.00041157909178213747
328,yet,12,0.00041157909178213747
329,today,12,0.00041157909178213747
330,nations,12,0.00041157909178213747
331,attack,12,0.00041157909178213747
332,aspirations,12,0.00041157909178213747
333,girls,12,0.00041157909178213747
334,ecological,12,0.00041157909178213747
335,russia,12,0.00041157909178213747
336,turner,12,0.00041157909178213747
337,2017,11,0.000377280834133626
338,post,11,0.000377280834133626
339,leader,11,0.000377280834133626
340,governments,11,0.000377280834133626
341,programme,11,0.000377280834133626
342,including,11,0.000377280834133626
343,around,11,0.000377280834133626
344,non,11,0.000377280834133626
345,last,11,0.000377280834133626
346,then,11,0.000377280834133626
347,regional,11,0.000377280834133626
348,held,11,0.000377280834133626
349,like,11,0.000377280834133626
350,democratic,11,0.000377280834133626
351,governance,11,0.000377280834133626
352,korea,11,0.000377280834133626
353,relations,11,0.000377280834133626
354,called,11,0.000377280834133626
355,start,11,0.000377280834133626
356,challenges,11,0.000377280834133626
357,delhi,11,0.000377280834133626
358,major,11,0.000377280834133626
359,limited,11,0.000377280834133626
360,role,11,0.000377280834133626
361,per,11,0.000377280834133626
362,due,11,0.000377280834133626
363,voice,11,0.000377280834133626
364,beyond,11,0.000377280834133626
365,fiscal,11,0.000377280834133626
366,central,11,0.000377280834133626
367,counterfeit,11,0.000377280834133626
368,seized,11,0.000377280834133626
369,asia,11,0.000377280834133626
370,un,11,0.000377280834133626
371,something,11,0.000377280834133626
372,energy,11,0.000377280834133626
373,autonomy,11,0.000377280834133626
374,european,11,0.000377280834133626
375,life,11,0.000377280834133626
376,europe,11,0.000377280834133626
377,narrative,11,0.000377280834133626
378,leadership,11,0.000377280834133626
379,us,11,0.000377280834133626
380,cnn,11,0.000377280834133626
381,19,10,0.00034298257648511456
382,joseph,10,0.00034298257648511456
383,sworn,10,0.00034298257648511456
384,short,10,0.00034298257648511456
385,mlas,10,0.00034298257648511456
386,part,10,0.00034298257648511456
387,decades,10,0.00034298257648511456
388,taken,10,0.00034298257648511456
389,upon,10,0.00034298257648511456
390,industrial,10,0.00034298257648511456
391,announced,10,0.00034298257648511456
392,few,10,0.00034298257648511456
393,early,10,0.00034298257648511456
394,every,10,0.00034298257648511456
395,term,10,0.00034298257648511456
396,production,10,0.00034298257648511456
397,ground,10,0.00034298257648511456
398,why,10,0.00034298257648511456
399,ties,10,0.00034298257648511456
400,joint,10,0.00034298257648511456
401,modi,10,0.00034298257648511456
402,serious,10,0.00034298257648511456
403,higher,10,0.00034298257648511456
404,cause,10,0.00034298257648511456
405,largely,10,0.00034298257648511456
406,decision,10,0.00034298257648511456
407,large,10,0.00034298257648511456
408,management,10,0.00034298257648511456
409,play,10,0.00034298257648511456
410,call,10,0.00034298257648511456
411,lead,10,0.00034298257648511456
412,issues,10,0.00034298257648511456
413,prices,10,0.00034298257648511456
414,months,10,0.00034298257648511456
415,phogat,10,0.00034298257648511456
416,disqualification,10,0.00034298257648511456
417,rather,10,0.00034298257648511456
418,personal,10,0.00034298257648511456
419,itself,10,0.00034298257648511456
420,security,10,0.00034298257648511456
421,goals,10,0.00034298257648511456
422,capital,10,0.00034298257648511456
423,jobs,10,0.00034298257648511456
424,tariffs,10,0.00034298257648511456
425,rate,10,0.00034298257648511456
426,40,9,0.0003086843188366031
427,2016,9,0.0003086843188366031
428,2020,9,0.0003086843188366031
429,2025,9,0.0003086843188366031
430,left,9,0.0003086843188366031
431,floor,9,0.0003086843188366031
432,test,9,0.0003086843188366031
433,half,9,0.0003086843188366031
434,win,9,0.0003086843188366031
435,number,9,0.0003086843188366031
436,success,9,0.0003086843188366031
437,continue,9,0.0003086843188366031
438,another,9,0.0003086843188366031
439,league,9,0.0003086843188366031
440,ahead,9,0.0003086843188366031
441,minority,9,0.0003086843188366031
442,seems,9,0.0003086843188366031
443,never,9,0.0003086843188366031
444,open,9,0.0003086843188366031
445,hearing,9,0.0003086843188366031
446,hold,9,0.0003086843188366031
447,critical,9,0.0003086843188366031
448,created,9,0.0003086843188366031
449,cinema,9,0.0003086843188366031
450,university,9,0.0003086843188366031
451,report,9,0.0003086843188366031
452,deal,9,0.0003086843188366031
453,having,9,0.0003086843188366031
454,population,9,0.0003086843188366031
455,almost,9,0.0003086843188366031
456,general,9,0.0003086843188366031
457,common,9,0.0003086843188366031
458,rising,9,0.0003086843188366031
459,pakistan,9,0.0003086843188366031
460,off,9,0.0003086843188366031
461,welfare,9,0.0003086843188366031
462,value,9,0.0003086843188366031
463,impact,9,0.0003086843188366031
464,shows,9,0.0003086843188366031
465,fuel,9,0.0003086843188366031
466,recent,9,0.0003086843188366031
467,month,9,0.0003086843188366031
468,nearly,9,0.0003086843188366031
469,agency,9,0.0003086843188366031
470,shown,9,0.0003086843188366031
471,strong,9,0.0003086843188366031
472,pacific,9,0.0003086843188366031
473,building,9,0.0003086843188366031
474,natural,9,0.0003086843188366031
475,age,9,0.0003086843188366031
476,far,9,0.0003086843188366031
477,see,9,0.0003086843188366031
478,pollution,9,0.0003086843188366031
479,recently,9,0.0003086843188366031
480,employment,9,0.0003086843188366031
481,speaker,9,0.0003086843188366031
482,neet,9,0.0003086843188366031
483,ukraine,9,0.0003086843188366031
484,11,8,0.00027438606118809165
485,16,8,0.00027438606118809165
486,22,8,0.00027438606118809165
487,2023,8,0.00027438606118809165
488,tamilaga,8,0.00027438606118809165
489,vettri,8,0.00027438606118809165
490,took,8,0.00027438606118809165
491,four,8,0.00027438606118809165
492,leaders,8,0.00027438606118809165
493,exercise,8,0.00027438606118809165
494,pre,8,0.00027438606118809165
495,supreme,8,0.00027438606118809165
496,ruling,8,0.00027438606118809165
497,strength,8,0.00027438606118809165
498,sabha,8,0.00027438606118809165
499,whose,8,0.00027438606118809165
500,following,8,0.00027438606118809165
501,longer,8,0.00027438606118809165
502,costs,8,0.00027438606118809165
503,lost,8,0.00027438606118809165
504,greater,8,0.00027438606118809165
505,take,8,0.00027438606118809165
506,janata,8,0.00027438606118809165
507,cases,8,0.00027438606118809165
508,testing,8,0.00027438606118809165
509,voted,8,0.00027438606118809165
510,direction,8,0.00027438606118809165
511,office,8,0.00027438606118809165
512,third,8,0.00027438606118809165
513,separate,8,0.00027438606118809165
514,special,8,0.00027438606118809165
515,land,8,0.00027438606118809165
516,technology,8,0.00027438606118809165
517,platform,8,0.00027438606118809165
518,making,8,0.00027438606118809165
519,appears,8,0.00027438606118809165
520,debt,8,0.00027438606118809165
521,carry,8,0.00027438606118809165
522,needed,8,0.00027438606118809165
523,came,8,0.00027438606118809165
524,secretary,8,0.00027438606118809165
525,communities,8,0.00027438606118809165
526,nation,8,0.00027438606118809165
527,increasingly,8,0.00027438606118809165
528,idea,8,0.00027438606118809165
529,tax,8,0.00027438606118809165
530,purpose,8,0.00027438606118809165
531,currency,8,0.00027438606118809165
532,move,8,0.00027438606118809165
533,currencies,8,0.00027438606118809165
534,average,8,0.00027438606118809165
535,close,8,0.00027438606118809165
536,citizens,8,0.00027438606118809165
537,might,8,0.00027438606118809165
538,side,8,0.00027438606118809165
539,earlier,8,0.00027438606118809165
540,show,8,0.00027438606118809165
541,behind,8,0.00027438606118809165
542,different,8,0.00027438606118809165
543,washington,8,0.00027438606118809165
544,indo,8,0.00027438606118809165
545,children,8,0.00027438606118809165
546,meeting,8,0.00027438606118809165
547,supporters,8,0.00027438606118809165
548,levels,8,0.00027438606118809165
549,get,8,0.00027438606118809165
550,questions,8,0.00027438606118809165
551,young,8,0.00027438606118809165
552,market,8,0.00027438606118809165
553,interests,8,0.00027438606118809165
554,whip,8,0.00027438606118809165
555,food,8,0.00027438606118809165
556,wage,8,0.00027438606118809165
557,clear,8,0.00027438606118809165
558,quota,8,0.00027438606118809165
559,began,8,0.00027438606118809165
560,cooling,8,0.00027438606118809165
561,israel,8,0.00027438606118809165
562,nuclear,8,0.00027438606118809165
563,18,7,0.0002400878035395802
564,20,7,0.0002400878035395802
565,500,7,0.0002400878035395802
566,dravida,7,0.0002400878035395802
567,munnetra,7,0.0002400878035395802
568,therefore,7,0.0002400878035395802
569,outside,7,0.0002400878035395802
570,ministry,7,0.0002400878035395802
571,local,7,0.0002400878035395802
572,parliamentary,7,0.0002400878035395802
573,lok,7,0.0002400878035395802
574,emerged,7,0.0002400878035395802
575,front,7,0.0002400878035395802
576,medical,7,0.0002400878035395802
577,free,7,0.0002400878035395802
578,existing,7,0.0002400878035395802
579,conditions,7,0.0002400878035395802
580,paper,7,0.0002400878035395802
581,occupational,7,0.0002400878035395802
582,safety,7,0.0002400878035395802
583,initiative,7,0.0002400878035395802
584,specific,7,0.0002400878035395802
585,men,7,0.0002400878035395802
586,instead,7,0.0002400878035395802
587,times,7,0.0002400878035395802
588,back,7,0.0002400878035395802
589,democracy,7,0.0002400878035395802
590,full,7,0.0002400878035395802
591,continues,7,0.0002400878035395802
592,demand,7,0.0002400878035395802
593,numbers,7,0.0002400878035395802
594,opportunities,7,0.0002400878035395802
595,least,7,0.0002400878035395802
596,ask,7,0.0002400878035395802
597,process,7,0.0002400878035395802
598,technologies,7,0.0002400878035395802
599,investments,7,0.0002400878035395802
600,narendra,7,0.0002400878035395802
601,sides,7,0.0002400878035395802
602,chennai,7,0.0002400878035395802
603,exports,7,0.0002400878035395802
604,fight,7,0.0002400878035395802
605,governing,7,0.0002400878035395802
606,significant,7,0.0002400878035395802
607,name,7,0.0002400878035395802
608,give,7,0.0002400878035395802
609,proposed,7,0.0002400878035395802
610,dr,7,0.0002400878035395802
611,failure,7,0.0002400878035395802
612,return,7,0.0002400878035395802
613,believe,7,0.0002400878035395802
614,treasury,7,0.0002400878035395802
615,reality,7,0.0002400878035395802
616,possible,7,0.0002400878035395802
617,speech,7,0.0002400878035395802
618,mind,7,0.0002400878035395802
619,built,7,0.0002400878035395802
620,fact,7,0.0002400878035395802
621,very,7,0.0002400878035395802
622,others,7,0.0002400878035395802
623,policies,7,0.0002400878035395802
624,rule,7,0.0002400878035395802
625,claims,7,0.0002400878035395802
626,financial,7,0.0002400878035395802
627,infrastructure,7,0.0002400878035395802
628,scale,7,0.0002400878035395802
629,spending,7,0.0002400878035395802
630,finance,7,0.0002400878035395802
631,interest,7,0.0002400878035395802
632,sector,7,0.0002400878035395802
633,demonetisation,7,0.0002400878035395802
634,later,7,0.0002400878035395802
635,bank,7,0.0002400878035395802
636,highest,7,0.0002400878035395802
637,points,7,0.0002400878035395802
638,increase,7,0.0002400878035395802
639,period,7,0.0002400878035395802
640,message,7,0.0002400878035395802
641,march,7,0.0002400878035395802
642,institutional,7,0.0002400878035395802
643,prominent,7,0.0002400878035395802
644,rules,7,0.0002400878035395802
645,history,7,0.0002400878035395802
646,john,7,0.0002400878035395802
647,great,7,0.0002400878035395802
648,courts,7,0.0002400878035395802
649,standing,7,0.0002400878035395802
650,moral,7,0.0002400878035395802
651,geopolitical,7,0.0002400878035395802
652,trust,7,0.0002400878035395802
653,participation,7,0.0002400878035395802
654,digital,7,0.0002400878035395802
655,favour,7,0.0002400878035395802
656,strait,7,0.0002400878035395802
657,hormuz,7,0.0002400878035395802
658,western,7,0.0002400878035395802
659,online,7,0.0002400878035395802
660,deals,7,0.0002400878035395802
661,groups,7,0.0002400878035395802
662,boys,7,0.0002400878035395802
663,gap,7,0.0002400878035395802
664,overall,7,0.0002400878035395802
665,lack,7,0.0002400878035395802
666,line,7,0.0002400878035395802
667,palaniswami,7,0.0002400878035395802
668,until,7,0.0002400878035395802
669,protect,7,0.0002400878035395802
670,educated,7,0.0002400878035395802
671,conservation,7,0.0002400878035395802
672,big,7,0.0002400878035395802
673,groundwater,7,0.0002400878035395802
674,irrigation,7,0.0002400878035395802
675,unemployment,7,0.0002400878035395802
676,nta,7,0.0002400878035395802
677,oil,7,0.0002400878035395802
678,iranian,7,0.0002400878035395802
679,inflation,7,0.0002400878035395802
680,24,6,0.00020578954589106874
681,50,6,0.00020578954589106874
682,along,6,0.00020578954589106874
683,soon,6,0.00020578954589106874
684,formation,6,0.00020578954589106874
685,partners,6,0.00020578954589106874
686,coalition,6,0.00020578954589106874
687,alternative,6,0.00020578954589106874
688,framework,6,0.00020578954589106874
689,cost,6,0.00020578954589106874
690,care,6,0.00020578954589106874
691,annual,6,0.00020578954589106874
692,ups,6,0.00020578954589106874
693,code,6,0.00020578954589106874
694,home,6,0.00020578954589106874
695,domestic,6,0.00020578954589106874
696,she,6,0.00020578954589106874
697,related,6,0.00020578954589106874
698,hand,6,0.00020578954589106874
699,otherwise,6,0.00020578954589106874
700,job,6,0.00020578954589106874
701,seek,6,0.00020578954589106874
702,step,6,0.00020578954589106874
703,go,6,0.00020578954589106874
704,required,6,0.00020578954589106874
705,command,6,0.00020578954589106874
706,claim,6,0.00020578954589106874
707,doctrine,6,0.00020578954589106874
708,course,6,0.00020578954589106874
709,defection,6,0.00020578954589106874
710,elected,6,0.00020578954589106874
711,formal,6,0.00020578954589106874
712,industry,6,0.00020578954589106874
713,transfer,6,0.00020578954589106874
714,april,6,0.00020578954589106874
715,universities,6,0.00020578954589106874
716,expected,6,0.00020578954589106874
717,grants,6,0.00020578954589106874
718,strategy,6,0.00020578954589106874
719,awareness,6,0.00020578954589106874
720,growing,6,0.00020578954589106874
721,rise,6,0.00020578954589106874
722,wanted,6,0.00020578954589106874
723,austerity,6,0.00020578954589106874
724,results,6,0.00020578954589106874
725,entirely,6,0.00020578954589106874
726,trinamool,6,0.00020578954589106874
727,religion,6,0.00020578954589106874
728,amid,6,0.00020578954589106874
729,conference,6,0.00020578954589106874
730,satheesan,6,0.00020578954589106874
731,focus,6,0.00020578954589106874
732,ldf,6,0.00020578954589106874
733,coming,6,0.00020578954589106874
734,ratio,6,0.00020578954589106874
735,good,6,0.00020578954589106874
736,perhaps,6,0.00020578954589106874
737,fake,6,0.00020578954589106874
738,money,6,0.00020578954589106874
739,records,6,0.00020578954589106874
740,problem,6,0.00020578954589106874
741,parliament,6,0.00020578954589106874
742,approach,6,0.00020578954589106874
743,campaign,6,0.00020578954589106874
744,situation,6,0.00020578954589106874
745,using,6,0.00020578954589106874
746,travel,6,0.00020578954589106874
747,enough,6,0.00020578954589106874
748,means,6,0.00020578954589106874
749,brought,6,0.00020578954589106874
750,loss,6,0.00020578954589106874
751,near,6,0.00020578954589106874
752,latin,6,0.00020578954589106874
753,language,6,0.00020578954589106874
754,limits,6,0.00020578954589106874
755,donald,6,0.00020578954589106874
756,nor,6,0.00020578954589106874
757,either,6,0.00020578954589106874
758,justice,6,0.00020578954589106874
759,east,6,0.00020578954589106874
760,above,6,0.00020578954589106874
761,huge,6,0.00020578954589106874
762,seeking,6,0.00020578954589106874
763,legislature,6,0.00020578954589106874
764,enhanced,6,0.00020578954589106874
765,comprehensive,6,0.00020578954589106874
766,sea,6,0.00020578954589106874
767,engagement,6,0.00020578954589106874
768,historically,6,0.00020578954589106874
769,toward,6,0.00020578954589106874
770,asian,6,0.00020578954589106874
771,network,6,0.00020578954589106874
772,maintain,6,0.00020578954589106874
773,expansion,6,0.00020578954589106874
774,ability,6,0.00020578954589106874
775,outcomes,6,0.00020578954589106874
776,authority,6,0.00020578954589106874
777,official,6,0.00020578954589106874
778,agricultural,6,0.00020578954589106874
779,status,6,0.00020578954589106874
780,whistle,6,0.00020578954589106874
781,understand,6,0.00020578954589106874
782,air,6,0.00020578954589106874
783,telangana,6,0.00020578954589106874
784,launched,6,0.00020578954589106874
785,allies,6,0.00020578954589106874
786,ai,6,0.00020578954589106874
787,attacks,6,0.00020578954589106874
788,balance,6,0.00020578954589106874
789,word,6,0.00020578954589106874
790,educational,6,0.00020578954589106874
791,turn,6,0.00020578954589106874
792,lower,6,0.00020578954589106874
793,end,6,0.00020578954589106874
794,faction,6,0.00020578954589106874
795,internal,6,0.00020578954589106874
796,dignity,6,0.00020578954589106874
797,scheduled,6,0.00020578954589106874
798,realities,6,0.00020578954589106874
799,context,6,0.00020578954589106874
800,examination,6,0.00020578954589106874
801,index,6,0.00020578954589106874
802,best,6,0.00020578954589106874
803,matrix,6,0.00020578954589106874
804,nato,6,0.00020578954589106874
805,gulf,6,0.00020578954589106874
806,chinese,6,0.00020578954589106874
807,disease,6,0.00020578954589106874
808,14,5,0.00017149128824255728
809,17,5,0.00017149128824255728
810,25,5,0.00017149128824255728
811,28,5,0.00017149128824255728
812,30,5,0.00017149128824255728
813,51,5,0.00017149128824255728
814,100,5,0.00017149128824255728
815,1926,5,0.00017149128824255728
816,1976,5,0.00017149128824255728
817,2000,5,0.00017149128824255728
818,2014,5,0.00017149128824255728
819,poll,5,0.00017149128824255728
820,ministers,5,0.00017149128824255728
821,tally,5,0.00017149128824255728
822,sought,5,0.00017149128824255728
823,contested,5,0.00017149128824255728
824,place,5,0.00017149128824255728
825,demanding,5,0.00017149128824255728
826,written,5,0.00017149128824255728
827,proof,5,0.00017149128824255728
828,old,5,0.00017149128824255728
829,top,5,0.00017149128824255728
830,showed,5,0.00017149128824255728
831,stable,5,0.00017149128824255728
832,forces,5,0.00017149128824255728
833,eventually,5,0.00017149128824255728
834,provide,5,0.00017149128824255728
835,check,5,0.00017149128824255728
836,aged,5,0.00017149128824255728
837,esic,5,0.00017149128824255728
838,illness,5,0.00017149128824255728
839,suggests,5,0.00017149128824255728
840,present,5,0.00017149128824255728
841,failed,5,0.00017149128824255728
842,worker,5,0.00017149128824255728
843,tests,5,0.00017149128824255728
844,diseases,5,0.00017149128824255728
845,heat,5,0.00017149128824255728
846,risk,5,0.00017149128824255728
847,offers,5,0.00017149128824255728
848,nature,5,0.00017149128824255728
849,improve,5,0.00017149128824255728
850,signed,5,0.00017149128824255728
851,person,5,0.00017149128824255728
852,produce,5,0.00017149128824255728
853,bharatiya,5,0.00017149128824255728
854,reading,5,0.00017149128824255728
855,demands,5,0.00017149128824255728
856,governed,5,0.00017149128824255728
857,singh,5,0.00017149128824255728
858,constitution,5,0.00017149128824255728
859,requires,5,0.00017149128824255728
860,hours,5,0.00017149128824255728
861,window,5,0.00017149128824255728
862,say,5,0.00017149128824255728
863,threat,5,0.00017149128824255728
864,respect,5,0.00017149128824255728
865,diplomatic,5,0.00017149128824255728
866,research,5,0.00017149128824255728
867,emerging,5,0.00017149128824255728
868,expanded,5,0.00017149128824255728
869,corridors,5,0.00017149128824255728
870,vision,5,0.00017149128824255728
871,create,5,0.00017149128824255728
872,administration,5,0.00017149128824255728
873,involving,5,0.00017149128824255728
874,creating,5,0.00017149128824255728
875,road,5,0.00017149128824255728
876,funding,5,0.00017149128824255728
877,progress,5,0.00017149128824255728
878,depend,5,0.00017149128824255728
879,pradesh,5,0.00017149128824255728
880,linkages,5,0.00017149128824255728
881,deepening,5,0.00017149128824255728
882,forward,5,0.00017149128824255728
883,potential,5,0.00017149128824255728
884,bengal,5,0.00017149128824255728
885,actor,5,0.00017149128824255728
886,responsibility,5,0.00017149128824255728
887,wider,5,0.00017149128824255728
888,effective,5,0.00017149128824255728
889,editor,5,0.00017149128824255728
890,emailed,5,0.00017149128824255728
891,postal,5,0.00017149128824255728
892,fifty,5,0.00017149128824255728
893,commerce,5,0.00017149128824255728
894,student,5,0.00017149128824255728
895,week,5,0.00017149128824255728
896,board,5,0.00017149128824255728
897,society,5,0.00017149128824255728
898,steps,5,0.00017149128824255728
899,basis,5,0.00017149128824255728
900,hundred,5,0.00017149128824255728
901,scarcity,5,0.00017149128824255728
902,executive,5,0.00017149128824255728
903,considered,5,0.00017149128824255728
904,besides,5,0.00017149128824255728
905,you,5,0.00017149128824255728
906,hindus,5,0.00017149128824255728
907,concept,5,0.00017149128824255728
908,british,5,0.00017149128824255728
909,talks,5,0.00017149128824255728
910,efficient,5,0.00017149128824255728
911,reports,5,0.00017149128824255728
912,indicators,5,0.00017149128824255728
913,keep,5,0.00017149128824255728
914,services,5,0.00017149128824255728
915,compensation,5,0.00017149128824255728
916,reduction,5,0.00017149128824255728
917,currently,5,0.00017149128824255728
918,gujarat,5,0.00017149128824255728
919,seizures,5,0.00017149128824255728
920,followed,5,0.00017149128824255728
921,particularly,5,0.00017149128824255728
922,small,5,0.00017149128824255728
923,crime,5,0.00017149128824255728
924,bureau,5,0.00017149128824255728
925,six,5,0.00017149128824255728
926,authorities,5,0.00017149128824255728
927,total,5,0.00017149128824255728
928,valued,5,0.00017149128824255728
929,neither,5,0.00017149128824255728
930,real,5,0.00017149128824255728
931,wfi,5,0.00017149128824255728
932,body,5,0.00017149128824255728
933,competition,5,0.00017149128824255728
934,former,5,0.00017149128824255728
935,moreover,5,0.00017149128824255728
936,together,5,0.00017149128824255728
937,team,5,0.00017149128824255728
938,charter,5,0.00017149128824255728
939,charles,5,0.00017149128824255728
940,attention,5,0.00017149128824255728
941,grown,5,0.00017149128824255728
942,sell,5,0.00017149128824255728
943,moment,5,0.00017149128824255728
944,indeed,5,0.00017149128824255728
945,known,5,0.00017149128824255728
946,terms,5,0.00017149128824255728
947,marks,5,0.00017149128824255728
948,wide,5,0.00017149128824255728
949,merely,5,0.00017149128824255728
950,shift,5,0.00017149128824255728
951,chain,5,0.00017149128824255728
952,provided,5,0.00017149128824255728
953,look,5,0.00017149128824255728
954,capacity,5,0.00017149128824255728
955,initiatives,5,0.00017149128824255728
956,particular,5,0.00017149128824255728
957,current,5,0.00017149128824255728
958,deeper,5,0.00017149128824255728
959,effort,5,0.00017149128824255728
960,structural,5,0.00017149128824255728
961,implementation,5,0.00017149128824255728
962,private,5,0.00017149128824255728
963,begin,5,0.00017149128824255728
964,moving,5,0.00017149128824255728
965,electoral,5,0.00017149128824255728
966,council,5,0.00017149128824255728
967,monitoring,5,0.00017149128824255728
968,list,5,0.00017149128824255728
969,district,5,0.00017149128824255728
970,generate,5,0.00017149128824255728
971,activity,5,0.00017149128824255728
972,organization,5,0.00017149128824255728
973,police,5,0.00017149128824255728
974,protection,5,0.00017149128824255728
975,abuse,5,0.00017149128824255728
976,extended,5,0.00017149128824255728
977,depends,5,0.00017149128824255728
978,sample,5,0.00017149128824255728
979,unmarried,5,0.00017149128824255728
980,engaged,5,0.00017149128824255728
981,institutions,5,0.00017149128824255728
982,sahayak,5,0.00017149128824255728
983,practices,5,0.00017149128824255728
984,risks,5,0.00017149128824255728
985,primarily,5,0.00017149128824255728
986,faced,5,0.00017149128824255728
987,federal,5,0.00017149128824255728
988,stands,5,0.00017149128824255728
989,increases,5,0.00017149128824255728
990,able,5,0.00017149128824255728
991,movement,5,0.00017149128824255728
992,anything,5,0.00017149128824255728
993,voters,5,0.00017149128824255728
994,hwc,5,0.00017149128824255728
995,becoming,5,0.00017149128824255728
996,elephants,5,0.00017149128824255728
997,sub,5,0.00017149128824255728
998,planning,5,0.00017149128824255728
999,coverage,5,0.00017149128824255728
1000,availability,5,0.00017149128824255728
1001,sustainable,5,0.00017149128824255728
1002,entrance,5,0.00017149128824255728
1003,negotiations,5,0.00017149128824255728
1004,structure,5,0.00017149128824255728
1005,scs,5,0.00017149128824255728
1006,schedule,5,0.00017149128824255728
1007,difficult,5,0.00017149128824255728
1008,category,5,0.00017149128824255728
1009,exam,5,0.00017149128824255728
1010,prevent,5,0.00017149128824255728
1011,russian,5,0.00017149128824255728
1012,territorial,5,0.00017149128824255728
1013,collective,5,0.00017149128824255728
1014,larger,5,0.00017149128824255728
1015,retail,5,0.00017149128824255728
1016,price,5,0.00017149128824255728
1017,driven,5,0.00017149128824255728
1018,commercial,5,0.00017149128824255728
1019,fta,5,0.00017149128824255728
1020,effectively,5,0.00017149128824255728
1021,carter,5,0.00017149128824255728
1022,26,4,0.00013719303059404582
1023,47,4,0.00013719303059404582
1024,59,4,0.00013719303059404582
1025,72,4,0.00013719303059404582
1026,80,4,0.00013719303059404582
1027,300,4,0.00013719303059404582
1028,2018,4,0.00013719303059404582
1029,2019,4,0.00013719303059404582
1030,aligned,4,0.00013719303059404582
1031,outcome,4,0.00013719303059404582
1032,route,4,0.00013719303059404582
1033,falling,4,0.00013719303059404582
1034,secured,4,0.00013719303059404582
1035,vck,4,0.00013719303059404582
1036,taking,4,0.00013719303059404582
1037,sarkaria,4,0.00013719303059404582
1038,worse,4,0.00013719303059404582
1039,communal,4,0.00013719303059404582
1040,verdict,4,0.00013719303059404582
1041,response,4,0.00013719303059404582
1042,constitutional,4,0.00013719303059404582
1043,charge,4,0.00013719303059404582
1044,treatment,4,0.00013719303059404582
1045,factories,4,0.00013719303059404582
1046,fund,4,0.00013719303059404582
1047,staff,4,0.00013719303059404582
1048,leading,4,0.00013719303059404582
1049,recognised,4,0.00013719303059404582
1050,scheme,4,0.00013719303059404582
1051,meet,4,0.00013719303059404582
1052,organised,4,0.00013719303059404582
1053,spent,4,0.00013719303059404582
1054,won,4,0.00013719303059404582
1055,ruled,4,0.00013719303059404582
1056,voter,4,0.00013719303059404582
1057,bhavan,4,0.00013719303059404582
1058,went,4,0.00013719303059404582
1059,business,4,0.00013719303059404582
1060,voting,4,0.00013719303059404582
1061,breach,4,0.00013719303059404582
1062,breaches,4,0.00013719303059404582
1063,invited,4,0.00013719303059404582
1064,gave,4,0.00013719303059404582
1065,dal,4,0.00013719303059404582
1066,partner,4,0.00013719303059404582
1067,prove,4,0.00013719303059404582
1068,motion,4,0.00013719303059404582
1069,convention,4,0.00013719303059404582
1070,recommended,4,0.00013719303059404582
1071,session,4,0.00013719303059404582
1072,conduct,4,0.00013719303059404582
1073,task,4,0.00013719303059404582
1074,falls,4,0.00013719303059404582
1075,die,4,0.00013719303059404582
1076,debate,4,0.00013719303059404582
1077,actions,4,0.00013719303059404582
1078,agreement,4,0.00013719303059404582
1079,industries,4,0.00013719303059404582
1080,naval,4,0.00013719303059404582
1081,investors,4,0.00013719303059404582
1082,suggestions,4,0.00013719303059404582
1083,strengthen,4,0.00013719303059404582
1084,align,4,0.00013719303059404582
1085,emerge,4,0.00013719303059404582
1086,think,4,0.00013719303059404582
1087,respective,4,0.00013719303059404582
1088,hubs,4,0.00013719303059404582
1089,track,4,0.00013719303059404582
1090,uttar,4,0.00013719303059404582
1091,firms,4,0.00013719303059404582
1092,tech,4,0.00013719303059404582
1093,sectors,4,0.00013719303059404582
1094,attributed,4,0.00013719303059404582
1095,politician,4,0.00013719303059404582
1096,additional,4,0.00013719303059404582
1097,scope,4,0.00013719303059404582
1098,reducing,4,0.00013719303059404582
1099,expenditure,4,0.00013719303059404582
1100,proposal,4,0.00013719303059404582
1101,degree,4,0.00013719303059404582
1102,study,4,0.00013719303059404582
1103,stage,4,0.00013719303059404582
1104,assam,4,0.00013719303059404582
1105,going,4,0.00013719303059404582
1106,lines,4,0.00013719303059404582
1107,keeping,4,0.00013719303059404582
1108,takes,4,0.00013719303059404582
1109,asked,4,0.00013719303059404582
1110,khan,4,0.00013719303059404582
1111,fill,4,0.00013719303059404582
1112,sharp,4,0.00013719303059404582
1113,vis,4,0.00013719303059404582
1114,shaped,4,0.00013719303059404582
1115,investment,4,0.00013719303059404582
1116,kiifb,4,0.00013719303059404582
1117,employed,4,0.00013719303059404582
1118,asserting,4,0.00013719303059404582
1119,multiple,4,0.00013719303059404582
1120,direct,4,0.00013719303059404582
1121,gross,4,0.00013719303059404582
1122,goods,4,0.00013719303059404582
1123,declining,4,0.00013719303059404582
1124,assistance,4,0.00013719303059404582
1125,accounted,4,0.00013719303059404582
1126,november,4,0.00013719303059404582
1127,effect,4,0.00013719303059404582
1128,saw,4,0.00013719303059404582
1129,decade,4,0.00013719303059404582
1130,worth,4,0.00013719303059404582
1131,covid,4,0.00013719303059404582
1132,increased,4,0.00013719303059404582
1133,twice,4,0.00013719303059404582
1134,roughly,4,0.00013719303059404582
1135,wise,4,0.00013719303059404582
1136,break,4,0.00013719303059404582
1137,series,4,0.00013719303059404582
1138,compared,4,0.00013719303059404582
1139,bringing,4,0.00013719303059404582
1140,warning,4,0.00013719303059404582
1141,reduce,4,0.00013719303059404582
1142,example,4,0.00013719303059404582
1143,clearly,4,0.00013719303059404582
1144,petrol,4,0.00013719303059404582
1145,diesel,4,0.00013719303059404582
1146,man,4,0.00013719303059404582
1147,consumption,4,0.00013719303059404582
1148,negative,4,0.00013719303059404582
1149,simply,4,0.00013719303059404582
1150,stop,4,0.00013719303059404582
1151,february,4,0.00013719303059404582
1152,decline,4,0.00013719303059404582
1153,asking,4,0.00013719303059404582
1154,delivered,4,0.00013719303059404582
1155,notice,4,0.00013719303059404582
1156,double,4,0.00013719303059404582
1157,comeback,4,0.00013719303059404582
1158,olympics,4,0.00013719303059404582
1159,hit,4,0.00013719303059404582
1160,uww,4,0.00013719303059404582
1161,harassment,4,0.00013719303059404582
1162,member,4,0.00013719303059404582
1163,limit,4,0.00013719303059404582
1164,doping,4,0.00013719303059404582
1165,enduring,4,0.00013719303059404582
1166,phrase,4,0.00013719303059404582
1167,iii,4,0.00013719303059404582
1168,ever,4,0.00013719303059404582
1169,checks,4,0.00013719303059404582
1170,britain,4,0.00013719303059404582
1171,judgment,4,0.00013719303059404582
1172,powers,4,0.00013719303059404582
1173,addressing,4,0.00013719303059404582
1174,rose,4,0.00013719303059404582
1175,speaking,4,0.00013719303059404582
1176,north,4,0.00013719303059404582
1177,live,4,0.00013719303059404582
1178,wars,4,0.00013719303059404582
1179,judiciary,4,0.00013719303059404582
1180,ensure,4,0.00013719303059404582
1181,hope,4,0.00013719303059404582
1182,reflecting,4,0.00013719303059404582
1183,agreements,4,0.00013719303059404582
1184,relationship,4,0.00013719303059404582
1185,regular,4,0.00013719303059404582
1186,missiles,4,0.00013719303059404582
1187,similarly,4,0.00013719303059404582
1188,ambitious,4,0.00013719303059404582
1189,southeast,4,0.00013719303059404582
1190,makes,4,0.00013719303059404582
1191,plans,4,0.00013719303059404582
1192,japan,4,0.00013719303059404582
1193,alliances,4,0.00013719303059404582
1194,evolving,4,0.00013719303059404582
1195,alignment,4,0.00013719303059404582
1196,cut,4,0.00013719303059404582
1197,result,4,0.00013719303059404582
1198,baskets,4,0.00013719303059404582
1199,tools,4,0.00013719303059404582
1200,active,4,0.00013719303059404582
1201,region,4,0.00013719303059404582
1202,anglo,4,0.00013719303059404582
1203,creates,4,0.00013719303059404582
1204,stations,4,0.00013719303059404582
1205,sleep,4,0.00013719303059404582
1206,functioning,4,0.00013719303059404582
1207,survey,4,0.00013719303059404582
1208,cities,4,0.00013719303059404582
1209,regulation,4,0.00013719303059404582
1210,occasions,4,0.00013719303059404582
1211,crimes,4,0.00013719303059404582
1212,certain,4,0.00013719303059404582
1213,serving,4,0.00013719303059404582
1214,goal,4,0.00013719303059404582
1215,choices,4,0.00013719303059404582
1216,million,4,0.00013719303059404582
1217,attainments,4,0.00013719303059404582
1218,lives,4,0.00013719303059404582
1219,aspiration,4,0.00013719303059404582
1220,caste,4,0.00013719303059404582
1221,towards,4,0.00013719303059404582
1222,exit,4,0.00013719303059404582
1223,wealth,4,0.00013719303059404582
1224,fall,4,0.00013719303059404582
1225,married,4,0.00013719303059404582
1226,quality,4,0.00013719303059404582
1227,ocod,4,0.00013719303059404582
1228,su,4,0.00013719303059404582
1229,integrated,4,0.00013719303059404582
1230,backed,4,0.00013719303059404582
1231,legacy,4,0.00013719303059404582
1232,require,4,0.00013719303059404582
1233,complex,4,0.00013719303059404582
1234,principal,4,0.00013719303059404582
1235,shanmugam,4,0.00013719303059404582
1236,unlike,4,0.00013719303059404582
1237,option,4,0.00013719303059404582
1238,mps,4,0.00013719303059404582
1239,rajya,4,0.00013719303059404582
1240,relatively,4,0.00013719303059404582
1241,fully,4,0.00013719303059404582
1242,losing,4,0.00013719303059404582
1243,addressed,4,0.00013719303059404582
1244,absence,4,0.00013719303059404582
1245,everyone,4,0.00013719303059404582
1246,changing,4,0.00013719303059404582
1247,coexistence,4,0.00013719303059404582
1248,livestock,4,0.00013719303059404582
1249,habitat,4,0.00013719303059404582
1250,settlement,4,0.00013719303059404582
1251,becomes,4,0.00013719303059404582
1252,gain,4,0.00013719303059404582
1253,technological,4,0.00013719303059404582
1254,played,4,0.00013719303059404582
1255,solutions,4,0.00013719303059404582
1256,includes,4,0.00013719303059404582
1257,informed,4,0.00013719303059404582
1258,cycle,4,0.00013719303059404582
1259,appeal,4,0.00013719303059404582
1260,told,4,0.00013719303059404582
1261,kissinger,4,0.00013719303059404582
1262,commodity,4,0.00013719303059404582
1263,regard,4,0.00013719303059404582
1264,reservations,4,0.00013719303059404582
1265,cubic,4,0.00013719303059404582
1266,metres,4,0.00013719303059404582
1267,captured,4,0.00013719303059404582
1268,independence,4,0.00013719303059404582
1269,multi,4,0.00013719303059404582
1270,wastewater,4,0.00013719303059404582
1271,productivity,4,0.00013719303059404582
1272,castes,4,0.00013719303059404582
1273,st,4,0.00013719303059404582
1274,classification,4,0.00013719303059404582
1275,choice,4,0.00013719303059404582
1276,rests,4,0.00013719303059404582
1277,moscow,4,0.00013719303059404582
1278,putin,4,0.00013719303059404582
1279,shifted,4,0.00013719303059404582
1280,french,4,0.00013719303059404582
1281,tehran,4,0.00013719303059404582
1282,don,4,0.00013719303059404582
1283,buying,4,0.00013719303059404582
1284,archipelago,4,0.00013719303059404582
1285,seem,4,0.00013719303059404582
1286,crave,4,0.00013719303059404582
1287,inability,4,0.00013719303059404582
1288,print,4,0.00013719303059404582
1289,indoor,4,0.00013719303059404582
1290,eu,4,0.00013719303059404582
1291,liberal,4,0.00013719303059404582
1292,culture,4,0.00013719303059404582
1293,defeat,4,0.00013719303059404582
1294,yd,4,0.00013719303059404582
1295,kkk,4,0.00013719303059404582
1296,legitimacy,4,0.00013719303059404582
1297,hour,4,0.00013719303059404582
1298,my,4,0.00013719303059404582
1299,21,3,0.00010289477294553437
1300,23,3,0.00010289477294553437
1301,34,3,0.00010289477294553437
1302,44,3,0.00010289477294553437
1303,45,3,0.00010289477294553437
1304,60,3,0.00010289477294553437
1305,70,3,0.00010289477294553437
1306,87,3,0.00010289477294553437
1307,118,3,0.00010289477294553437
1308,200,3,0.00010289477294553437
1309,1948,3,0.00010289477294553437
1310,2010,3,0.00010289477294553437
1311,2021,3,0.00010289477294553437
1312,2029,3,0.00010289477294553437
1313,nine,3,0.00010289477294553437
1314,iuml,3,0.00010289477294553437
1315,prasad,3,0.00010289477294553437
1316,offer,3,0.00010289477294553437
1317,citing,3,0.00010289477294553437
1318,produced,3,0.00010289477294553437
1319,stewardship,3,0.00010289477294553437
1320,socio,3,0.00010289477294553437
1321,opportunity,3,0.00010289477294553437
1322,implemented,3,0.00010289477294553437
1323,detected,3,0.00010289477294553437
1324,hospitals,3,0.00010289477294553437
1325,esi,3,0.00010289477294553437
1326,available,3,0.00010289477294553437
1327,facilities,3,0.00010289477294553437
1328,evidence,3,0.00010289477294553437
1329,main,3,0.00010289477294553437
1330,guaranteed,3,0.00010289477294553437
1331,unit,3,0.00010289477294553437
1332,whereas,3,0.00010289477294553437
1333,forcing,3,0.00010289477294553437
1334,wages,3,0.00010289477294553437
1335,visits,3,0.00010289477294553437
1336,construction,3,0.00010289477294553437
1337,agriculture,3,0.00010289477294553437
1338,infectious,3,0.00010289477294553437
1339,anna,3,0.00010289477294553437
1340,defeated,3,0.00010289477294553437
1341,spoken,3,0.00010289477294553437
1342,invite,3,0.00010289477294553437
1343,mla,3,0.00010289477294553437
1344,fixed,3,0.00010289477294553437
1345,foundation,3,0.00010289477294553437
1346,settled,3,0.00010289477294553437
1347,identify,3,0.00010289477294553437
1348,returning,3,0.00010289477294553437
1349,officer,3,0.00010289477294553437
1350,preference,3,0.00010289477294553437
1351,stakes,3,0.00010289477294553437
1352,maharashtra,3,0.00010289477294553437
1353,invitation,3,0.00010289477294553437
1354,principle,3,0.00010289477294553437
1355,prudence,3,0.00010289477294553437
1356,forgotten,3,0.00010289477294553437
1357,atal,3,0.00010289477294553437
1358,head,3,0.00010289477294553437
1359,bring,3,0.00010289477294553437
1360,ordinary,3,0.00010289477294553437
1361,signals,3,0.00010289477294553437
1362,willing,3,0.00010289477294553437
1363,matter,3,0.00010289477294553437
1364,gone,3,0.00010289477294553437
1365,follow,3,0.00010289477294553437
1366,requiring,3,0.00010289477294553437
1367,defend,3,0.00010289477294553437
1368,fresh,3,0.00010289477294553437
1369,govern,3,0.00010289477294553437
1370,sharply,3,0.00010289477294553437
1371,raise,3,0.00010289477294553437
1372,concerns,3,0.00010289477294553437
1373,logistics,3,0.00010289477294553437
1374,understanding,3,0.00010289477294553437
1375,enabled,3,0.00010289477294553437
1376,focused,3,0.00010289477294553437
1377,electronics,3,0.00010289477294553437
1378,hanwha,3,0.00010289477294553437
1379,aerospace,3,0.00010289477294553437
1380,indus,3,0.00010289477294553437
1381,models,3,0.00010289477294553437
1382,run,3,0.00010289477294553437
1383,ecosystems,3,0.00010289477294553437
1384,external,3,0.00010289477294553437
1385,bridge,3,0.00010289477294553437
1386,facilitate,3,0.00010289477294553437
1387,include,3,0.00010289477294553437
1388,navigate,3,0.00010289477294553437
1389,property,3,0.00010289477294553437
1390,representatives,3,0.00010289477294553437
1391,foster,3,0.00010289477294553437
1392,assess,3,0.00010289477294553437
1393,projects,3,0.00010289477294553437
1394,bengaluru,3,0.00010289477294553437
1395,deep,3,0.00010289477294553437
1396,develop,3,0.00010289477294553437
1397,intelligence,3,0.00010289477294553437
1398,minerals,3,0.00010289477294553437
1399,looking,3,0.00010289477294553437
1400,platforms,3,0.00010289477294553437
1401,chains,3,0.00010289477294553437
1402,mechanisms,3,0.00010289477294553437
1403,anxiety,3,0.00010289477294553437
1404,assumes,3,0.00010289477294553437
1405,biggest,3,0.00010289477294553437
1406,promises,3,0.00010289477294553437
1407,manifesto,3,0.00010289477294553437
1408,deliver,3,0.00010289477294553437
1409,performance,3,0.00010289477294553437
1410,practical,3,0.00010289477294553437
1411,madras,3,0.00010289477294553437
1412,courses,3,0.00010289477294553437
1413,subject,3,0.00010289477294553437
1414,experience,3,0.00010289477294553437
1415,vice,3,0.00010289477294553437
1416,here,3,0.00010289477294553437
1417,college,3,0.00010289477294553437
1418,bias,3,0.00010289477294553437
1419,studies,3,0.00010289477294553437
1420,tried,3,0.00010289477294553437
1421,methods,3,0.00010289477294553437
1422,lakhs,3,0.00010289477294553437
1423,immediate,3,0.00010289477294553437
1424,director,3,0.00010289477294553437
1425,schemes,3,0.00010289477294553437
1426,electorates,3,0.00010289477294553437
1427,concern,3,0.00010289477294553437
1428,considering,3,0.00010289477294553437
1429,hindu,3,0.00010289477294553437
1430,write,3,0.00010289477294553437
1431,ugly,3,0.00010289477294553437
1432,residential,3,0.00010289477294553437
1433,spaces,3,0.00010289477294553437
1434,instance,3,0.00010289477294553437
1435,winning,3,0.00010289477294553437
1436,choosing,3,0.00010289477294553437
1437,choose,3,0.00010289477294553437
1438,introduced,3,0.00010289477294553437
1439,thousands,3,0.00010289477294553437
1440,provincial,3,0.00010289477294553437
1441,continued,3,0.00010289477294553437
1442,till,3,0.00010289477294553437
1443,crucial,3,0.00010289477294553437
1444,independent,3,0.00010289477294553437
1445,islam,3,0.00010289477294553437
1446,nationalist,3,0.00010289477294553437
1447,thus,3,0.00010289477294553437
1448,section,3,0.00010289477294553437
1449,happened,3,0.00010289477294553437
1450,allow,3,0.00010289477294553437
1451,true,3,0.00010289477294553437
1452,unfair,3,0.00010289477294553437
1453,confined,3,0.00010289477294553437
1454,empty,3,0.00010289477294553437
1455,claimed,3,0.00010289477294553437
1456,aside,3,0.00010289477294553437
1457,finances,3,0.00010289477294553437
1458,dominant,3,0.00010289477294553437
1459,borrowings,3,0.00010289477294553437
1460,white,3,0.00010289477294553437
1461,document,3,0.00010289477294553437
1462,collection,3,0.00010289477294553437
1463,running,3,0.00010289477294553437
1464,pensions,3,0.00010289477294553437
1465,improving,3,0.00010289477294553437
1466,implications,3,0.00010289477294553437
1467,16th,3,0.00010289477294553437
1468,pose,3,0.00010289477294553437
1469,pool,3,0.00010289477294553437
1470,revenue,3,0.00010289477294553437
1471,deficit,3,0.00010289477294553437
1472,medium,3,0.00010289477294553437
1473,faces,3,0.00010289477294553437
1474,stress,3,0.00010289477294553437
1475,promised,3,0.00010289477294553437
1476,panic,3,0.00010289477294553437
1477,micro,3,0.00010289477294553437
1478,latest,3,0.00010289477294553437
1479,included,3,0.00010289477294553437
1480,reserve,3,0.00010289477294553437
1481,circulation,3,0.00010289477294553437
1482,broke,3,0.00010289477294553437
1483,pandemic,3,0.00010289477294553437
1484,enforcement,3,0.00010289477294553437
1485,reported,3,0.00010289477294553437
1486,entered,3,0.00010289477294553437
1487,respectively,3,0.00010289477294553437
1488,rbi,3,0.00010289477294553437
1489,indicates,3,0.00010289477294553437
1490,seven,3,0.00010289477294553437
1491,apart,3,0.00010289477294553437
1492,reasons,3,0.00010289477294553437
1493,timing,3,0.00010289477294553437
1494,speeches,3,0.00010289477294553437
1495,mention,3,0.00010289477294553437
1496,daily,3,0.00010289477294553437
1497,nothing,3,0.00010289477294553437
1498,worry,3,0.00010289477294553437
1499,follows,3,0.00010289477294553437
1500,trying,3,0.00010289477294553437
1501,crop,3,0.00010289477294553437
1502,damage,3,0.00010289477294553437
1503,exchange,3,0.00010289477294553437
1504,rupee,3,0.00010289477294553437
1505,urging,3,0.00010289477294553437
1506,gold,3,0.00010289477294553437
1507,paris,3,0.00010289477294553437
1508,found,3,0.00010289477294553437
1509,intended,3,0.00010289477294553437
1510,allegations,3,0.00010289477294553437
1511,sexual,3,0.00010289477294553437
1512,started,3,0.00010289477294553437
1513,battle,3,0.00010289477294553437
1514,brij,3,0.00010289477294553437
1515,bhushan,3,0.00010289477294553437
1516,issued,3,0.00010289477294553437
1517,final,3,0.00010289477294553437
1518,failures,3,0.00010289477294553437
1519,competing,3,0.00010289477294553437
1520,raises,3,0.00010289477294553437
1521,royal,3,0.00010289477294553437
1522,kingdom,3,0.00010289477294553437
1523,monarch,3,0.00010289477294553437
1524,ii,3,0.00010289477294553437
1525,famous,3,0.00010289477294553437
1526,text,3,0.00010289477294553437
1527,inherent,3,0.00010289477294553437
1528,subservient,3,0.00010289477294553437
1529,subtle,3,0.00010289477294553437
1530,powerful,3,0.00010289477294553437
1531,ways,3,0.00010289477294553437
1532,english,3,0.00010289477294553437
1533,condemn,3,0.00010289477294553437
1534,century,3,0.00010289477294553437
1535,cited,3,0.00010289477294553437
1536,committee,3,0.00010289477294553437
1537,altogether,3,0.00010289477294553437
1538,judgments,3,0.00010289477294553437
1539,balances,3,0.00010289477294553437
1540,reflective,3,0.00010289477294553437
1541,ovation,3,0.00010289477294553437
1542,importance,3,0.00010289477294553437
1543,waging,3,0.00010289477294553437
1544,kings,3,0.00010289477294553437
1545,violence,3,0.00010289477294553437
1546,note,3,0.00010289477294553437
1547,exists,3,0.00010289477294553437
1548,done,3,0.00010289477294553437
1549,resonate,3,0.00010289477294553437
1550,consequential,3,0.00010289477294553437
1551,steady,3,0.00010289477294553437
1552,trajectory,3,0.00010289477294553437
1553,finds,3,0.00010289477294553437
1554,navigating,3,0.00010289477294553437
1555,convergence,3,0.00010289477294553437
1556,maritime,3,0.00010289477294553437
1557,consistent,3,0.00010289477294553437
1558,providing,3,0.00010289477294553437
1559,enabling,3,0.00010289477294553437
1560,deepened,3,0.00010289477294553437
1561,addition,3,0.00010289477294553437
1562,offered,3,0.00010289477294553437
1563,demonstrate,3,0.00010289477294553437
1564,recognition,3,0.00010289477294553437
1565,generation,3,0.00010289477294553437
1566,earth,3,0.00010289477294553437
1567,asean,3,0.00010289477294553437
1568,manufacturing,3,0.00010289477294553437
1569,essential,3,0.00010289477294553437
1570,diversification,3,0.00010289477294553437
1571,unilateralism,3,0.00010289477294553437
1572,statements,3,0.00010289477294553437
1573,partnerships,3,0.00010289477294553437
1574,conventional,3,0.00010289477294553437
1575,connectivity,3,0.00010289477294553437
1576,scientific,3,0.00010289477294553437
1577,obstacles,3,0.00010289477294553437
1578,necessary,3,0.00010289477294553437
1579,frameworks,3,0.00010289477294553437
1580,crude,3,0.00010289477294553437
1581,concluded,3,0.00010289477294553437
1582,requisite,3,0.00010289477294553437
1583,mesolithic,3,0.00010289477294553437
1584,site,3,0.00010289477294553437
1585,paintings,3,0.00010289477294553437
1586,appeared,3,0.00010289477294553437
1587,upper,3,0.00010289477294553437
1588,spoke,3,0.00010289477294553437
1589,sound,3,0.00010289477294553437
1590,pea,3,0.00010289477294553437
1591,blow,3,0.00010289477294553437
1592,streets,3,0.00010289477294553437
1593,decibels,3,0.00010289477294553437
1594,sustained,3,0.00010289477294553437
1595,night,3,0.00010289477294553437
1596,unchecked,3,0.00010289477294553437
1597,adults,3,0.00010289477294553437
1598,estimated,3,0.00010289477294553437
1599,annually,3,0.00010289477294553437
1600,alone,3,0.00010289477294553437
1601,tolerance,3,0.00010289477294553437
1602,reason,3,0.00010289477294553437
1603,zone,3,0.00010289477294553437
1604,silence,3,0.00010289477294553437
1605,zones,3,0.00010289477294553437
1606,generated,3,0.00010289477294553437
1607,pocso,3,0.00010289477294553437
1608,backdrop,3,0.00010289477294553437
1609,targeted,3,0.00010289477294553437
1610,blind,3,0.00010289477294553437
1611,channel,3,0.00010289477294553437
1612,actress,3,0.00010289477294553437
1613,trolling,3,0.00010289477294553437
1614,persons,3,0.00010289477294553437
1615,arrested,3,0.00010289477294553437
1616,stood,3,0.00010289477294553437
1617,systemic,3,0.00010289477294553437
1618,shadow,3,0.00010289477294553437
1619,expression,3,0.00010289477294553437
1620,changed,3,0.00010289477294553437
1621,campaigns,3,0.00010289477294553437
1622,technical,3,0.00010289477294553437
1623,accepted,3,0.00010289477294553437
1624,directly,3,0.00010289477294553437
1625,administrative,3,0.00010289477294553437
1626,attempt,3,0.00010289477294553437
1627,productive,3,0.00010289477294553437
1628,little,3,0.00010289477294553437
1629,udaya,3,0.00010289477294553437
1630,covers,3,0.00010289477294553437
1631,gender,3,0.00010289477294553437
1632,indicate,3,0.00010289477294553437
1633,contrast,3,0.00010289477294553437
1634,dreams,3,0.00010289477294553437
1635,schooling,3,0.00010289477294553437
1636,table,3,0.00010289477294553437
1637,striking,3,0.00010289477294553437
1638,quintile,3,0.00010289477294553437
1639,richest,3,0.00010289477294553437
1640,class,3,0.00010289477294553437
1641,remained,3,0.00010289477294553437
1642,interview,3,0.00010289477294553437
1643,join,3,0.00010289477294553437
1644,factors,3,0.00010289477294553437
1645,picture,3,0.00010289477294553437
1646,learning,3,0.00010289477294553437
1647,designed,3,0.00010289477294553437
1648,measure,3,0.00010289477294553437
1649,achieve,3,0.00010289477294553437
1650,story,3,0.00010289477294553437
1651,digit,3,0.00010289477294553437
1652,pace,3,0.00010289477294553437
1653,stronger,3,0.00010289477294553437
1654,views,3,0.00010289477294553437
1655,expressed,3,0.00010289477294553437
1656,adopt,3,0.00010289477294553437
1657,bench,3,0.00010289477294553437
1658,unified,3,0.00010289477294553437
1659,judicial,3,0.00010289477294553437
1660,website,3,0.00010289477294553437
1661,moves,3,0.00010289477294553437
1662,ease,3,0.00010289477294553437
1663,centralised,3,0.00010289477294553437
1664,potentially,3,0.00010289477294553437
1665,denied,3,0.00010289477294553437
1666,facts,3,0.00010289477294553437
1667,split,3,0.00010289477294553437
1668,successive,3,0.00010289477294553437
1669,factions,3,0.00010289477294553437
1670,velumani,3,0.00010289477294553437
1671,enjoy,3,0.00010289477294553437
1672,indicated,3,0.00010289477294553437
1673,met,3,0.00010289477294553437
1674,dissidents,3,0.00010289477294553437
1675,faultlines,3,0.00010289477294553437
1676,changes,3,0.00010289477294553437
1677,inclusive,3,0.00010289477294553437
1678,broad,3,0.00010289477294553437
1679,interventions,3,0.00010289477294553437
1680,getting,3,0.00010289477294553437
1681,entering,3,0.00010289477294553437
1682,regions,3,0.00010289477294553437
1683,regime,3,0.00010289477294553437
1684,witnessing,3,0.00010289477294553437
1685,traditional,3,0.00010289477294553437
1686,declined,3,0.00010289477294553437
1687,pathways,3,0.00010289477294553437
1688,generational,3,0.00010289477294553437
1689,vast,3,0.00010289477294553437
1690,doubt,3,0.00010289477294553437
1691,hierarchy,3,0.00010289477294553437
1692,severe,3,0.00010289477294553437
1693,achieved,3,0.00010289477294553437
1694,entitlement,3,0.00010289477294553437
1695,livelihoods,3,0.00010289477294553437
1696,patterns,3,0.00010289477294553437
1697,africa,3,0.00010289477294553437
1698,conflicts,3,0.00010289477294553437
1699,reflect,3,0.00010289477294553437
1700,pressures,3,0.00010289477294553437
1701,fragmentation,3,0.00010289477294553437
1702,imbalance,3,0.00010289477294553437
1703,landscapes,3,0.00010289477294553437
1704,behaviour,3,0.00010289477294553437
1705,contexts,3,0.00010289477294553437
1706,responses,3,0.00010289477294553437
1707,constraints,3,0.00010289477294553437
1708,resentment,3,0.00010289477294553437
1709,approaches,3,0.00010289477294553437
1710,managed,3,0.00010289477294553437
1711,restoration,3,0.00010289477294553437
1712,climate,3,0.00010289477294553437
1713,strengthening,3,0.00010289477294553437
1714,cancelled,3,0.00010289477294553437
1715,ug,3,0.00010289477294553437
1716,leak,3,0.00010289477294553437
1717,families,3,0.00010289477294553437
1718,irrelevant,3,0.00010289477294553437
1719,propaganda,3,0.00010289477294553437
1720,duty,3,0.00010289477294553437
1721,seeks,3,0.00010289477294553437
1722,relief,3,0.00010289477294553437
1723,developing,3,0.00010289477294553437
1724,seemed,3,0.00010289477294553437
1725,participate,3,0.00010289477294553437
1726,actively,3,0.00010289477294553437
1727,materials,3,0.00010289477294553437
1728,design,3,0.00010289477294553437
1729,receives,3,0.00010289477294553437
1730,hydrological,3,0.00010289477294553437
1731,fifth,3,0.00010289477294553437
1732,freshwater,3,0.00010289477294553437
1733,extreme,3,0.00010289477294553437
1734,distribution,3,0.00010289477294553437
1735,basin,3,0.00010289477294553437
1736,mission,3,0.00010289477294553437
1737,transformation,3,0.00010289477294553437
1738,reuse,3,0.00010289477294553437
1739,underscore,3,0.00010289477294553437
1740,cap,3,0.00010289477294553437
1741,recruitment,3,0.00010289477294553437
1742,quantum,3,0.00010289477294553437
1743,decisions,3,0.00010289477294553437
1744,tribes,3,0.00010289477294553437
1745,ninth,3,0.00010289477294553437
1746,feel,3,0.00010289477294553437
1747,plfs,3,0.00010289477294553437
1748,acute,3,0.00010289477294553437
1749,centres,3,0.00010289477294553437
1750,once,3,0.00010289477294553437
1751,cancellation,3,0.00010289477294553437
1752,reached,3,0.00010289477294553437
1753,rajasthan,3,0.00010289477294553437
1754,controversy,3,0.00010289477294553437
1755,proxies,3,0.00010289477294553437
1756,push,3,0.00010289477294553437
1757,negotiated,3,0.00010289477294553437
1758,consequences,3,0.00010289477294553437
1759,territory,3,0.00010289477294553437
1760,ceasefire,3,0.00010289477294553437
1761,modern,3,0.00010289477294553437
1762,treaties,3,0.00010289477294553437
1763,de,3,0.00010289477294553437
1764,treaty,3,0.00010289477294553437
1765,bases,3,0.00010289477294553437
1766,inspection,3,0.00010289477294553437
1767,want,3,0.00010289477294553437
1768,meaning,3,0.00010289477294553437
1769,imperial,3,0.00010289477294553437
1770,unlikely,3,0.00010289477294553437
1771,wants,3,0.00010289477294553437
1772,fail,3,0.00010289477294553437
1773,answer,3,0.00010289477294553437
1774,xi,3,0.00010289477294553437
1775,intervention,3,0.00010289477294553437
1776,ramp,3,0.00010289477294553437
1777,manner,3,0.00010289477294553437
1778,republic,3,0.00010289477294553437
1779,taiwan,3,0.00010289477294553437
1780,jump,3,0.00010289477294553437
1781,travelled,3,0.00010289477294553437
1782,collapse,3,0.00010289477294553437
1783,medicine,3,0.00010289477294553437
1784,repeatedly,3,0.00010289477294553437
1785,gas,3,0.00010289477294553437
1786,save,3,0.00010289477294553437
1787,themselves,3,0.00010289477294553437
1788,percentage,3,0.00010289477294553437
1789,constitutes,3,0.00010289477294553437
1790,york,3,0.00010289477294553437
1791,coastal,3,0.00010289477294553437
1792,acceptance,3,0.00010289477294553437
1793,know,3,0.00010289477294553437
1794,necessarily,3,0.00010289477294553437
1795,hardly,3,0.00010289477294553437
1796,evident,3,0.00010289477294553437
1797,audiences,3,0.00010289477294553437
1798,import,3,0.00010289477294553437
1799,gdp,3,0.00010289477294553437
1800,became,3,0.00010289477294553437
1801,influence,3,0.00010289477294553437
1802,israeli,3,0.00010289477294553437
1803,safe,3,0.00010289477294553437
1804,leaves,3,0.00010289477294553437
1805,temperatures,3,0.00010289477294553437
1806,disaster,3,0.00010289477294553437
1807,geoeconomic,3,0.00010289477294553437
1808,fighter,3,0.00010289477294553437
1809,jet,3,0.00010289477294553437
1810,contests,3,0.00010289477294553437
1811,individuals,3,0.00010289477294553437
1812,images,3,0.00010289477294553437
1813,photographs,3,0.00010289477294553437
1814,warsaw,3,0.00010289477294553437
1815,kailash,3,0.00010289477294553437
1816,revival,3,0.00010289477294553437
1817,ted,3,0.00010289477294553437
1818,impossible,3,0.00010289477294553437
1819,27,2,6.859651529702291e-05
1820,31,2,6.859651529702291e-05
1821,32,2,6.859651529702291e-05
1822,33,2,6.859651529702291e-05
1823,38,2,6.859651529702291e-05
1824,39,2,6.859651529702291e-05
1825,42,2,6.859651529702291e-05
1826,49,2,6.859651529702291e-05
1827,71,2,6.859651529702291e-05
1828,92,2,6.859651529702291e-05
1829,99,2,6.859651529702291e-05
1830,104,2,6.859651529702291e-05
1831,121,2,6.859651529702291e-05
1832,382,2,6.859651529702291e-05
1833,1215,2,6.859651529702291e-05
1834,1972,2,6.859651529702291e-05
1835,1985,2,6.859651529702291e-05
1836,1993,2,6.859651529702291e-05
1837,2005,2,6.859651529702291e-05
1838,2006,2,6.859651529702291e-05
1839,2012,2,6.859651529702291e-05
1840,2015,2,6.859651529702291e-05
1841,2028,2,6.859651529702291e-05
1842,2047,2,6.859651529702291e-05
1843,viable,2,6.859651529702291e-05
1844,mark,2,6.859651529702291e-05
1845,cpi,2,6.859651529702291e-05
1846,viduthalai,2,6.859651529702291e-05
1847,chiruthaigal,2,6.859651529702291e-05
1848,katchi,2,6.859651529702291e-05
1849,outgoing,2,6.859651529702291e-05
1850,stalin,2,6.859651529702291e-05
1851,meanwhile,2,6.859651529702291e-05
1852,inviting,2,6.859651529702291e-05
1853,rajendra,2,6.859651529702291e-05
1854,arlekar,2,6.859651529702291e-05
1855,rameshwar,2,6.859651529702291e-05
1856,divided,2,6.859651529702291e-05
1857,returns,2,6.859651529702291e-05
1858,late,2,6.859651529702291e-05
1859,entrant,2,6.859651529702291e-05
1860,sighted,2,6.859651529702291e-05
1861,helped,2,6.859651529702291e-05
1862,lent,2,6.859651529702291e-05
1863,delay,2,6.859651529702291e-05
1864,build,2,6.859651529702291e-05
1865,laid,2,6.859651529702291e-05
1866,accessing,2,6.859651529702291e-05
1867,provision,2,6.859651529702291e-05
1868,codes,2,6.859651529702291e-05
1869,handling,2,6.859651529702291e-05
1870,toxic,2,6.859651529702291e-05
1871,heavy,2,6.859651529702291e-05
1872,mandatory,2,6.859651529702291e-05
1873,osh,2,6.859651529702291e-05
1874,although,2,6.859651529702291e-05
1875,operational,2,6.859651529702291e-05
1876,commendable,2,6.859651529702291e-05
1877,portal,2,6.859651529702291e-05
1878,integration,2,6.859651529702291e-05
1879,woman,2,6.859651529702291e-05
1880,leave,2,6.859651529702291e-05
1881,dominated,2,6.859651529702291e-05
1882,predecessors,2,6.859651529702291e-05
1883,lacks,2,6.859651529702291e-05
1884,repeat,2,6.859651529702291e-05
1885,focuses,2,6.859651529702291e-05
1886,communicable,2,6.859651529702291e-05
1887,diabetes,2,6.859651529702291e-05
1888,illnesses,2,6.859651529702291e-05
1889,explicitly,2,6.859651529702291e-05
1890,sanitation,2,6.859651529702291e-05
1891,mandate,2,6.859651529702291e-05
1892,places,2,6.859651529702291e-05
1893,compensate,2,6.859651529702291e-05
1894,decisive,2,6.859651529702291e-05
1895,reduced,2,6.859651529702291e-05
1896,demanded,2,6.859651529702291e-05
1897,legislative,2,6.859651529702291e-05
1898,oath,2,6.859651529702291e-05
1899,swearing,2,6.859651529702291e-05
1900,constitutionally,2,6.859651529702291e-05
1901,wrong,2,6.859651529702291e-05
1902,function,2,6.859651529702291e-05
1903,arithmetic,2,6.859651529702291e-05
1904,roll,2,6.859651529702291e-05
1905,venkatachaliah,2,6.859651529702291e-05
1906,punchhi,2,6.859651529702291e-05
1907,combinations,2,6.859651529702291e-05
1908,priority,2,6.859651529702291e-05
1909,knows,2,6.859651529702291e-05
1910,goa,2,6.859651529702291e-05
1911,manipur,2,6.859651529702291e-05
1912,remarkably,2,6.859651529702291e-05
1913,preferred,2,6.859651529702291e-05
1914,letter,2,6.859651529702291e-05
1915,gubernatorial,2,6.859651529702291e-05
1916,discretion,2,6.859651529702291e-05
1917,absolute,2,6.859651529702291e-05
1918,familiar,2,6.859651529702291e-05
1919,feature,2,6.859651529702291e-05
1920,practice,2,6.859651529702291e-05
1921,rao,2,6.859651529702291e-05
1922,july,2,6.859651529702291e-05
1923,arrangement,2,6.859651529702291e-05
1924,invention,2,6.859651529702291e-05
1925,precedent,2,6.859651529702291e-05
1926,supports,2,6.859651529702291e-05
1927,anyone,2,6.859651529702291e-05
1928,wished,2,6.859651529702291e-05
1929,record,2,6.859651529702291e-05
1930,constituents,2,6.859651529702291e-05
1931,tested,2,6.859651529702291e-05
1932,compress,2,6.859651529702291e-05
1933,trading,2,6.859651529702291e-05
1934,resort,2,6.859651529702291e-05
1935,midnight,2,6.859651529702291e-05
1936,remedy,2,6.859651529702291e-05
1937,bommai,2,6.859651529702291e-05
1938,born,2,6.859651529702291e-05
1939,allowed,2,6.859651529702291e-05
1940,reluctant,2,6.859651529702291e-05
1941,settle,2,6.859651529702291e-05
1942,normal,2,6.859651529702291e-05
1943,pulling,2,6.859651529702291e-05
1944,appointed,2,6.859651529702291e-05
1945,pleasure,2,6.859651529702291e-05
1946,remember,2,6.859651529702291e-05
1947,bound,2,6.859651529702291e-05
1948,violations,2,6.859651529702291e-05
1949,established,2,6.859651529702291e-05
1950,norms,2,6.859651529702291e-05
1951,maintained,2,6.859651529702291e-05
1952,exchanges,2,6.859651529702291e-05
1953,training,2,6.859651529702291e-05
1954,organisation,2,6.859651529702291e-05
1955,elevated,2,6.859651529702291e-05
1956,roadmap,2,6.859651529702291e-05
1957,guided,2,6.859651529702291e-05
1958,weapon,2,6.859651529702291e-05
1959,notable,2,6.859651529702291e-05
1960,k9,2,6.859651529702291e-05
1961,vajra,2,6.859651529702291e-05
1962,propelled,2,6.859651529702291e-05
1963,accelerator,2,6.859651529702291e-05
1964,aims,2,6.859651529702291e-05
1965,connect,2,6.859651529702291e-05
1966,defense,2,6.859651529702291e-05
1967,ecosystem,2,6.859651529702291e-05
1968,excellence,2,6.859651529702291e-05
1969,drawing,2,6.859651529702291e-05
1970,dapa,2,6.859651529702291e-05
1971,dio,2,6.859651529702291e-05
1972,programmes,2,6.859651529702291e-05
1973,affairs,2,6.859651529702291e-05
1974,unlock,2,6.859651529702291e-05
1975,expanding,2,6.859651529702291e-05
1976,startups,2,6.859651529702291e-05
1977,academia,2,6.859651529702291e-05
1978,tanks,2,6.859651529702291e-05
1979,essentially,2,6.859651529702291e-05
1980,involve,2,6.859651529702291e-05
1981,envisaged,2,6.859651529702291e-05
1982,map,2,6.859651529702291e-05
1983,promote,2,6.859651529702291e-05
1984,processes,2,6.859651529702291e-05
1985,workshops,2,6.859651529702291e-05
1986,stakeholders,2,6.859651529702291e-05
1987,markets,2,6.859651529702291e-05
1988,export,2,6.859651529702291e-05
1989,regimes,2,6.859651529702291e-05
1990,intellectual,2,6.859651529702291e-05
1991,convene,2,6.859651529702291e-05
1992,ministries,2,6.859651529702291e-05
1993,dialogues,2,6.859651529702291e-05
1994,deliverables,2,6.859651529702291e-05
1995,clusters,2,6.859651529702291e-05
1996,hyderabad,2,6.859651529702291e-05
1997,hyundai,2,6.859651529702291e-05
1998,advanced,2,6.859651529702291e-05
1999,alongside,2,6.859651529702291e-05
2000,expand,2,6.859651529702291e-05
2001,artificial,2,6.859651529702291e-05
2002,complement,2,6.859651529702291e-05
2003,draw,2,6.859651529702291e-05
2004,aligning,2,6.859651529702291e-05
2005,communication,2,6.859651529702291e-05
2006,navigation,2,6.859651529702291e-05
2007,collaboration,2,6.859651529702291e-05
2008,mamata,2,6.859651529702291e-05
2009,banerjee,2,6.859651529702291e-05
2010,opinion,2,6.859651529702291e-05
2011,untimely,2,6.859651529702291e-05
2012,thinking,2,6.859651529702291e-05
2013,speaks,2,6.859651529702291e-05
2014,quite,2,6.859651529702291e-05
2015,prolonged,2,6.859651529702291e-05
2016,simple,2,6.859651529702291e-05
2017,satisfaction,2,6.859651529702291e-05
2018,strides,2,6.859651529702291e-05
2019,confronting,2,6.859651529702291e-05
2020,taxes,2,6.859651529702291e-05
2021,increasing,2,6.859651529702291e-05
2022,especially,2,6.859651529702291e-05
2023,contribution,2,6.859651529702291e-05
2024,light,2,6.859651529702291e-05
2025,subjects,2,6.859651529702291e-05
2026,chemistry,2,6.859651529702291e-05
2027,biology,2,6.859651529702291e-05
2028,economics,2,6.859651529702291e-05
2029,chancellor,2,6.859651529702291e-05
2030,contact,2,6.859651529702291e-05
2031,teachers,2,6.859651529702291e-05
2032,correspondence,2,6.859651529702291e-05
2033,oriented,2,6.859651529702291e-05
2034,combine,2,6.859651529702291e-05
2035,judge,2,6.859651529702291e-05
2036,cent,2,6.859651529702291e-05
2037,prepare,2,6.859651529702291e-05
2038,bangalore,2,6.859651529702291e-05
2039,investigation,2,6.859651529702291e-05
2040,consisting,2,6.859651529702291e-05
2041,retired,2,6.859651529702291e-05
2042,engineer,2,6.859651529702291e-05
2043,sir,2,6.859651529702291e-05
2044,wasn,2,6.859651529702291e-05
2045,mp,2,6.859651529702291e-05
2046,distressing,2,6.859651529702291e-05
2047,segregation,2,6.859651529702291e-05
2048,throw,2,6.859651529702291e-05
2049,occupied,2,6.859651529702291e-05
2050,heard,2,6.859651529702291e-05
2051,experienced,2,6.859651529702291e-05
2052,candidates,2,6.859651529702291e-05
2053,samajwadi,2,6.859651529702291e-05
2054,add,2,6.859651529702291e-05
2055,emphasis,2,6.859651529702291e-05
2056,denying,2,6.859651529702291e-05
2057,tickets,2,6.859651529702291e-05
2058,heading,2,6.859651529702291e-05
2059,reverse,2,6.859651529702291e-05
2060,beginning,2,6.859651529702291e-05
2061,hence,2,6.859651529702291e-05
2062,riding,2,6.859651529702291e-05
2063,fuelled,2,6.859651529702291e-05
2064,giving,2,6.859651529702291e-05
2065,electorate,2,6.859651529702291e-05
2066,reforms,2,6.859651529702291e-05
2067,freedom,2,6.859651529702291e-05
2068,constituent,2,6.859651529702291e-05
2069,unsurprisingly,2,6.859651529702291e-05
2070,belief,2,6.859651529702291e-05
2071,attacked,2,6.859651529702291e-05
2072,existence,2,6.859651529702291e-05
2073,wing,2,6.859651529702291e-05
2074,swept,2,6.859651529702291e-05
2075,supposedly,2,6.859651529702291e-05
2076,representative,2,6.859651529702291e-05
2077,cast,2,6.859651529702291e-05
2078,sole,2,6.859651529702291e-05
2079,extremely,2,6.859651529702291e-05
2080,voices,2,6.859651529702291e-05
2081,spectrum,2,6.859651529702291e-05
2082,worries,2,6.859651529702291e-05
2083,tiki,2,6.859651529702291e-05
2084,rajwi,2,6.859651529702291e-05
2085,press,2,6.859651529702291e-05
2086,bare,2,6.859651529702291e-05
2087,theme,2,6.859651529702291e-05
2088,interactions,2,6.859651529702291e-05
2089,discourse,2,6.859651529702291e-05
2090,vijayan,2,6.859651529702291e-05
2091,fast,2,6.859651529702291e-05
2092,hostile,2,6.859651529702291e-05
2093,vehicle,2,6.859651529702291e-05
2094,funds,2,6.859651529702291e-05
2095,budget,2,6.859651529702291e-05
2096,warned,2,6.859651529702291e-05
2097,january,2,6.859651529702291e-05
2098,published,2,6.859651529702291e-05
2099,daunting,2,6.859651529702291e-05
2100,product,2,6.859651529702291e-05
2101,reworking,2,6.859651529702291e-05
2102,landscape,2,6.859651529702291e-05
2103,hefty,2,6.859651529702291e-05
2104,revenues,2,6.859651529702291e-05
2105,dynamics,2,6.859651529702291e-05
2106,risen,2,6.859651529702291e-05
2107,noted,2,6.859651529702291e-05
2108,guarantees,2,6.859651529702291e-05
2109,promise,2,6.859651529702291e-05
2110,monthly,2,6.859651529702291e-05
2111,approximately,2,6.859651529702291e-05
2112,juncture,2,6.859651529702291e-05
2113,prevalence,2,6.859651529702291e-05
2114,sambavi,2,6.859651529702291e-05
2115,parthasarathy,2,6.859651529702291e-05
2116,stating,2,6.859651529702291e-05
2117,black,2,6.859651529702291e-05
2118,corruption,2,6.859651529702291e-05
2119,announcement,2,6.859651529702291e-05
2120,widespread,2,6.859651529702291e-05
2121,enterprises,2,6.859651529702291e-05
2122,withdraw,2,6.859651529702291e-05
2123,recorded,2,6.859651529702291e-05
2124,banks,2,6.859651529702291e-05
2125,accounting,2,6.859651529702291e-05
2126,objective,2,6.859651529702291e-05
2127,desired,2,6.859651529702291e-05
2128,belated,2,6.859651529702291e-05
2129,problematic,2,6.859651529702291e-05
2130,usage,2,6.859651529702291e-05
2131,colleagues,2,6.859651529702291e-05
2132,officials,2,6.859651529702291e-05
2133,attempts,2,6.859651529702291e-05
2134,raising,2,6.859651529702291e-05
2135,burden,2,6.859651529702291e-05
2136,welcome,2,6.859651529702291e-05
2137,flip,2,6.859651529702291e-05
2138,coordinated,2,6.859651529702291e-05
2139,messaging,2,6.859651529702291e-05
2140,problems,2,6.859651529702291e-05
2141,hopes,2,6.859651529702291e-05
2142,farmers,2,6.859651529702291e-05
2143,urged,2,6.859651529702291e-05
2144,output,2,6.859651529702291e-05
2145,hurt,2,6.859651529702291e-05
2146,revealing,2,6.859651529702291e-05
2147,conserve,2,6.859651529702291e-05
2148,sharper,2,6.859651529702291e-05
2149,valuable,2,6.859651529702291e-05
2150,dollars,2,6.859651529702291e-05
2151,buy,2,6.859651529702291e-05
2152,hard,2,6.859651529702291e-05
2153,bout,2,6.859651529702291e-05
2154,vinesh,2,6.859651529702291e-05
2155,suspect,2,6.859651529702291e-05
2156,wrestling,2,6.859651529702291e-05
2157,federation,2,6.859651529702291e-05
2158,inform,2,6.859651529702291e-05
2159,eye,2,6.859651529702291e-05
2160,protest,2,6.859651529702291e-05
2161,ranking,2,6.859651529702291e-05
2162,sanjay,2,6.859651529702291e-05
2163,50kg,2,6.859651529702291e-05
2164,weight,2,6.859651529702291e-05
2165,reaching,2,6.859651529702291e-05
2166,resulted,2,6.859651529702291e-05
2167,registered,2,6.859651529702291e-05
2168,december,2,6.859651529702291e-05
2169,selection,2,6.859651529702291e-05
2170,event,2,6.859651529702291e-05
2171,charges,2,6.859651529702291e-05
2172,filing,2,6.859651529702291e-05
2173,concerned,2,6.859651529702291e-05
2174,spanning,2,6.859651529702291e-05
2175,haryana,2,6.859651529702291e-05
2176,embarrassment,2,6.859651529702291e-05
2177,score,2,6.859651529702291e-05
2178,viewers,2,6.859651529702291e-05
2179,interested,2,6.859651529702291e-05
2180,dc,2,6.859651529702291e-05
2181,thunderous,2,6.859651529702291e-05
2182,successor,2,6.859651529702291e-05
2183,england,2,6.859651529702291e-05
2184,june,2,6.859651529702291e-05
2185,mean,2,6.859651529702291e-05
2186,evolution,2,6.859651529702291e-05
2187,metaphor,2,6.859651529702291e-05
2188,individual,2,6.859651529702291e-05
2189,unpopular,2,6.859651529702291e-05
2190,rebel,2,6.859651529702291e-05
2191,sign,2,6.859651529702291e-05
2192,arbitrary,2,6.859651529702291e-05
2193,reference,2,6.859651529702291e-05
2194,drafted,2,6.859651529702291e-05
2195,reigning,2,6.859651529702291e-05
2196,destroyed,2,6.859651529702291e-05
2197,pass,2,6.859651529702291e-05
2198,lawful,2,6.859651529702291e-05
2199,deny,2,6.859651529702291e-05
2200,defer,2,6.859651529702291e-05
2201,19th,2,6.859651529702291e-05
2202,gandhi,2,6.859651529702291e-05
2203,declaration,2,6.859651529702291e-05
2204,referred,2,6.859651529702291e-05
2205,justified,2,6.859651529702291e-05
2206,knew,2,6.859651529702291e-05
2207,mentioned,2,6.859651529702291e-05
2208,democrats,2,6.859651529702291e-05
2209,limiting,2,6.859651529702291e-05
2210,salience,2,6.859651529702291e-05
2211,geographically,2,6.859651529702291e-05
2212,laws,2,6.859651529702291e-05
2213,continuous,2,6.859651529702291e-05
2214,partisan,2,6.859651529702291e-05
2215,diverse,2,6.859651529702291e-05
2216,spirit,2,6.859651529702291e-05
2217,receiving,2,6.859651529702291e-05
2218,popular,2,6.859651529702291e-05
2219,extensive,2,6.859651529702291e-05
2220,tensions,2,6.859651529702291e-05
2221,civil,2,6.859651529702291e-05
2222,continent,2,6.859651529702291e-05
2223,counterparts,2,6.859651529702291e-05
2224,massively,2,6.859651529702291e-05
2225,truth,2,6.859651529702291e-05
2226,est,2,6.859651529702291e-05
2227,rulers,2,6.859651529702291e-05
2228,phase,2,6.859651529702291e-05
2229,elevate,2,6.859651529702291e-05
2230,range,2,6.859651529702291e-05
2231,incremental,2,6.859651529702291e-05
2232,heightened,2,6.859651529702291e-05
2233,assertive,2,6.859651529702291e-05
2234,consolidate,2,6.859651529702291e-05
2235,regarding,2,6.859651529702291e-05
2236,gradual,2,6.859651529702291e-05
2237,structurally,2,6.859651529702291e-05
2238,initial,2,6.859651529702291e-05
2239,missile,2,6.859651529702291e-05
2240,structures,2,6.859651529702291e-05
2241,brahmos,2,6.859651529702291e-05
2242,capability,2,6.859651529702291e-05
2243,crossed,2,6.859651529702291e-05
2244,rare,2,6.859651529702291e-05
2245,powerhouse,2,6.859651529702291e-05
2246,mostly,2,6.859651529702291e-05
2247,legally,2,6.859651529702291e-05
2248,stability,2,6.859651529702291e-05
2249,geopolitically,2,6.859651529702291e-05
2250,strategically,2,6.859651529702291e-05
2251,serves,2,6.859651529702291e-05
2252,hanoi,2,6.859651529702291e-05
2253,translate,2,6.859651529702291e-05
2254,intent,2,6.859651529702291e-05
2255,realise,2,6.859651529702291e-05
2256,architecture,2,6.859651529702291e-05
2257,milestone,2,6.859651529702291e-05
2258,threatening,2,6.859651529702291e-05
2259,reserves,2,6.859651529702291e-05
2260,citizen,2,6.859651529702291e-05
2261,restraint,2,6.859651529702291e-05
2262,events,2,6.859651529702291e-05
2263,contrary,2,6.859651529702291e-05
2264,recommendations,2,6.859651529702291e-05
2265,approached,2,6.859651529702291e-05
2266,bhopal,2,6.859651529702291e-05
2267,animals,2,6.859651529702291e-05
2268,showing,2,6.859651529702291e-05
2269,excavations,2,6.859651529702291e-05
2270,carrying,2,6.859651529702291e-05
2271,backs,2,6.859651529702291e-05
2272,chalcolithic,2,6.859651529702291e-05
2273,art,2,6.859651529702291e-05
2274,style,2,6.859651529702291e-05
2275,shelters,2,6.859651529702291e-05
2276,explored,2,6.859651529702291e-05
2277,europeans,2,6.859651529702291e-05
2278,presidency,2,6.859651529702291e-05
2279,col,2,6.859651529702291e-05
2280,gidney,2,6.859651529702291e-05
2281,necessity,2,6.859651529702291e-05
2282,hoped,2,6.859651529702291e-05
2283,returned,2,6.859651529702291e-05
2284,weeks,2,6.859651529702291e-05
2285,inside,2,6.859651529702291e-05
2286,stadium,2,6.859651529702291e-05
2287,matches,2,6.859651529702291e-05
2288,football,2,6.859651529702291e-05
2289,hundreds,2,6.859651529702291e-05
2290,render,2,6.859651529702291e-05
2291,source,2,6.859651529702291e-05
2292,threshold,2,6.859651529702291e-05
2293,exposure,2,6.859651529702291e-05
2294,unprecedented,2,6.859651529702291e-05
2295,finally,2,6.859651529702291e-05
2296,ambient,2,6.859651529702291e-05
2297,nanmn,2,6.859651529702291e-05
2298,breached,2,6.859651529702291e-05
2299,low,2,6.859651529702291e-05
2300,exceeded,2,6.859651529702291e-05
2301,nighttime,2,6.859651529702291e-05
2302,environment,2,6.859651529702291e-05
2303,actual,2,6.859651529702291e-05
2304,towns,2,6.859651529702291e-05
2305,sounds,2,6.859651529702291e-05
2306,healthy,2,6.859651529702291e-05
2307,responsive,2,6.859651529702291e-05
2308,loudspeaker,2,6.859651529702291e-05
2309,poor,2,6.859651529702291e-05
2310,parents,2,6.859651529702291e-05
2311,effects,2,6.859651529702291e-05
2312,disabling,2,6.859651529702291e-05
2313,impaired,2,6.859651529702291e-05
2314,ranges,2,6.859651529702291e-05
2315,roads,2,6.859651529702291e-05
2316,rarely,2,6.859651529702291e-05
2317,prefer,2,6.859651529702291e-05
2318,accommodate,2,6.859651529702291e-05
2319,permitted,2,6.859651529702291e-05
2320,lanes,2,6.859651529702291e-05
2321,fear,2,6.859651529702291e-05
2322,read,2,6.859651529702291e-05
2323,capable,2,6.859651529702291e-05
2324,saying,2,6.859651529702291e-05
2325,possesses,2,6.859651529702291e-05
2326,offline,2,6.859651529702291e-05
2327,serish,2,6.859651529702291e-05
2328,son,2,6.859651529702291e-05
2329,safer,2,6.859651529702291e-05
2330,constituted,2,6.859651529702291e-05
2331,sit,2,6.859651529702291e-05
2332,tv,2,6.859651529702291e-05
2333,family,2,6.859651529702291e-05
2334,subjected,2,6.859651529702291e-05
2335,senior,2,6.859651529702291e-05
2336,stand,2,6.859651529702291e-05
2337,conversation,2,6.859651529702291e-05
2338,casual,2,6.859651529702291e-05
2339,comments,2,6.859651529702291e-05
2340,timely,2,6.859651529702291e-05
2341,initiated,2,6.859651529702291e-05
2342,calling,2,6.859651529702291e-05
2343,harm,2,6.859651529702291e-05
2344,amplified,2,6.859651529702291e-05
2345,recourse,2,6.859651529702291e-05
2346,activities,2,6.859651529702291e-05
2347,prevention,2,6.859651529702291e-05
2348,carries,2,6.859651529702291e-05
2349,signalling,2,6.859651529702291e-05
2350,broaden,2,6.859651529702291e-05
2351,urgency,2,6.859651529702291e-05
2352,expect,2,6.859651529702291e-05
2353,irrespective,2,6.859651529702291e-05
2354,attainment,2,6.859651529702291e-05
2355,match,2,6.859651529702291e-05
2356,garima,2,6.859651529702291e-05
2357,agarwal,2,6.859651529702291e-05
2358,azim,2,6.859651529702291e-05
2359,premji,2,6.859651529702291e-05
2360,insights,2,6.859651529702291e-05
2361,adolescents,2,6.859651529702291e-05
2362,surveyed,2,6.859651529702291e-05
2363,bihar,2,6.859651529702291e-05
2364,populations,2,6.859651529702291e-05
2365,contacted,2,6.859651529702291e-05
2366,youngsters,2,6.859651529702291e-05
2367,ages,2,6.859651529702291e-05
2368,aimed,2,6.859651529702291e-05
2369,graduate,2,6.859651529702291e-05
2370,grew,2,6.859651529702291e-05
2371,rapid,2,6.859651529702291e-05
2372,interviews,2,6.859651529702291e-05
2373,completed,2,6.859651529702291e-05
2374,exited,2,6.859651529702291e-05
2375,completing,2,6.859651529702291e-05
2376,quintiles,2,6.859651529702291e-05
2377,poorest,2,6.859651529702291e-05
2378,variation,2,6.859651529702291e-05
2379,disproportionately,2,6.859651529702291e-05
2380,barriers,2,6.859651529702291e-05
2381,setting,2,6.859651529702291e-05
2382,discontinue,2,6.859651529702291e-05
2383,marriage,2,6.859651529702291e-05
2384,neutral,2,6.859651529702291e-05
2385,emerges,2,6.859651529702291e-05
2386,examined,2,6.859651529702291e-05
2387,proficiency,2,6.859651529702291e-05
2388,respondents,2,6.859651529702291e-05
2389,modest,2,6.859651529702291e-05
2390,aspiring,2,6.859651529702291e-05
2391,reach,2,6.859651529702291e-05
2392,kept,2,6.859651529702291e-05
2393,programs,2,6.859651529702291e-05
2394,achieving,2,6.859651529702291e-05
2395,intentioned,2,6.859651529702291e-05
2396,realistic,2,6.859651529702291e-05
2397,pathway,2,6.859651529702291e-05
2398,skill,2,6.859651529702291e-05
2399,accurate,2,6.859651529702291e-05
2400,transition,2,6.859651529702291e-05
2401,workforce,2,6.859651529702291e-05
2402,aspects,2,6.859651529702291e-05
2403,targets,2,6.859651529702291e-05
2404,frustration,2,6.859651529702291e-05
2405,professor,2,6.859651529702291e-05
2406,cji,2,6.859651529702291e-05
2407,reciprocal,2,6.859651529702291e-05
2408,statistics,2,6.859651529702291e-05
2409,software,2,6.859651529702291e-05
2410,standardised,2,6.859651529702291e-05
2411,determine,2,6.859651529702291e-05
2412,integrity,2,6.859651529702291e-05
2413,divide,2,6.859651529702291e-05
2414,easily,2,6.859651529702291e-05
2415,absorb,2,6.859651529702291e-05
2416,practitioners,2,6.859651529702291e-05
2417,introduce,2,6.859651529702291e-05
2418,comfortable,2,6.859651529702291e-05
2419,marginalised,2,6.859651529702291e-05
2420,path,2,6.859651529702291e-05
2421,edappadi,2,6.859651529702291e-05
2422,pro,2,6.859651529702291e-05
2423,dissident,2,6.859651529702291e-05
2424,visiting,2,6.859651529702291e-05
2425,outreach,2,6.859651529702291e-05
2426,significance,2,6.859651529702291e-05
2427,wednesday,2,6.859651529702291e-05
2428,appoints,2,6.859651529702291e-05
2429,preparing,2,6.859651529702291e-05
2430,paragraph,2,6.859651529702291e-05
2431,aap,2,6.859651529702291e-05
2432,merged,2,6.859651529702291e-05
2433,chairman,2,6.859651529702291e-05
2434,radhakrishnan,2,6.859651529702291e-05
2435,tell,2,6.859651529702291e-05
2436,shifts,2,6.859651529702291e-05
2437,transport,2,6.859651529702291e-05
2438,child,2,6.859651529702291e-05
2439,trouble,2,6.859651529702291e-05
2440,rooted,2,6.859651529702291e-05
2441,msmes,2,6.859651529702291e-05
2442,creation,2,6.859651529702291e-05
2443,spread,2,6.859651529702291e-05
2444,weakened,2,6.859651529702291e-05
2445,transfers,2,6.859651529702291e-05
2446,ford,2,6.859651529702291e-05
2447,commensurate,2,6.859651529702291e-05
2448,elasticity,2,6.859651529702291e-05
2449,tells,2,6.859651529702291e-05
2450,lies,2,6.859651529702291e-05
2451,pursuit,2,6.859651529702291e-05
2452,intensity,2,6.859651529702291e-05
2453,contractualisation,2,6.859651529702291e-05
2454,relative,2,6.859651529702291e-05
2455,weakening,2,6.859651529702291e-05
2456,recover,2,6.859651529702291e-05
2457,weak,2,6.859651529702291e-05
2458,entrants,2,6.859651529702291e-05
2459,versus,2,6.859651529702291e-05
2460,troubles,2,6.859651529702291e-05
2461,ger,2,6.859651529702291e-05
2462,comparable,2,6.859651529702291e-05
2463,sc,2,6.859651529702291e-05
2464,opening,2,6.859651529702291e-05
2465,inequality,2,6.859651529702291e-05
2466,fragile,2,6.859651529702291e-05
2467,delivery,2,6.859651529702291e-05
2468,companies,2,6.859651529702291e-05
2469,perceive,2,6.859651529702291e-05
2470,away,2,6.859651529702291e-05
2471,delivering,2,6.859651529702291e-05
2472,entire,2,6.859651529702291e-05
2473,equality,2,6.859651529702291e-05
2474,basic,2,6.859651529702291e-05
2475,framed,2,6.859651529702291e-05
2476,bribe,2,6.859651529702291e-05
2477,votes,2,6.859651529702291e-05
2478,confused,2,6.859651529702291e-05
2479,predators,2,6.859651529702291e-05
2480,dense,2,6.859651529702291e-05
2481,inevitable,2,6.859651529702291e-05
2482,brazil,2,6.859651529702291e-05
2483,forests,2,6.859651529702291e-05
2484,constructed,2,6.859651529702291e-05
2485,animal,2,6.859651529702291e-05
2486,predation,2,6.859651529702291e-05
2487,adaptive,2,6.859651529702291e-05
2488,wild,2,6.859651529702291e-05
2489,resource,2,6.859651529702291e-05
2490,combines,2,6.859651529702291e-05
2491,treat,2,6.859651529702291e-05
2492,improved,2,6.859651529702291e-05
2493,effectiveness,2,6.859651529702291e-05
2494,coordination,2,6.859651529702291e-05
2495,locally,2,6.859651529702291e-05
2496,experts,2,6.859651529702291e-05
2497,lasting,2,6.859651529702291e-05
2498,positive,2,6.859651529702291e-05
2499,adapt,2,6.859651529702291e-05
2500,perspective,2,6.859651529702291e-05
2501,manage,2,6.859651529702291e-05
2502,scientifically,2,6.859651529702291e-05
2503,socially,2,6.859651529702291e-05
2504,ecologically,2,6.859651529702291e-05
2505,eligibility,2,6.859651529702291e-05
2506,cum,2,6.859651529702291e-05
2507,admission,2,6.859651529702291e-05
2508,truly,2,6.859651529702291e-05
2509,sacrifice,2,6.859651529702291e-05
2510,attending,2,6.859651529702291e-05
2511,coaching,2,6.859651529702291e-05
2512,classes,2,6.859651529702291e-05
2513,removed,2,6.859651529702291e-05
2514,accountability,2,6.859651529702291e-05
2515,transparency,2,6.859651529702291e-05
2516,preserve,2,6.859651529702291e-05
2517,generations,2,6.859651529702291e-05
2518,yesterday,2,6.859651529702291e-05
2519,seriously,2,6.859651529702291e-05
2520,plan,2,6.859651529702291e-05
2521,studied,2,6.859651529702291e-05
2522,kimura,2,6.859651529702291e-05
2523,described,2,6.859651529702291e-05
2524,philippines,2,6.859651529702291e-05
2525,colliantes,2,6.859651529702291e-05
2526,dollar,2,6.859651529702291e-05
2527,raw,2,6.859651529702291e-05
2528,flag,2,6.859651529702291e-05
2529,paradox,2,6.859651529702291e-05
2530,rainfall,2,6.859651529702291e-05
2531,highlighting,2,6.859651529702291e-05
2532,niti,2,6.859651529702291e-05
2533,aayog,2,6.859651529702291e-05
2534,composite,2,6.859651529702291e-05
2535,substantial,2,6.859651529702291e-05
2536,assessments,2,6.859651529702291e-05
2537,uneven,2,6.859651529702291e-05
2538,fallen,2,6.859651529702291e-05
2539,extraction,2,6.859651529702291e-05
2540,mechanism,2,6.859651529702291e-05
2541,operates,2,6.859651529702291e-05
2542,jal,2,6.859651529702291e-05
2543,responsible,2,6.859651529702291e-05
2544,river,2,6.859651529702291e-05
2545,provides,2,6.859651529702291e-05
2546,aquifer,2,6.859651529702291e-05
2547,policymaking,2,6.859651529702291e-05
2548,layered,2,6.859651529702291e-05
2549,reflects,2,6.859651529702291e-05
2550,homes,2,6.859651529702291e-05
2551,enable,2,6.859651529702291e-05
2552,universal,2,6.859651529702291e-05
2553,sustainability,2,6.859651529702291e-05
2554,yojana,2,6.859651529702291e-05
2555,promotes,2,6.859651529702291e-05
2556,participatory,2,6.859651529702291e-05
2557,networks,2,6.859651529702291e-05
2558,sewage,2,6.859651529702291e-05
2559,circular,2,6.859651529702291e-05
2560,knowledge,2,6.859651529702291e-05
2561,sharath,2,6.859651529702291e-05
2562,srivatsa,2,6.859651529702291e-05
2563,stalled,2,6.859651529702291e-05
2564,aspirants,2,6.859651529702291e-05
2565,posts,2,6.859651529702291e-05
2566,slew,2,6.859651529702291e-05
2567,attempted,2,6.859651529702291e-05
2568,overcome,2,6.859651529702291e-05
2569,reversal,2,6.859651529702291e-05
2570,sts,2,6.859651529702291e-05
2571,inclusion,2,6.859651529702291e-05
2572,significantly,2,6.859651529702291e-05
2573,succeeded,2,6.859651529702291e-05
2574,notified,2,6.859651529702291e-05
2575,threatened,2,6.859651529702291e-05
2576,again,2,6.859651529702291e-05
2577,sorted,2,6.859651529702291e-05
2578,climbed,2,6.859651529702291e-05
2579,released,2,6.859651529702291e-05
2580,mos,2,6.859651529702291e-05
2581,pi,2,6.859651529702291e-05
2582,figure,2,6.859651529702291e-05
2583,find,2,6.859651529702291e-05
2584,suggesting,2,6.859651529702291e-05
2585,unemployed,2,6.859651529702291e-05
2586,subsistence,2,6.859651529702291e-05
2587,openly,2,6.859651529702291e-05
2588,entrepreneurial,2,6.859651529702291e-05
2589,service,2,6.859651529702291e-05
2590,leaks,2,6.859651529702291e-05
2591,credibility,2,6.859651529702291e-05
2592,exams,2,6.859651529702291e-05
2593,learnt,2,6.859651529702291e-05
2594,affecting,2,6.859651529702291e-05
2595,investigations,2,6.859651529702291e-05
2596,sold,2,6.859651529702291e-05
2597,opposing,2,6.859651529702291e-05
2598,controversies,2,6.859651529702291e-05
2599,secure,2,6.859651529702291e-05
2600,admissions,2,6.859651529702291e-05
2601,ukrainian,2,6.859651529702291e-05
2602,operation,2,6.859651529702291e-05
2603,drags,2,6.859651529702291e-05
2604,invasion,2,6.859651529702291e-05
2605,southern,2,6.859651529702291e-05
2606,approval,2,6.859651529702291e-05
2607,sections,2,6.859651529702291e-05
2608,sanctions,2,6.859651529702291e-05
2609,genuine,2,6.859651529702291e-05
2610,finding,2,6.859651529702291e-05
2611,kyiv,2,6.859651529702291e-05
2612,inflict,2,6.859651529702291e-05
2613,economically,2,6.859651529702291e-05
2614,politically,2,6.859651529702291e-05
2615,solution,2,6.859651529702291e-05
2616,pope,2,6.859651529702291e-05
2617,ambiguities,2,6.859651529702291e-05
2618,latter,2,6.859651529702291e-05
2619,recognise,2,6.859651529702291e-05
2620,armed,2,6.859651529702291e-05
2621,differences,2,6.859651529702291e-05
2622,anticipatory,2,6.859651529702291e-05
2623,imminent,2,6.859651529702291e-05
2624,words,2,6.859651529702291e-05
2625,aggression,2,6.859651529702291e-05
2626,exception,2,6.859651529702291e-05
2627,atlantic,2,6.859651529702291e-05
2628,allows,2,6.859651529702291e-05
2629,surrender,2,6.859651529702291e-05
2630,soviet,2,6.859651529702291e-05
2631,ship,2,6.859651529702291e-05
2632,let,2,6.859651529702291e-05
2633,lebanon,2,6.859651529702291e-05
2634,seeing,2,6.859651529702291e-05
2635,lifestyle,2,6.859651529702291e-05
2636,broken,2,6.859651529702291e-05
2637,arrangements,2,6.859651529702291e-05
2638,island,2,6.859651529702291e-05
2639,alter,2,6.859651529702291e-05
2640,reparations,2,6.859651529702291e-05
2641,conditionalities,2,6.859651529702291e-05
2642,discussed,2,6.859651529702291e-05
2643,yes,2,6.859651529702291e-05
2644,presence,2,6.859651529702291e-05
2645,negotiation,2,6.859651529702291e-05
2646,discussion,2,6.859651529702291e-05
2647,munich,2,6.859651529702291e-05
2648,meaningless,2,6.859651529702291e-05
2649,chaos,2,6.859651529702291e-05
2650,quietly,2,6.859651529702291e-05
2651,opponent,2,6.859651529702291e-05
2652,begins,2,6.859651529702291e-05
2653,mao,2,6.859651529702291e-05
2654,communiqu,2,6.859651529702291e-05
2655,bus,2,6.859651529702291e-05
2656,phenomenal,2,6.859651529702291e-05
2657,geostrategic,2,6.859651529702291e-05
2658,tariff,2,6.859651529702291e-05
2659,imbroglio,2,6.859651529702291e-05
2660,friend,2,6.859651529702291e-05
2661,araghchi,2,6.859651529702291e-05
2662,tendencies,2,6.859651529702291e-05
2663,avoid,2,6.859651529702291e-05
2664,afford,2,6.859651529702291e-05
2665,insight,2,6.859651529702291e-05
2666,mindset,2,6.859651529702291e-05
2667,simultaneously,2,6.859651529702291e-05
2668,unsc,2,6.859651529702291e-05
2669,resolution,2,6.859651529702291e-05
2670,scenario,2,6.859651529702291e-05
2671,concessions,2,6.859651529702291e-05
2672,appear,2,6.859651529702291e-05
2673,chose,2,6.859651529702291e-05
2674,abroad,2,6.859651529702291e-05
2675,elsewhere,2,6.859651529702291e-05
2676,rai,2,6.859651529702291e-05
2677,distance,2,6.859651529702291e-05
2678,cycling,2,6.859651529702291e-05
2679,venkatasubramanian,2,6.859651529702291e-05
2680,tiruchi,2,6.859651529702291e-05
2681,rebels,2,6.859651529702291e-05
2682,moved,2,6.859651529702291e-05
2683,doesn,2,6.859651529702291e-05
2684,original,2,6.859651529702291e-05
2685,gives,2,6.859651529702291e-05
2686,determination,2,6.859651529702291e-05
2687,regulations,2,6.859651529702291e-05
2688,symbols,2,6.859651529702291e-05
2689,allotment,2,6.859651529702291e-05
2690,panneerselvam,2,6.859651529702291e-05
2691,received,2,6.859651529702291e-05
2692,acting,2,6.859651529702291e-05
2693,andaman,2,6.859651529702291e-05
2694,mile,2,6.859651529702291e-05
2695,living,2,6.859651529702291e-05
2696,gokhale,2,6.859651529702291e-05
2697,combined,2,6.859651529702291e-05
2698,prepared,2,6.859651529702291e-05
2699,vital,2,6.859651529702291e-05
2700,miles,2,6.859651529702291e-05
2701,landlocked,2,6.859651529702291e-05
2702,merchandise,2,6.859651529702291e-05
2703,bill,2,6.859651529702291e-05
2704,passed,2,6.859651529702291e-05
2705,products,2,6.859651529702291e-05
2706,rejection,2,6.859651529702291e-05
2707,encourage,2,6.859651529702291e-05
2708,throughout,2,6.859651529702291e-05
2709,season,2,6.859651529702291e-05
2710,turned,2,6.859651529702291e-05
2711,revolution,2,6.859651529702291e-05
2712,minds,2,6.859651529702291e-05
2713,indifference,2,6.859651529702291e-05
2714,viewpoints,2,6.859651529702291e-05
2715,empowers,2,6.859651529702291e-05
2716,routine,2,6.859651529702291e-05
2717,chunk,2,6.859651529702291e-05
2718,didn,2,6.859651529702291e-05
2719,lose,2,6.859651529702291e-05
2720,dramatic,2,6.859651529702291e-05
2721,credit,2,6.859651529702291e-05
2722,climax,2,6.859651529702291e-05
2723,summer,2,6.859651529702291e-05
2724,death,2,6.859651529702291e-05
2725,assaults,2,6.859651529702291e-05
2726,punishing,2,6.859651529702291e-05
2727,happens,2,6.859651529702291e-05
2728,rival,2,6.859651529702291e-05
2729,imposed,2,6.859651529702291e-05
2730,size,2,6.859651529702291e-05
2731,monetary,2,6.859651529702291e-05
2732,trillion,2,6.859651529702291e-05
2733,barring,2,6.859651529702291e-05
2734,overtook,2,6.859651529702291e-05
2735,bursting,2,6.859651529702291e-05
2736,seams,2,6.859651529702291e-05
2737,transient,2,6.859651529702291e-05
2738,wholesale,2,6.859651529702291e-05
2739,doubled,2,6.859651529702291e-05
2740,wpi,2,6.859651529702291e-05
2741,petroleum,2,6.859651529702291e-05
2742,reportedly,2,6.859651529702291e-05
2743,absorbing,2,6.859651529702291e-05
2744,consumer,2,6.859651529702291e-05
2745,lpg,2,6.859651529702291e-05
2746,kg,2,6.859651529702291e-05
2747,canister,2,6.859651529702291e-05
2748,duties,2,6.859651529702291e-05
2749,depreciated,2,6.859651529702291e-05
2750,broader,2,6.859651529702291e-05
2751,ndma,2,6.859651529702291e-05
2752,passive,2,6.859651529702291e-05
2753,quick,2,6.859651529702291e-05
2754,signal,2,6.859651529702291e-05
2755,rafale,2,6.859651529702291e-05
2756,historic,2,6.859651529702291e-05
2757,achievements,2,6.859651529702291e-05
2758,multipolar,2,6.859651529702291e-05
2759,brief,2,6.859651529702291e-05
2760,eliminated,2,6.859651529702291e-05
2761,developments,2,6.859651529702291e-05
2762,jets,2,6.859651529702291e-05
2763,algorithms,2,6.859651529702291e-05
2764,turning,2,6.859651529702291e-05
2765,rubio,2,6.859651529702291e-05
2766,civilisational,2,6.859651529702291e-05
2767,era,2,6.859651529702291e-05
2768,display,2,6.859651529702291e-05
2769,reckoning,2,6.859651529702291e-05
2770,listen,2,6.859651529702291e-05
2771,vitality,2,6.859651529702291e-05
2772,passes,2,6.859651529702291e-05
2773,rest,2,6.859651529702291e-05
2774,longevity,2,6.859651529702291e-05
2775,served,2,6.859651529702291e-05
2776,hoarding,2,6.859651529702291e-05
2777,quickly,2,6.859651529702291e-05
2778,calm,2,6.859651529702291e-05
2779,grief,2,6.859651529702291e-05
2780,tragedy,2,6.859651529702291e-05
2781,moments,2,6.859651529702291e-05
2782,assassination,2,6.859651529702291e-05
2783,pilsudski,2,6.859651529702291e-05
2784,yashwant,2,6.859651529702291e-05
2785,deshmukh,2,6.859651529702291e-05
2786,diversity,2,6.859651529702291e-05
2787,bipolar,2,6.859651529702291e-05
2788,jharkhand,2,6.859651529702291e-05
2789,bjd,2,6.859651529702291e-05
2790,bipolarity,2,6.859651529702291e-05
2791,alignments,2,6.859651529702291e-05
2792,benefits,2,6.859651529702291e-05
2793,coalitions,2,6.859651529702291e-05
2794,occupy,2,6.859651529702291e-05
2795,vacated,2,6.859651529702291e-05
2796,strengthens,2,6.859651529702291e-05
2797,actually,2,6.859651529702291e-05
2798,permanent,2,6.859651529702291e-05
2799,endure,2,6.859651529702291e-05
2800,ideas,2,6.859651529702291e-05
2801,consensus,2,6.859651529702291e-05
2802,globalised,2,6.859651529702291e-05
2803,profitable,2,6.859651529702291e-05
2804,suhasini,2,6.859651529702291e-05
2805,died,2,6.859651529702291e-05
2806,me,2,6.859651529702291e-05
2807,regret,2,6.859651529702291e-05
2808,jane,2,6.859651529702291e-05
2809,fonda,2,6.859651529702291e-05
2810,dream,2,6.859651529702291e-05
2811,cuba,2,6.859651529702291e-05
2812,realised,2,6.859651529702291e-05
2813,sale,2,6.859651529702291e-05
2814,contest,2,6.859651529702291e-05
2815,germany,2,6.859651529702291e-05
2816,reprocessing,2,6.859651529702291e-05
2817,plants,2,6.859651529702291e-05
2818,29,1,3.4298257648511456e-05
2819,35,1,3.4298257648511456e-05
2820,37,1,3.4298257648511456e-05
2821,41,1,3.4298257648511456e-05
2822,43,1,3.4298257648511456e-05
2823,48,1,3.4298257648511456e-05
2824,53,1,3.4298257648511456e-05
2825,54,1,3.4298257648511456e-05
2826,56,1,3.4298257648511456e-05
2827,57,1,3.4298257648511456e-05
2828,58,1,3.4298257648511456e-05
2829,61,1,3.4298257648511456e-05
2830,65,1,3.4298257648511456e-05
2831,66,1,3.4298257648511456e-05
2832,67,1,3.4298257648511456e-05
2833,73,1,3.4298257648511456e-05
2834,74,1,3.4298257648511456e-05
2835,77,1,3.4298257648511456e-05
2836,79,1,3.4298257648511456e-05
2837,84,1,3.4298257648511456e-05
2838,85,1,3.4298257648511456e-05
2839,88,1,3.4298257648511456e-05
2840,90,1,3.4298257648511456e-05
2841,94,1,3.4298257648511456e-05
2842,101,1,3.4298257648511456e-05
2843,102,1,3.4298257648511456e-05
2844,105,1,3.4298257648511456e-05
2845,108,1,3.4298257648511456e-05
2846,114,1,3.4298257648511456e-05
2847,115,1,3.4298257648511456e-05
2848,116,1,3.4298257648511456e-05
2849,137,1,3.4298257648511456e-05
2850,140,1,3.4298257648511456e-05
2851,141,1,3.4298257648511456e-05
2852,164,1,3.4298257648511456e-05
2853,174,1,3.4298257648511456e-05
2854,221,1,3.4298257648511456e-05
2855,224,1,3.4298257648511456e-05
2856,234,1,3.4298257648511456e-05
2857,240,1,3.4298257648511456e-05
2858,270,1,3.4298257648511456e-05
2859,355,1,3.4298257648511456e-05
2860,367,1,3.4298257648511456e-05
2861,400,1,3.4298257648511456e-05
2862,432,1,3.4298257648511456e-05
2863,495,1,3.4298257648511456e-05
2864,600,1,3.4298257648511456e-05
2865,638,1,3.4298257648511456e-05
2866,781,1,3.4298257648511456e-05
2867,785,1,3.4298257648511456e-05
2868,800,1,3.4298257648511456e-05
2869,850,1,3.4298257648511456e-05
2870,1167,1,3.4298257648511456e-05
2871,1200,1,3.4298257648511456e-05
2872,1216,1,3.4298257648511456e-05
2873,1217,1,3.4298257648511456e-05
2874,1815,1,3.4298257648511456e-05
2875,1837,1,3.4298257648511456e-05
2876,1839,1,3.4298257648511456e-05
2877,1858,1,3.4298257648511456e-05
2878,1907,1,3.4298257648511456e-05
2879,1909,1,3.4298257648511456e-05
2880,1928,1,3.4298257648511456e-05
2881,1938,1,3.4298257648511456e-05
2882,1946,1,3.4298257648511456e-05
2883,1967,1,3.4298257648511456e-05
2884,1968,1,3.4298257648511456e-05
2885,1973,1,3.4298257648511456e-05
2886,1975,1,3.4298257648511456e-05
2887,1977,1,3.4298257648511456e-05
2888,1984,1,3.4298257648511456e-05
2889,1988,1,3.4298257648511456e-05
2890,1989,1,3.4298257648511456e-05
2891,1990,1,3.4298257648511456e-05
2892,1991,1,3.4298257648511456e-05
2893,1994,1,3.4298257648511456e-05
2894,1995,1,3.4298257648511456e-05
2895,1996,1,3.4298257648511456e-05
2896,2002,1,3.4298257648511456e-05
2897,2004,1,3.4298257648511456e-05
2898,2030,1,3.4298257648511456e-05
2899,detours,1,3.4298257648511456e-05
2900,sunday,1,3.4298257648511456e-05
2901,shortest,1,3.4298257648511456e-05
2902,straightest,1,3.4298257648511456e-05
2903,seat,1,3.4298257648511456e-05
2904,ideologically,1,3.4298257648511456e-05
2905,ideological,1,3.4298257648511456e-05
2906,drawn,1,3.4298257648511456e-05
2907,mooted,1,3.4298257648511456e-05
2908,endorsed,1,3.4298257648511456e-05
2909,propped,1,3.4298257648511456e-05
2910,immoral,1,3.4298257648511456e-05
2911,farcical,1,3.4298257648511456e-05
2912,twist,1,3.4298257648511456e-05
2913,ignored,1,3.4298257648511456e-05
2914,prioritises,1,3.4298257648511456e-05
2915,jumped,1,3.4298257648511456e-05
2916,opportunistically,1,3.4298257648511456e-05
2917,pledging,1,3.4298257648511456e-05
2918,committing,1,3.4298257648511456e-05
2919,casually,1,3.4298257648511456e-05
2920,jeopardise,1,3.4298257648511456e-05
2921,unsurprising,1,3.4298257648511456e-05
2922,heartedly,1,3.4298257648511456e-05
2923,ambivalence,1,3.4298257648511456e-05
2924,polled,1,3.4298257648511456e-05
2925,lowest,1,3.4298257648511456e-05
2926,dmdk,1,3.4298257648511456e-05
2927,reiterating,1,3.4298257648511456e-05
2928,hung,1,3.4298257648511456e-05
2929,propriety,1,3.4298257648511456e-05
2930,character,1,3.4298257648511456e-05
2931,avoidable,1,3.4298257648511456e-05
2932,incumbent,1,3.4298257648511456e-05
2933,foundations,1,3.4298257648511456e-05
2934,runners,1,3.4298257648511456e-05
2935,prioritising,1,3.4298257648511456e-05
2936,equity,1,3.4298257648511456e-05
2937,employees,1,3.4298257648511456e-05
2938,insurance,1,3.4298257648511456e-05
2939,corporation,1,3.4298257648511456e-05
2940,hazardous,1,3.4298257648511456e-05
2941,chemicals,1,3.4298257648511456e-05
2942,operating,1,3.4298257648511456e-05
2943,machinery,1,3.4298257648511456e-05
2944,dispensaries,1,3.4298257648511456e-05
2945,obligations,1,3.4298257648511456e-05
2946,financed,1,3.4298257648511456e-05
2947,endowed,1,3.4298257648511456e-05
2948,shoring,1,3.4298257648511456e-05
2949,beds,1,3.4298257648511456e-05
2950,doctors,1,3.4298257648511456e-05
2951,via,1,3.4298257648511456e-05
2952,pmjay,1,3.4298257648511456e-05
2953,empanelled,1,3.4298257648511456e-05
2954,insured,1,3.4298257648511456e-05
2955,beneficiaries,1,3.4298257648511456e-05
2956,shram,1,3.4298257648511456e-05
2957,stages,1,3.4298257648511456e-05
2958,mansukh,1,3.4298257648511456e-05
2959,mandaviya,1,3.4298257648511456e-05
2960,garment,1,3.4298257648511456e-05
2961,maternity,1,3.4298257648511456e-05
2962,employer,1,3.4298257648511456e-05
2963,warrant,1,3.4298257648511456e-05
2964,camps,1,3.4298257648511456e-05
2965,crowded,1,3.4298257648511456e-05
2966,contending,1,3.4298257648511456e-05
2967,facility,1,3.4298257648511456e-05
2968,refer,1,3.4298257648511456e-05
2969,added,1,3.4298257648511456e-05
2970,predominantly,1,3.4298257648511456e-05
2971,hypertension,1,3.4298257648511456e-05
2972,waste,1,3.4298257648511456e-05
2973,pickers,1,3.4298257648511456e-05
2974,hepatitis,1,3.4298257648511456e-05
2975,leptospirosis,1,3.4298257648511456e-05
2976,screening,1,3.4298257648511456e-05
2977,proactive,1,3.4298257648511456e-05
2978,vaccination,1,3.4298257648511456e-05
2979,mobile,1,3.4298257648511456e-05
2980,units,1,3.4298257648511456e-05
2981,stipulates,1,3.4298257648511456e-05
2982,tokens,1,3.4298257648511456e-05
2983,deficient,1,3.4298257648511456e-05
2984,forgot,1,3.4298257648511456e-05
2985,contesting,1,3.4298257648511456e-05
2986,founder,1,3.4298257648511456e-05
2987,uninterrupted,1,3.4298257648511456e-05
2988,plainly,1,3.4298257648511456e-05
2989,listened,1,3.4298257648511456e-05
2990,selectively,1,3.4298257648511456e-05
2991,vishwanath,1,3.4298257648511456e-05
2992,refused,1,3.4298257648511456e-05
2993,administer,1,3.4298257648511456e-05
2994,sent,1,3.4298257648511456e-05
2995,minute,1,3.4298257648511456e-05
2996,graciously,1,3.4298257648511456e-05
2997,consented,1,3.4298257648511456e-05
2998,directed,1,3.4298257648511456e-05
2999,errors,1,3.4298257648511456e-05
3000,minor,1,3.4298257648511456e-05
3001,morrow,1,3.4298257648511456e-05
3002,narrow,1,3.4298257648511456e-05
3003,tutor,1,3.4298257648511456e-05
3004,designate,1,3.4298257648511456e-05
3005,muster,1,3.4298257648511456e-05
3006,allowing,1,3.4298257648511456e-05
3007,unanimous,1,3.4298257648511456e-05
3008,sequence,1,3.4298257648511456e-05
3009,honoured,1,3.4298257648511456e-05
3010,sided,1,3.4298257648511456e-05
3011,mridula,1,3.4298257648511456e-05
3012,sinha,1,3.4298257648511456e-05
3013,vajubhai,1,3.4298257648511456e-05
3014,vala,1,3.4298257648511456e-05
3015,assemble,1,3.4298257648511456e-05
3016,ignoring,1,3.4298257648511456e-05
3017,beneficiary,1,3.4298257648511456e-05
3018,expansive,1,3.4298257648511456e-05
3019,contender,1,3.4298257648511456e-05
3020,routed,1,3.4298257648511456e-05
3021,suddenly,1,3.4298257648511456e-05
3022,contracted,1,3.4298257648511456e-05
3023,partisanship,1,3.4298257648511456e-05
3024,dressed,1,3.4298257648511456e-05
3025,bihari,1,3.4298257648511456e-05
3026,vajpayee,1,3.4298257648511456e-05
3027,shankar,1,3.4298257648511456e-05
3028,dayal,1,3.4298257648511456e-05
3029,sharma,1,3.4298257648511456e-05
3030,possessed,1,3.4298257648511456e-05
3031,resigned,1,3.4298257648511456e-05
3032,facing,1,3.4298257648511456e-05
3033,nobody,1,3.4298257648511456e-05
3034,suggested,1,3.4298257648511456e-05
3035,narasimha,1,3.4298257648511456e-05
3036,survived,1,3.4298257648511456e-05
3037,deve,1,3.4298257648511456e-05
3038,gowda,1,3.4298257648511456e-05
3039,gujral,1,3.4298257648511456e-05
3040,manmohan,1,3.4298257648511456e-05
3041,ran,1,3.4298257648511456e-05
3042,signatures,1,3.4298257648511456e-05
3043,advance,1,3.4298257648511456e-05
3044,rashtrapati,1,3.4298257648511456e-05
3045,essence,1,3.4298257648511456e-05
3046,flows,1,3.4298257648511456e-05
3047,watching,1,3.4298257648511456e-05
3048,supposed,1,3.4298257648511456e-05
3049,equally,1,3.4298257648511456e-05
3050,objectionable,1,3.4298257648511456e-05
3051,newly,1,3.4298257648511456e-05
3052,addresses,1,3.4298257648511456e-05
3053,debated,1,3.4298257648511456e-05
3054,meant,1,3.4298257648511456e-05
3055,suppress,1,3.4298257648511456e-05
3056,deadline,1,3.4298257648511456e-05
3057,disgruntled,1,3.4298257648511456e-05
3058,horse,1,3.4298257648511456e-05
3059,episode,1,3.4298257648511456e-05
3060,unambiguously,1,3.4298257648511456e-05
3061,engineered,1,3.4298257648511456e-05
3062,defections,1,3.4298257648511456e-05
3063,timetable,1,3.4298257648511456e-05
3064,tailored,1,3.4298257648511456e-05
3065,wrongly,1,3.4298257648511456e-05
3066,inverted,1,3.4298257648511456e-05
3067,staked,1,3.4298257648511456e-05
3068,lay,1,3.4298257648511456e-05
3069,occasion,1,3.4298257648511456e-05
3070,propositions,1,3.4298257648511456e-05
3071,commissions,1,3.4298257648511456e-05
3072,replaced,1,3.4298257648511456e-05
3073,desire,1,3.4298257648511456e-05
3074,ordering,1,3.4298257648511456e-05
3075,anathema,1,3.4298257648511456e-05
3076,thrown,1,3.4298257648511456e-05
3077,dissolution,1,3.4298257648511456e-05
3078,strongest,1,3.4298257648511456e-05
3079,discipline,1,3.4298257648511456e-05
3080,rises,1,3.4298257648511456e-05
3081,governors,1,3.4298257648511456e-05
3082,conventions,1,3.4298257648511456e-05
3083,advancing,1,3.4298257648511456e-05
3084,establishing,1,3.4298257648511456e-05
3085,mou,1,3.4298257648511456e-05
3086,promoted,1,3.4298257648511456e-05
3087,procurement,1,3.4298257648511456e-05
3088,subsequently,1,3.4298257648511456e-05
3089,memoranda,1,3.4298257648511456e-05
3090,expertise,1,3.4298257648511456e-05
3091,exercises,1,3.4298257648511456e-05
3092,marine,1,3.4298257648511456e-05
3093,intelligent,1,3.4298257648511456e-05
3094,links,1,3.4298257648511456e-05
3095,drdo,1,3.4298257648511456e-05
3096,korean,1,3.4298257648511456e-05
3097,furthermore,1,3.4298257648511456e-05
3098,engagements,1,3.4298257648511456e-05
3099,aero,1,3.4298257648511456e-05
3100,artillery,1,3.4298257648511456e-05
3101,manufactured,1,3.4298257648511456e-05
3102,larsen,1,3.4298257648511456e-05
3103,toubro,1,3.4298257648511456e-05
3104,contract,1,3.4298257648511456e-05
3105,lee,1,3.4298257648511456e-05
3106,jae,1,3.4298257648511456e-05
3107,myung,1,3.4298257648511456e-05
3108,businesses,1,3.4298257648511456e-05
3109,incubators,1,3.4298257648511456e-05
3110,mirrors,1,3.4298257648511456e-05
3111,bridges,1,3.4298257648511456e-05
3112,acceleration,1,3.4298257648511456e-05
3113,frind,1,3.4298257648511456e-05
3114,startup,1,3.4298257648511456e-05
3115,acquisition,1,3.4298257648511456e-05
3116,program,1,3.4298257648511456e-05
3117,specialised,1,3.4298257648511456e-05
3118,enterprise,1,3.4298257648511456e-05
3119,innovations,1,3.4298257648511456e-05
3120,idex,1,3.4298257648511456e-05
3121,briefing,1,3.4298257648511456e-05
3122,unlocked,1,3.4298257648511456e-05
3123,release,1,3.4298257648511456e-05
3124,innovate,1,3.4298257648511456e-05
3125,laboratories,1,3.4298257648511456e-05
3126,certification,1,3.4298257648511456e-05
3127,standardisation,1,3.4298257648511456e-05
3128,incubator,1,3.4298257648511456e-05
3129,connecting,1,3.4298257648511456e-05
3130,innovators,1,3.4298257648511456e-05
3131,licensing,1,3.4298257648511456e-05
3132,requirements,1,3.4298257648511456e-05
3133,seoul,1,3.4298257648511456e-05
3134,emphasise,1,3.4298257648511456e-05
3135,rationale,1,3.4298257648511456e-05
3136,networking,1,3.4298257648511456e-05
3137,periodically,1,3.4298257648511456e-05
3138,leveraging,1,3.4298257648511456e-05
3139,ventures,1,3.4298257648511456e-05
3140,howitzers,1,3.4298257648511456e-05
3141,templates,1,3.4298257648511456e-05
3142,changwon,1,3.4298257648511456e-05
3143,daejeon,1,3.4298257648511456e-05
3144,gumi,1,3.4298257648511456e-05
3145,tata,1,3.4298257648511456e-05
3146,mahindra,1,3.4298257648511456e-05
3147,bharat,1,3.4298257648511456e-05
3148,forge,1,3.4298257648511456e-05
3149,lig,1,3.4298257648511456e-05
3150,kangnam,1,3.4298257648511456e-05
3151,launch,1,3.4298257648511456e-05
3152,keenness,1,3.4298257648511456e-05
3153,dual,1,3.4298257648511456e-05
3154,shipbuilding,1,3.4298257648511456e-05
3155,semiconductors,1,3.4298257648511456e-05
3156,convergences,1,3.4298257648511456e-05
3157,investing,1,3.4298257648511456e-05
3158,applications,1,3.4298257648511456e-05
3159,autonomous,1,3.4298257648511456e-05
3160,robotics,1,3.4298257648511456e-05
3161,satellites,1,3.4298257648511456e-05
3162,surveillance,1,3.4298257648511456e-05
3163,reconnaissance,1,3.4298257648511456e-05
3164,isr,1,3.4298257648511456e-05
3165,situational,1,3.4298257648511456e-05
3166,ssa,1,3.4298257648511456e-05
3167,mineral,1,3.4298257648511456e-05
3168,semiconductor,1,3.4298257648511456e-05
3169,fabs,1,3.4298257648511456e-05
3170,facilitator,1,3.4298257648511456e-05
3171,onus,1,3.4298257648511456e-05
3172,curate,1,3.4298257648511456e-05
3173,tangible,1,3.4298257648511456e-05
3174,clarifying,1,3.4298257648511456e-05
3175,steering,1,3.4298257648511456e-05
3176,template,1,3.4298257648511456e-05
3177,deepen,1,3.4298257648511456e-05
3178,wishful,1,3.4298257648511456e-05
3179,intentionally,1,3.4298257648511456e-05
3180,ignores,1,3.4298257648511456e-05
3181,indi,1,3.4298257648511456e-05
3182,formed,1,3.4298257648511456e-05
3183,solely,1,3.4298257648511456e-05
3184,recollect,1,3.4298257648511456e-05
3185,sure,1,3.4298257648511456e-05
3186,raja,1,3.4298257648511456e-05
3187,pandalam,1,3.4298257648511456e-05
3188,impasse,1,3.4298257648511456e-05
3189,uncertainty,1,3.4298257648511456e-05
3190,gruelling,1,3.4298257648511456e-05
3191,wait,1,3.4298257648511456e-05
3192,attain,1,3.4298257648511456e-05
3193,immense,1,3.4298257648511456e-05
3194,developmental,1,3.4298257648511456e-05
3195,fulfilling,1,3.4298257648511456e-05
3196,imposing,1,3.4298257648511456e-05
3197,tenure,1,3.4298257648511456e-05
3198,shed,1,3.4298257648511456e-05
3199,disappointing,1,3.4298257648511456e-05
3200,shariff,1,3.4298257648511456e-05
3201,ugc,1,3.4298257648511456e-05
3202,reorient,1,3.4298257648511456e-05
3203,combining,1,3.4298257648511456e-05
3204,theoretical,1,3.4298257648511456e-05
3205,physics,1,3.4298257648511456e-05
3206,panchayati,1,3.4298257648511456e-05
3207,raj,1,3.4298257648511456e-05
3208,operative,1,3.4298257648511456e-05
3209,societies,1,3.4298257648511456e-05
3210,undergo,1,3.4298257648511456e-05
3211,field,1,3.4298257648511456e-05
3212,factory,1,3.4298257648511456e-05
3213,malcolm,1,3.4298257648511456e-05
3214,adiseshiah,1,3.4298257648511456e-05
3215,inaugurated,1,3.4298257648511456e-05
3216,seminar,1,3.4298257648511456e-05
3217,participating,1,3.4298257648511456e-05
3218,diploma,1,3.4298257648511456e-05
3219,felt,1,3.4298257648511456e-05
3220,madurai,1,3.4298257648511456e-05
3221,selected,1,3.4298257648511456e-05
3222,introducing,1,3.4298257648511456e-05
3223,curriculum,1,3.4298257648511456e-05
3224,colleges,1,3.4298257648511456e-05
3225,situated,1,3.4298257648511456e-05
3226,educators,1,3.4298257648511456e-05
3227,evaluation,1,3.4298257648511456e-05
3228,extend,1,3.4298257648511456e-05
3229,organisers,1,3.4298257648511456e-05
3230,besargatta,1,3.4298257648511456e-05
3231,tank,1,3.4298257648511456e-05
3232,rs,1,3.4298257648511456e-05
3233,repairs,1,3.4298257648511456e-05
3234,ordered,1,3.4298257648511456e-05
3235,messrs,1,3.4298257648511456e-05
3236,rangaswami,1,3.4298257648511456e-05
3237,iyengar,1,3.4298257648511456e-05
3238,bhore,1,3.4298257648511456e-05
3239,seshachar,1,3.4298257648511456e-05
3240,venkatasubbe,1,3.4298257648511456e-05
3241,visveswarayya,1,3.4298257648511456e-05
3242,insidious,1,3.4298257648511456e-05
3243,rue,1,3.4298257648511456e-05
3244,ascendance,1,3.4298257648511456e-05
3245,hindutva,1,3.4298257648511456e-05
3246,pluralistic,1,3.4298257648511456e-05
3247,polity,1,3.4298257648511456e-05
3248,grave,1,3.4298257648511456e-05
3249,stems,1,3.4298257648511456e-05
3250,dispensation,1,3.4298257648511456e-05
3251,none,1,3.4298257648511456e-05
3252,unsettling,1,3.4298257648511456e-05
3253,unpredictable,1,3.4298257648511456e-05
3254,dubious,1,3.4298257648511456e-05
3255,distinction,1,3.4298257648511456e-05
3256,stark,1,3.4298257648511456e-05
3257,comprise,1,3.4298257648511456e-05
3258,opposite,1,3.4298257648511456e-05
3259,whom,1,3.4298257648511456e-05
3260,ally,1,3.4298257648511456e-05
3261,raijor,1,3.4298257648511456e-05
3262,aiudf,1,3.4298257648511456e-05
3263,unique,1,3.4298257648511456e-05
3264,disturbing,1,3.4298257648511456e-05
3265,spectacle,1,3.4298257648511456e-05
3266,benches,1,3.4298257648511456e-05
3267,colonies,1,3.4298257648511456e-05
3268,ghettoes,1,3.4298257648511456e-05
3269,watertight,1,3.4298257648511456e-05
3270,dangerous,1,3.4298257648511456e-05
3271,constituency,1,3.4298257648511456e-05
3272,sizeable,1,3.4298257648511456e-05
3273,oft,1,3.4298257648511456e-05
3274,repeated,1,3.4298257648511456e-05
3275,winnability,1,3.4298257648511456e-05
3276,factor,1,3.4298257648511456e-05
3277,ones,1,3.4298257648511456e-05
3278,manifestly,1,3.4298257648511456e-05
3279,hate,1,3.4298257648511456e-05
3280,interspersed,1,3.4298257648511456e-05
3281,temples,1,3.4298257648511456e-05
3282,demographics,1,3.4298257648511456e-05
3283,roadblocks,1,3.4298257648511456e-05
3284,transcending,1,3.4298257648511456e-05
3285,morley,1,3.4298257648511456e-05
3286,minto,1,3.4298257648511456e-05
3287,quell,1,3.4298257648511456e-05
3288,tide,1,3.4298257648511456e-05
3289,nationalism,1,3.4298257648511456e-05
3290,swaraj,1,3.4298257648511456e-05
3291,reserved,1,3.4298257648511456e-05
3292,protested,1,3.4298257648511456e-05
3293,forming,1,3.4298257648511456e-05
3294,frame,1,3.4298257648511456e-05
3295,vociferous,1,3.4298257648511456e-05
3296,disturbingly,1,3.4298257648511456e-05
3297,portrayed,1,3.4298257648511456e-05
3298,kufr,1,3.4298257648511456e-05
3299,othering,1,3.4298257648511456e-05
3300,distinct,1,3.4298257648511456e-05
3301,likewise,1,3.4298257648511456e-05
3302,golwalkar,1,3.4298257648511456e-05
3303,hugging,1,3.4298257648511456e-05
3304,bosom,1,3.4298257648511456e-05
3305,inveterate,1,3.4298257648511456e-05
3306,enemies,1,3.4298257648511456e-05
3307,endangering,1,3.4298257648511456e-05
3308,equated,1,3.4298257648511456e-05
3309,loudest,1,3.4298257648511456e-05
3310,jinnah,1,3.4298257648511456e-05
3311,abdul,1,3.4298257648511456e-05
3312,ghaffar,1,3.4298257648511456e-05
3313,adversary,1,3.4298257648511456e-05
3314,maulana,1,3.4298257648511456e-05
3315,abul,1,3.4298257648511456e-05
3316,kalam,1,3.4298257648511456e-05
3317,azad,1,3.4298257648511456e-05
3318,showboy,1,3.4298257648511456e-05
3319,trepidation,1,3.4298257648511456e-05
3320,sneaked,1,3.4298257648511456e-05
3321,disguise,1,3.4298257648511456e-05
3322,delimitation,1,3.4298257648511456e-05
3323,marginalise,1,3.4298257648511456e-05
3324,whittled,1,3.4298257648511456e-05
3325,spokesperson,1,3.4298257648511456e-05
3326,incomprehensible,1,3.4298257648511456e-05
3327,drubbing,1,3.4298257648511456e-05
3328,majlis,1,3.4298257648511456e-05
3329,ittehadul,1,3.4298257648511456e-05
3330,muslimeen,1,3.4298257648511456e-05
3331,badruddin,1,3.4298257648511456e-05
3332,ajmal,1,3.4298257648511456e-05
3333,amounts,1,3.4298257648511456e-05
3334,ghettoisation,1,3.4298257648511456e-05
3335,ziya,1,3.4298257648511456e-05
3336,salam,1,3.4298257648511456e-05
3337,vowed,1,3.4298257648511456e-05
3338,landslide,1,3.4298257648511456e-05
3339,inherited,1,3.4298257648511456e-05
3340,virtually,1,3.4298257648511456e-05
3341,quipped,1,3.4298257648511456e-05
3342,cat,1,3.4298257648511456e-05
3343,litter,1,3.4298257648511456e-05
3344,humour,1,3.4298257648511456e-05
3345,coursed,1,3.4298257648511456e-05
3346,strayed,1,3.4298257648511456e-05
3347,tallest,1,3.4298257648511456e-05
3348,pinarayi,1,3.4298257648511456e-05
3349,forwarded,1,3.4298257648511456e-05
3350,overcoming,1,3.4298257648511456e-05
3351,aggressively,1,3.4298257648511456e-05
3352,vocal,1,3.4298257648511456e-05
3353,critics,1,3.4298257648511456e-05
3354,dismal,1,3.4298257648511456e-05
3355,cede,1,3.4298257648511456e-05
3356,rightful,1,3.4298257648511456e-05
3357,bore,1,3.4298257648511456e-05
3358,mobilise,1,3.4298257648511456e-05
3359,questioned,1,3.4298257648511456e-05
3360,hurl,1,3.4298257648511456e-05
3361,drew,1,3.4298257648511456e-05
3362,ammunition,1,3.4298257648511456e-05
3363,comptroller,1,3.4298257648511456e-05
3364,auditor,1,3.4298257648511456e-05
3365,uncontrolled,1,3.4298257648511456e-05
3366,trap,1,3.4298257648511456e-05
3367,frowned,1,3.4298257648511456e-05
3368,treating,1,3.4298257648511456e-05
3369,accused,1,3.4298257648511456e-05
3370,plunging,1,3.4298257648511456e-05
3371,mismanagement,1,3.4298257648511456e-05
3372,unbridled,1,3.4298257648511456e-05
3373,subpar,1,3.4298257648511456e-05
3374,balagopal,1,3.4298257648511456e-05
3375,refuted,1,3.4298257648511456e-05
3376,inheriting,1,3.4298257648511456e-05
3377,financially,1,3.4298257648511456e-05
3378,gsdp,1,3.4298257648511456e-05
3379,testify,1,3.4298257648511456e-05
3380,nonetheless,1,3.4298257648511456e-05
3381,perspectives,1,3.4298257648511456e-05
3382,whoever,1,3.4298257648511456e-05
3383,primary,1,3.4298257648511456e-05
3384,smoothly,1,3.4298257648511456e-05
3385,marked,1,3.4298257648511456e-05
3386,expenditures,1,3.4298257648511456e-05
3387,salaries,1,3.4298257648511456e-05
3388,payments,1,3.4298257648511456e-05
3389,negotiating,1,3.4298257648511456e-05
3390,curtailed,1,3.4298257648511456e-05
3391,borrowing,1,3.4298257648511456e-05
3392,awards,1,3.4298257648511456e-05
3393,divisible,1,3.4298257648511456e-05
3394,fc,1,3.4298257648511456e-05
3395,cessation,1,3.4298257648511456e-05
3396,gst,1,3.4298257648511456e-05
3397,centrally,1,3.4298257648511456e-05
3398,sponsored,1,3.4298257648511456e-05
3399,needless,1,3.4298257648511456e-05
3400,mobilising,1,3.4298257648511456e-05
3401,juggernaut,1,3.4298257648511456e-05
3402,fulfill,1,3.4298257648511456e-05
3403,hiked,1,3.4298257648511456e-05
3404,paid,1,3.4298257648511456e-05
3405,robust,1,3.4298257648511456e-05
3406,amiss,1,3.4298257648511456e-05
3407,speculate,1,3.4298257648511456e-05
3408,publish,1,3.4298257648511456e-05
3409,serve,1,3.4298257648511456e-05
3410,assault,1,3.4298257648511456e-05
3411,queues,1,3.4298257648511456e-05
3412,atms,1,3.4298257648511456e-05
3413,disruption,1,3.4298257648511456e-05
3414,msme,1,3.4298257648511456e-05
3415,jury,1,3.4298257648511456e-05
3416,eradicating,1,3.4298257648511456e-05
3417,persists,1,3.4298257648511456e-05
3418,decided,1,3.4298257648511456e-05
3419,tender,1,3.4298257648511456e-05
3420,whopping,1,3.4298257648511456e-05
3421,ncrb,1,3.4298257648511456e-05
3422,varying,1,3.4298257648511456e-05
3423,denominations,1,3.4298257648511456e-05
3424,banking,1,3.4298257648511456e-05
3425,denomination,1,3.4298257648511456e-05
3426,implies,1,3.4298257648511456e-05
3427,reintroduced,1,3.4298257648511456e-05
3428,counterfeited,1,3.4298257648511456e-05
3429,belonging,1,3.4298257648511456e-05
3430,printed,1,3.4298257648511456e-05
3431,counterfeits,1,3.4298257648511456e-05
3432,breakup,1,3.4298257648511456e-05
3433,transactions,1,3.4298257648511456e-05
3434,imply,1,3.4298257648511456e-05
3435,lays,1,3.4298257648511456e-05
3436,severity,1,3.4298257648511456e-05
3437,content,1,3.4298257648511456e-05
3438,urge,1,3.4298257648511456e-05
3439,cabinet,1,3.4298257648511456e-05
3440,flew,1,3.4298257648511456e-05
3441,roadshows,1,3.4298257648511456e-05
3442,reassurances,1,3.4298257648511456e-05
3443,heap,1,3.4298257648511456e-05
3444,praise,1,3.4298257648511456e-05
3445,fails,1,3.4298257648511456e-05
3446,impress,1,3.4298257648511456e-05
3447,curtail,1,3.4298257648511456e-05
3448,dilute,1,3.4298257648511456e-05
3449,hike,1,3.4298257648511456e-05
3450,coincided,1,3.4298257648511456e-05
3451,corporates,1,3.4298257648511456e-05
3452,confederation,1,3.4298257648511456e-05
3453,dire,1,3.4298257648511456e-05
3454,impacts,1,3.4298257648511456e-05
3455,chemical,1,3.4298257648511456e-05
3456,fertilizers,1,3.4298257648511456e-05
3457,el,1,3.4298257648511456e-05
3458,ni,1,3.4298257648511456e-05
3459,frequency,1,3.4298257648511456e-05
3460,exacerbate,1,3.4298257648511456e-05
3461,suggestion,1,3.4298257648511456e-05
3462,shore,1,3.4298257648511456e-05
3463,consume,1,3.4298257648511456e-05
3464,purely,1,3.4298257648511456e-05
3465,cater,1,3.4298257648511456e-05
3466,futile,1,3.4298257648511456e-05
3467,championships,1,3.4298257648511456e-05
3468,bronze,1,3.4298257648511456e-05
3469,medalist,1,3.4298257648511456e-05
3470,bid,1,3.4298257648511456e-05
3471,sabbatical,1,3.4298257648511456e-05
3472,roadblock,1,3.4298257648511456e-05
3473,ineligible,1,3.4298257648511456e-05
3474,athletes,1,3.4298257648511456e-05
3475,prior,1,3.4298257648511456e-05
3476,los,1,3.4298257648511456e-05
3477,angeles,1,3.4298257648511456e-05
3478,wrestlers,1,3.4298257648511456e-05
3479,sharan,1,3.4298257648511456e-05
3480,aiming,1,3.4298257648511456e-05
3481,brave,1,3.4298257648511456e-05
3482,tournament,1,3.4298257648511456e-05
3483,nandini,1,3.4298257648511456e-05
3484,nagar,1,3.4298257648511456e-05
3485,mahavidyalaya,1,3.4298257648511456e-05
3486,gonda,1,3.4298257648511456e-05
3487,strongman,1,3.4298257648511456e-05
3488,owns,1,3.4298257648511456e-05
3489,headed,1,3.4298257648511456e-05
3490,aide,1,3.4298257648511456e-05
3491,grounds,1,3.4298257648511456e-05
3492,firstly,1,3.4298257648511456e-05
3493,adhere,1,3.4298257648511456e-05
3494,disqualified,1,3.4298257648511456e-05
3495,medal,1,3.4298257648511456e-05
3496,publicity,1,3.4298257648511456e-05
3497,athlete,1,3.4298257648511456e-05
3498,slot,1,3.4298257648511456e-05
3499,dope,1,3.4298257648511456e-05
3500,whereabouts,1,3.4298257648511456e-05
3501,shortly,1,3.4298257648511456e-05
3502,announcing,1,3.4298257648511456e-05
3503,violated,1,3.4298257648511456e-05
3504,categories,1,3.4298257648511456e-05
3505,53kg,1,3.4298257648511456e-05
3506,trial,1,3.4298257648511456e-05
3507,olympic,1,3.4298257648511456e-05
3508,qualifying,1,3.4298257648511456e-05
3509,rubbished,1,3.4298257648511456e-05
3510,doubts,1,3.4298257648511456e-05
3511,intentions,1,3.4298257648511456e-05
3512,fiasco,1,3.4298257648511456e-05
3513,missed,1,3.4298257648511456e-05
3514,constitute,1,3.4298257648511456e-05
3515,violation,1,3.4298257648511456e-05
3516,applicable,1,3.4298257648511456e-05
3517,trials,1,3.4298257648511456e-05
3518,participated,1,3.4298257648511456e-05
3519,weights,1,3.4298257648511456e-05
3520,ad,1,3.4298257648511456e-05
3521,hoc,1,3.4298257648511456e-05
3522,parent,1,3.4298257648511456e-05
3523,maturity,1,3.4298257648511456e-05
3524,clubbed,1,3.4298257648511456e-05
3525,matters,1,3.4298257648511456e-05
3526,thwart,1,3.4298257648511456e-05
3527,legislator,1,3.4298257648511456e-05
3528,temperament,1,3.4298257648511456e-05
3529,respond,1,3.4298257648511456e-05
3530,decorated,1,3.4298257648511456e-05
3531,wrestler,1,3.4298257648511456e-05
3532,contemporary,1,3.4298257648511456e-05
3533,readers,1,3.4298257648511456e-05
3534,supremacy,1,3.4298257648511456e-05
3535,ethics,1,3.4298257648511456e-05
3536,applause,1,3.4298257648511456e-05
3537,unveiled,1,3.4298257648511456e-05
3538,forced,1,3.4298257648511456e-05
3539,unveil,1,3.4298257648511456e-05
3540,lacking,1,3.4298257648511456e-05
3541,luck,1,3.4298257648511456e-05
3542,decreed,1,3.4298257648511456e-05
3543,decree,1,3.4298257648511456e-05
3544,sealed,1,3.4298257648511456e-05
3545,runnymede,1,3.4298257648511456e-05
3546,windsor,1,3.4298257648511456e-05
3547,owes,1,3.4298257648511456e-05
3548,homer,1,3.4298257648511456e-05
3549,cicero,1,3.4298257648511456e-05
3550,inscribes,1,3.4298257648511456e-05
3551,concerted,1,3.4298257648511456e-05
3552,organ,1,3.4298257648511456e-05
3553,singularly,1,3.4298257648511456e-05
3554,whimsies,1,3.4298257648511456e-05
3555,barons,1,3.4298257648511456e-05
3556,himself,1,3.4298257648511456e-05
3557,proclaim,1,3.4298257648511456e-05
3558,parlance,1,3.4298257648511456e-05
3559,referring,1,3.4298257648511456e-05
3560,sovereign,1,3.4298257648511456e-05
3561,sovereigns,1,3.4298257648511456e-05
3562,wonder,1,3.4298257648511456e-05
3563,greeted,1,3.4298257648511456e-05
3564,clat,1,3.4298257648511456e-05
3565,craftsmanship,1,3.4298257648511456e-05
3566,commonwealth,1,3.4298257648511456e-05
3567,william,1,3.4298257648511456e-05
3568,shakespeare,1,3.4298257648511456e-05
3569,oscar,1,3.4298257648511456e-05
3570,wilde,1,3.4298257648511456e-05
3571,george,1,3.4298257648511456e-05
3572,orwell,1,3.4298257648511456e-05
3573,handy,1,3.4298257648511456e-05
3574,interiorisation,1,3.4298257648511456e-05
3575,latinisms,1,3.4298257648511456e-05
3576,concepts,1,3.4298257648511456e-05
3577,se,1,3.4298257648511456e-05
3578,coined,1,3.4298257648511456e-05
3579,wikipedia,1,3.4298257648511456e-05
3580,scribes,1,3.4298257648511456e-05
3581,chancery,1,3.4298257648511456e-05
3582,clauses,1,3.4298257648511456e-05
3583,statute,1,3.4298257648511456e-05
3584,impressive,1,3.4298257648511456e-05
3585,freeman,1,3.4298257648511456e-05
3586,shall,1,3.4298257648511456e-05
3587,imprisoned,1,3.4298257648511456e-05
3588,disseised,1,3.4298257648511456e-05
3589,freehold,1,3.4298257648511456e-05
3590,liberties,1,3.4298257648511456e-05
3591,customs,1,3.4298257648511456e-05
3592,outlawed,1,3.4298257648511456e-05
3593,exiled,1,3.4298257648511456e-05
3594,peers,1,3.4298257648511456e-05
3595,centuries,1,3.4298257648511456e-05
3596,barrister,1,3.4298257648511456e-05
3597,africans,1,3.4298257648511456e-05
3598,mohandas,1,3.4298257648511456e-05
3599,queen,1,3.4298257648511456e-05
3600,victoria,1,3.4298257648511456e-05
3601,extinguishing,1,3.4298257648511456e-05
3602,overarching,1,3.4298257648511456e-05
3603,company,1,3.4298257648511456e-05
3604,destiny,1,3.4298257648511456e-05
3605,proclamation,1,3.4298257648511456e-05
3606,eleanor,1,3.4298257648511456e-05
3607,roosevelt,1,3.4298257648511456e-05
3608,chair,1,3.4298257648511456e-05
3609,famously,1,3.4298257648511456e-05
3610,everywhere,1,3.4298257648511456e-05
3611,winston,1,3.4298257648511456e-05
3612,churchill,1,3.4298257648511456e-05
3613,argued,1,3.4298257648511456e-05
3614,reaffirmation,1,3.4298257648511456e-05
3615,contextual,1,3.4298257648511456e-05
3616,handing,1,3.4298257648511456e-05
3617,tedious,1,3.4298257648511456e-05
3618,lesson,1,3.4298257648511456e-05
3619,historical,1,3.4298257648511456e-05
3620,classy,1,3.4298257648511456e-05
3621,knowing,1,3.4298257648511456e-05
3622,comprising,1,3.4298257648511456e-05
3623,republican,1,3.4298257648511456e-05
3624,gathering,1,3.4298257648511456e-05
3625,listeners,1,3.4298257648511456e-05
3626,transpose,1,3.4298257648511456e-05
3627,remarks,1,3.4298257648511456e-05
3628,onto,1,3.4298257648511456e-05
3629,happening,1,3.4298257648511456e-05
3630,parchment,1,3.4298257648511456e-05
3631,linked,1,3.4298257648511456e-05
3632,inextricably,1,3.4298257648511456e-05
3633,tract,1,3.4298257648511456e-05
3634,bond,1,3.4298257648511456e-05
3635,factly,1,3.4298257648511456e-05
3636,absorption,1,3.4298257648511456e-05
3637,starting,1,3.4298257648511456e-05
3638,doubtless,1,3.4298257648511456e-05
3639,fame,1,3.4298257648511456e-05
3640,arbitrariness,1,3.4298257648511456e-05
3641,exposition,1,3.4298257648511456e-05
3642,ruler,1,3.4298257648511456e-05
3643,parliaments,1,3.4298257648511456e-05
3644,affirming,1,3.4298257648511456e-05
3645,metaphorically,1,3.4298257648511456e-05
3646,expectation,1,3.4298257648511456e-05
3647,humane,1,3.4298257648511456e-05
3648,fairly,1,3.4298257648511456e-05
3649,equitably,1,3.4298257648511456e-05
3650,transparently,1,3.4298257648511456e-05
3651,whimsy,1,3.4298257648511456e-05
3652,caprice,1,3.4298257648511456e-05
3653,unambitiously,1,3.4298257648511456e-05
3654,oldest,1,3.4298257648511456e-05
3655,protocol,1,3.4298257648511456e-05
3656,holds,1,3.4298257648511456e-05
3657,mandates,1,3.4298257648511456e-05
3658,scrutiny,1,3.4298257648511456e-05
3659,parallel,1,3.4298257648511456e-05
3660,brooding,1,3.4298257648511456e-05
3661,casts,1,3.4298257648511456e-05
3662,obligation,1,3.4298257648511456e-05
3663,trampled,1,3.4298257648511456e-05
3664,infamous,1,3.4298257648511456e-05
3665,emergency,1,3.4298257648511456e-05
3666,robotic,1,3.4298257648511456e-05
3667,brute,1,3.4298257648511456e-05
3668,subtler,1,3.4298257648511456e-05
3669,devious,1,3.4298257648511456e-05
3670,manipulation,1,3.4298257648511456e-05
3671,subversion,1,3.4298257648511456e-05
3672,emotions,1,3.4298257648511456e-05
3673,sentiments,1,3.4298257648511456e-05
3674,suspicions,1,3.4298257648511456e-05
3675,ethnic,1,3.4298257648511456e-05
3676,presaging,1,3.4298257648511456e-05
3677,strife,1,3.4298257648511456e-05
3678,heredity,1,3.4298257648511456e-05
3679,villains,1,3.4298257648511456e-05
3680,creed,1,3.4298257648511456e-05
3681,credulity,1,3.4298257648511456e-05
3682,duly,1,3.4298257648511456e-05
3683,creeds,1,3.4298257648511456e-05
3684,percentages,1,3.4298257648511456e-05
3685,reinstalled,1,3.4298257648511456e-05
3686,electors,1,3.4298257648511456e-05
3687,monitor,1,3.4298257648511456e-05
3688,morality,1,3.4298257648511456e-05
3689,obligates,1,3.4298257648511456e-05
3690,democratically,1,3.4298257648511456e-05
3691,federally,1,3.4298257648511456e-05
3692,ethical,1,3.4298257648511456e-05
3693,curious,1,3.4298257648511456e-05
3694,felicity,1,3.4298257648511456e-05
3695,wearing,1,3.4298257648511456e-05
3696,heritable,1,3.4298257648511456e-05
3697,crown,1,3.4298257648511456e-05
3698,truths,1,3.4298257648511456e-05
3699,receive,1,3.4298257648511456e-05
3700,spes,1,3.4298257648511456e-05
3701,veritatis,1,3.4298257648511456e-05
3702,reiterate,1,3.4298257648511456e-05
3703,vietnamese,1,3.4298257648511456e-05
3704,maturation,1,3.4298257648511456e-05
3705,sharpening,1,3.4298257648511456e-05
3706,imperatives,1,3.4298257648511456e-05
3707,qualitative,1,3.4298257648511456e-05
3708,flux,1,3.4298257648511456e-05
3709,perceptions,1,3.4298257648511456e-05
3710,coercion,1,3.4298257648511456e-05
3711,vulnerabilities,1,3.4298257648511456e-05
3712,durable,1,3.4298257648511456e-05
3713,erstwhile,1,3.4298257648511456e-05
3714,impetus,1,3.4298257648511456e-05
3715,elevation,1,3.4298257648511456e-05
3716,institutionalised,1,3.4298257648511456e-05
3717,pillar,1,3.4298257648511456e-05
3718,backbone,1,3.4298257648511456e-05
3719,symbolic,1,3.4298257648511456e-05
3720,corvette,1,3.4298257648511456e-05
3721,ins,1,3.4298257648511456e-05
3722,kirpan,1,3.4298257648511456e-05
3723,debates,1,3.4298257648511456e-05
3724,shipment,1,3.4298257648511456e-05
3725,supersonic,1,3.4298257648511456e-05
3726,cruise,1,3.4298257648511456e-05
3727,deterrence,1,3.4298257648511456e-05
3728,calculation,1,3.4298257648511456e-05
3729,enhancement,1,3.4298257648511456e-05
3730,acquiring,1,3.4298257648511456e-05
3731,target,1,3.4298257648511456e-05
3732,underscoring,1,3.4298257648511456e-05
3733,untapped,1,3.4298257648511456e-05
3734,resilience,1,3.4298257648511456e-05
3735,payment,1,3.4298257648511456e-05
3736,association,1,3.4298257648511456e-05
3737,scaling,1,3.4298257648511456e-05
3738,reliance,1,3.4298257648511456e-05
3739,ramifications,1,3.4298257648511456e-05
3740,forms,1,3.4298257648511456e-05
3741,component,1,3.4298257648511456e-05
3742,minilateral,1,3.4298257648511456e-05
3743,balancing,1,3.4298257648511456e-05
3744,australia,1,3.4298257648511456e-05
3745,contribute,1,3.4298257648511456e-05
3746,normative,1,3.4298257648511456e-05
3747,combat,1,3.4298257648511456e-05
3748,explicit,1,3.4298257648511456e-05
3749,underscores,1,3.4298257648511456e-05
3750,centrality,1,3.4298257648511456e-05
3751,linchpin,1,3.4298257648511456e-05
3752,characterised,1,3.4298257648511456e-05
3753,hedging,1,3.4298257648511456e-05
3754,multipronged,1,3.4298257648511456e-05
3755,shaping,1,3.4298257648511456e-05
3756,architectures,1,3.4298257648511456e-05
3757,securitised,1,3.4298257648511456e-05
3758,gaps,1,3.4298257648511456e-05
3759,vein,1,3.4298257648511456e-05
3760,resolving,1,3.4298257648511456e-05
3761,involvement,1,3.4298257648511456e-05
3762,embedded,1,3.4298257648511456e-05
3763,functional,1,3.4298257648511456e-05
3764,heats,1,3.4298257648511456e-05
3765,marking,1,3.4298257648511456e-05
3766,mature,1,3.4298257648511456e-05
3767,multifaceted,1,3.4298257648511456e-05
3768,reshaping,1,3.4298257648511456e-05
3769,understandable,1,3.4298257648511456e-05
3770,symmetry,1,3.4298257648511456e-05
3771,rings,1,3.4298257648511456e-05
3772,hollow,1,3.4298257648511456e-05
3773,establishment,1,3.4298257648511456e-05
3774,lavish,1,3.4298257648511456e-05
3775,gopalaswamy,1,3.4298257648511456e-05
3776,relook,1,3.4298257648511456e-05
3777,acted,1,3.4298257648511456e-05
3778,appropriately,1,3.4298257648511456e-05
3779,view,1,3.4298257648511456e-05
3780,unwarranted,1,3.4298257648511456e-05
3781,cynicism,1,3.4298257648511456e-05
3782,comfortably,1,3.4298257648511456e-05
3783,improper,1,3.4298257648511456e-05
3784,furnish,1,3.4298257648511456e-05
3785,admittedly,1,3.4298257648511456e-05
3786,lacked,1,3.4298257648511456e-05
3787,ordained,1,3.4298257648511456e-05
3788,forum,1,3.4298257648511456e-05
3789,preclude,1,3.4298257648511456e-05
3790,ascertaining,1,3.4298257648511456e-05
3791,strictly,1,3.4298257648511456e-05
3792,adhered,1,3.4298257648511456e-05
3793,commands,1,3.4298257648511456e-05
3794,bhim,1,3.4298257648511456e-05
3795,betka,1,3.4298257648511456e-05
3796,ujjain,1,3.4298257648511456e-05
3797,lived,1,3.4298257648511456e-05
3798,prehistoric,1,3.4298257648511456e-05
3799,fruits,1,3.4298257648511456e-05
3800,hunted,1,3.4298257648511456e-05
3801,tiny,1,3.4298257648511456e-05
3802,pigs,1,3.4298257648511456e-05
3803,artifacts,1,3.4298257648511456e-05
3804,archaeologists,1,3.4298257648511456e-05
3805,vikram,1,3.4298257648511456e-05
3806,wakankar,1,3.4298257648511456e-05
3807,bags,1,3.4298257648511456e-05
3808,heads,1,3.4298257648511456e-05
3809,plains,1,3.4298257648511456e-05
3810,malwa,1,3.4298257648511456e-05
3811,dynamic,1,3.4298257648511456e-05
3812,static,1,3.4298257648511456e-05
3813,emergence,1,3.4298257648511456e-05
3814,influenced,1,3.4298257648511456e-05
3815,pottery,1,3.4298257648511456e-05
3816,drawings,1,3.4298257648511456e-05
3817,cave,1,3.4298257648511456e-05
3818,palaeolithic,1,3.4298257648511456e-05
3819,caves,1,3.4298257648511456e-05
3820,rocky,1,3.4298257648511456e-05
3821,terrain,1,3.4298257648511456e-05
3822,calcutta,1,3.4298257648511456e-05
3823,mass,1,3.4298257648511456e-05
3824,domiciled,1,3.4298257648511456e-05
3825,evening,1,3.4298257648511456e-05
3826,wellington,1,3.4298257648511456e-05
3827,branch,1,3.4298257648511456e-05
3828,speakers,1,3.4298257648511456e-05
3829,dwelt,1,3.4298257648511456e-05
3830,names,1,3.4298257648511456e-05
3831,exclusiveness,1,3.4298257648511456e-05
3832,compete,1,3.4298257648511456e-05
3833,length,1,3.4298257648511456e-05
3834,insistent,1,3.4298257648511456e-05
3835,looks,1,3.4298257648511456e-05
3836,chepauk,1,3.4298257648511456e-05
3837,super,1,3.4298257648511456e-05
3838,podu,1,3.4298257648511456e-05
3839,premier,1,3.4298257648511456e-05
3840,flooded,1,3.4298257648511456e-05
3841,celebrate,1,3.4298257648511456e-05
3842,blowing,1,3.4298257648511456e-05
3843,symbol,1,3.4298257648511456e-05
3844,watched,1,3.4298257648511456e-05
3845,cup,1,3.4298257648511456e-05
3846,irritating,1,3.4298257648511456e-05
3847,vuvuzelas,1,3.4298257648511456e-05
3848,relentless,1,3.4298257648511456e-05
3849,complained,1,3.4298257648511456e-05
3850,commentary,1,3.4298257648511456e-05
3851,inaudible,1,3.4298257648511456e-05
3852,prompting,1,3.4298257648511456e-05
3853,broadcasters,1,3.4298257648511456e-05
3854,audio,1,3.4298257648511456e-05
3855,filters,1,3.4298257648511456e-05
3856,whistles,1,3.4298257648511456e-05
3857,comparably,1,3.4298257648511456e-05
3858,terrible,1,3.4298257648511456e-05
3859,annoyance,1,3.4298257648511456e-05
3860,blast,1,3.4298257648511456e-05
3861,michigan,1,3.4298257648511456e-05
3862,cricket,1,3.4298257648511456e-05
3863,rousing,1,3.4298257648511456e-05
3864,tolerated,1,3.4298257648511456e-05
3865,forayed,1,3.4298257648511456e-05
3866,vocabulary,1,3.4298257648511456e-05
3867,deleterious,1,3.4298257648511456e-05
3868,recording,1,3.4298257648511456e-05
3869,prescribed,1,3.4298257648511456e-05
3870,ills,1,3.4298257648511456e-05
3871,maximum,1,3.4298257648511456e-05
3872,moradabad,1,3.4298257648511456e-05
3873,metros,1,3.4298257648511456e-05
3874,meaningfully,1,3.4298257648511456e-05
3875,hindi,1,3.4298257648511456e-05
3876,belt,1,3.4298257648511456e-05
3877,northeast,1,3.4298257648511456e-05
3878,profiles,1,3.4298257648511456e-05
3879,measuring,1,3.4298257648511456e-05
3880,civic,1,3.4298257648511456e-05
3881,policing,1,3.4298257648511456e-05
3882,permissions,1,3.4298257648511456e-05
3883,runs,1,3.4298257648511456e-05
3884,spend,1,3.4298257648511456e-05
3885,attract,1,3.4298257648511456e-05
3886,criminal,1,3.4298257648511456e-05
3887,liability,1,3.4298257648511456e-05
3888,excess,1,3.4298257648511456e-05
3889,induced,1,3.4298257648511456e-05
3890,settings,1,3.4298257648511456e-05
3891,puducherry,1,3.4298257648511456e-05
3892,pooled,1,3.4298257648511456e-05
3893,estimate,1,3.4298257648511456e-05
3894,meta,1,3.4298257648511456e-05
3895,analysis,1,3.4298257648511456e-05
3896,cohorts,1,3.4298257648511456e-05
3897,ranks,1,3.4298257648511456e-05
3898,environmental,1,3.4298257648511456e-05
3899,disability,1,3.4298257648511456e-05
3900,adjusted,1,3.4298257648511456e-05
3901,synthesis,1,3.4298257648511456e-05
3902,traffic,1,3.4298257648511456e-05
3903,loud,1,3.4298257648511456e-05
3904,disrupt,1,3.4298257648511456e-05
3905,cortisol,1,3.4298257648511456e-05
3906,blood,1,3.4298257648511456e-05
3907,endothelial,1,3.4298257648511456e-05
3908,dysfunction,1,3.4298257648511456e-05
3909,impair,1,3.4298257648511456e-05
3910,cognition,1,3.4298257648511456e-05
3911,airports,1,3.4298257648511456e-05
3912,arterial,1,3.4298257648511456e-05
3913,densely,1,3.4298257648511456e-05
3914,packed,1,3.4298257648511456e-05
3915,acoustics,1,3.4298257648511456e-05
3916,sensitive,1,3.4298257648511456e-05
3917,mitigate,1,3.4298257648511456e-05
3918,looser,1,3.4298257648511456e-05
3919,fixture,1,3.4298257648511456e-05
3920,react,1,3.4298257648511456e-05
3921,enforced,1,3.4298257648511456e-05
3922,penalties,1,3.4298257648511456e-05
3923,worst,1,3.4298257648511456e-05
3924,politicians,1,3.4298257648511456e-05
3925,religious,1,3.4298257648511456e-05
3926,cultural,1,3.4298257648511456e-05
3927,observances,1,3.4298257648511456e-05
3928,permit,1,3.4298257648511456e-05
3929,pm,1,3.4298257648511456e-05
3930,festive,1,3.4298257648511456e-05
3931,routinely,1,3.4298257648511456e-05
3932,exceed,1,3.4298257648511456e-05
3933,decibel,1,3.4298257648511456e-05
3934,plonked,1,3.4298257648511456e-05
3935,sometimes,1,3.4298257648511456e-05
3936,organise,1,3.4298257648511456e-05
3937,festival,1,3.4298257648511456e-05
3938,procession,1,3.4298257648511456e-05
3939,observe,1,3.4298257648511456e-05
3940,faithful,1,3.4298257648511456e-05
3941,imagination,1,3.4298257648511456e-05
3942,presented,1,3.4298257648511456e-05
3943,unencumbered,1,3.4298257648511456e-05
3944,compromises,1,3.4298257648511456e-05
3945,respects,1,3.4298257648511456e-05
3946,relax,1,3.4298257648511456e-05
3947,mukunth,1,3.4298257648511456e-05
3948,nanisetti,1,3.4298257648511456e-05
3949,offences,1,3.4298257648511456e-05
3950,sai,1,3.4298257648511456e-05
3951,bhagirath,1,3.4298257648511456e-05
3952,bandi,1,3.4298257648511456e-05
3953,item,1,3.4298257648511456e-05
3954,probe,1,3.4298257648511456e-05
3955,journalist,1,3.4298257648511456e-05
3956,detained,1,3.4298257648511456e-05
3957,consequence,1,3.4298257648511456e-05
3958,vicious,1,3.4298257648511456e-05
3959,booked,1,3.4298257648511456e-05
3960,ips,1,3.4298257648511456e-05
3961,undercover,1,3.4298257648511456e-05
3962,busy,1,3.4298257648511456e-05
3963,city,1,3.4298257648511456e-05
3964,junction,1,3.4298257648511456e-05
3965,066,1,3.4298257648511456e-05
3966,incidents,1,3.4298257648511456e-05
3967,mainstreamed,1,3.4298257648511456e-05
3968,sexism,1,3.4298257648511456e-05
3969,ranging,1,3.4298257648511456e-05
3970,staring,1,3.4298257648511456e-05
3971,stalking,1,3.4298257648511456e-05
3972,sexist,1,3.4298257648511456e-05
3973,workplace,1,3.4298257648511456e-05
3974,opened,1,3.4298257648511456e-05
3975,seriousness,1,3.4298257648511456e-05
3976,dealing,1,3.4298257648511456e-05
3977,bot,1,3.4298257648511456e-05
3978,baiting,1,3.4298257648511456e-05
3979,justifying,1,3.4298257648511456e-05
3980,rapists,1,3.4298257648511456e-05
3981,molesters,1,3.4298257648511456e-05
3982,spite,1,3.4298257648511456e-05
3983,complaint,1,3.4298257648511456e-05
3984,lodged,1,3.4298257648511456e-05
3985,rub,1,3.4298257648511456e-05
3986,powerless,1,3.4298257648511456e-05
3987,surfaced,1,3.4298257648511456e-05
3988,compulsions,1,3.4298257648511456e-05
3989,walk,1,3.4298257648511456e-05
3990,talk,1,3.4298257648511456e-05
3991,strike,1,3.4298257648511456e-05
3992,safeguarding,1,3.4298257648511456e-05
3993,curbing,1,3.4298257648511456e-05
3994,targeting,1,3.4298257648511456e-05
3995,speed,1,3.4298257648511456e-05
3996,anonymity,1,3.4298257648511456e-05
3997,unfolds,1,3.4298257648511456e-05
3998,positions,1,3.4298257648511456e-05
3999,visibility,1,3.4298257648511456e-05
4000,orchestrated,1,3.4298257648511456e-05
4001,laced,1,3.4298257648511456e-05
4002,sexualised,1,3.4298257648511456e-05
4003,slurs,1,3.4298257648511456e-05
4004,threats,1,3.4298257648511456e-05
4005,disinformation,1,3.4298257648511456e-05
4006,reputational,1,3.4298257648511456e-05
4007,affect,1,3.4298257648511456e-05
4008,mental,1,3.4298257648511456e-05
4009,professional,1,3.4298257648511456e-05
4010,bots,1,3.4298257648511456e-05
4011,anonymous,1,3.4298257648511456e-05
4012,accounts,1,3.4298257648511456e-05
4013,harder,1,3.4298257648511456e-05
4014,cyber,1,3.4298257648511456e-05
4015,trace,1,3.4298257648511456e-05
4016,mover,1,3.4298257648511456e-05
4017,fields,1,3.4298257648511456e-05
4018,handles,1,3.4298257648511456e-05
4019,invoked,1,3.4298257648511456e-05
4020,dreaded,1,3.4298257648511456e-05
4021,unlawful,1,3.4298257648511456e-05
4022,uapa,1,3.4298257648511456e-05
4023,details,1,3.4298257648511456e-05
4024,handle,1,3.4298257648511456e-05
4025,allegedly,1,3.4298257648511456e-05
4026,sharing,1,3.4298257648511456e-05
4027,misinformation,1,3.4298257648511456e-05
4028,approving,1,3.4298257648511456e-05
4029,arrests,1,3.4298257648511456e-05
4030,instituting,1,3.4298257648511456e-05
4031,stepping,1,3.4298257648511456e-05
4032,servant,1,3.4298257648511456e-05
4033,undermined,1,3.4298257648511456e-05
4034,smear,1,3.4298257648511456e-05
4035,bureaucracy,1,3.4298257648511456e-05
4036,background,1,3.4298257648511456e-05
4037,complainants,1,3.4298257648511456e-05
4038,ride,1,3.4298257648511456e-05
4039,cresting,1,3.4298257648511456e-05
4040,wave,1,3.4298257648511456e-05
4041,demographic,1,3.4298257648511456e-05
4042,dividend,1,3.4298257648511456e-05
4043,recedes,1,3.4298257648511456e-05
4044,critically,1,3.4298257648511456e-05
4045,surveys,1,3.4298257648511456e-05
4046,utilises,1,3.4298257648511456e-05
4047,dataset,1,3.4298257648511456e-05
4048,tracks,1,3.4298257648511456e-05
4049,enrolled,1,3.4298257648511456e-05
4050,uniformly,1,3.4298257648511456e-05
4051,windows,1,3.4298257648511456e-05
4052,possibly,1,3.4298257648511456e-05
4053,internet,1,3.4298257648511456e-05
4054,duration,1,3.4298257648511456e-05
4055,fell,1,3.4298257648511456e-05
4056,naturally,1,3.4298257648511456e-05
4057,attained,1,3.4298257648511456e-05
4058,diverge,1,3.4298257648511456e-05
4059,below,1,3.4298257648511456e-05
4060,hovers,1,3.4298257648511456e-05
4061,noticeable,1,3.4298257648511456e-05
4062,discontinues,1,3.4298257648511456e-05
4063,composed,1,3.4298257648511456e-05
4064,disinterest,1,3.4298257648511456e-05
4065,contributing,1,3.4298257648511456e-05
4066,troubling,1,3.4298257648511456e-05
4067,employs,1,3.4298257648511456e-05
4068,aser,1,3.4298257648511456e-05
4069,math,1,3.4298257648511456e-05
4070,dimensions,1,3.4298257648511456e-05
4071,favouring,1,3.4298257648511456e-05
4072,disappears,1,3.4298257648511456e-05
4073,perform,1,3.4298257648511456e-05
4074,division,1,3.4298257648511456e-05
4075,correctly,1,3.4298257648511456e-05
4076,uncomfortable,1,3.4298257648511456e-05
4077,confirming,1,3.4298257648511456e-05
4078,pattern,1,3.4298257648511456e-05
4079,focusing,1,3.4298257648511456e-05
4080,removing,1,3.4298257648511456e-05
4081,default,1,3.4298257648511456e-05
4082,exposing,1,3.4298257648511456e-05
4083,ostensibly,1,3.4298257648511456e-05
4084,inspire,1,3.4298257648511456e-05
4085,supplemented,1,3.4298257648511456e-05
4086,identifying,1,3.4298257648511456e-05
4087,employers,1,3.4298257648511456e-05
4088,prospective,1,3.4298257648511456e-05
4089,graduates,1,3.4298257648511456e-05
4090,smoother,1,3.4298257648511456e-05
4091,tempting,1,3.4298257648511456e-05
4092,motivational,1,3.4298257648511456e-05
4093,motivated,1,3.4298257648511456e-05
4094,assistant,1,3.4298257648511456e-05
4095,digitise,1,3.4298257648511456e-05
4096,surya,1,3.4298257648511456e-05
4097,kant,1,3.4298257648511456e-05
4098,powered,1,3.4298257648511456e-05
4099,chatbot,1,3.4298257648511456e-05
4100,trail,1,3.4298257648511456e-05
4101,dispute,1,3.4298257648511456e-05
4102,litigant,1,3.4298257648511456e-05
4103,appeals,1,3.4298257648511456e-05
4104,easier,1,3.4298257648511456e-05
4105,documents,1,3.4298257648511456e-05
4106,manual,1,3.4298257648511456e-05
4107,verification,1,3.4298257648511456e-05
4108,subordinate,1,3.4298257648511456e-05
4109,succeeds,1,3.4298257648511456e-05
4110,administrators,1,3.4298257648511456e-05
4111,procedural,1,3.4298257648511456e-05
4112,bottlenecks,1,3.4298257648511456e-05
4113,users,1,3.4298257648511456e-05
4114,lists,1,3.4298257648511456e-05
4115,orders,1,3.4298257648511456e-05
4116,frequently,1,3.4298257648511456e-05
4117,rollout,1,3.4298257648511456e-05
4118,interoperability,1,3.4298257648511456e-05
4119,restricting,1,3.4298257648511456e-05
4120,information,1,3.4298257648511456e-05
4121,skilling,1,3.4298257648511456e-05
4122,fingerprint,1,3.4298257648511456e-05
4123,bears,1,3.4298257648511456e-05
4124,misuse,1,3.4298257648511456e-05
4125,introduction,1,3.4298257648511456e-05
4126,lawyers,1,3.4298257648511456e-05
4127,scanners,1,3.4298257648511456e-05
4128,cloud,1,3.4298257648511456e-05
4129,backup,1,3.4298257648511456e-05
4130,options,1,3.4298257648511456e-05
4131,updated,1,3.4298257648511456e-05
4132,metropolitan,1,3.4298257648511456e-05
4133,corporate,1,3.4298257648511456e-05
4134,taluka,1,3.4298257648511456e-05
4135,middlemen,1,3.4298257648511456e-05
4136,litigants,1,3.4298257648511456e-05
4137,layer,1,3.4298257648511456e-05
4138,unregulated,1,3.4298257648511456e-05
4139,assistants,1,3.4298257648511456e-05
4140,capabilities,1,3.4298257648511456e-05
4141,jan,1,3.4298257648511456e-05
4142,exclude,1,3.4298257648511456e-05
4143,typing,1,3.4298257648511456e-05
4144,menus,1,3.4298257648511456e-05
4145,biased,1,3.4298257648511456e-05
4146,bail,1,3.4298257648511456e-05
4147,generally,1,3.4298257648511456e-05
4148,substantive,1,3.4298257648511456e-05
4149,reasoning,1,3.4298257648511456e-05
4150,suvas,1,3.4298257648511456e-05
4151,supace,1,3.4298257648511456e-05
4152,precedents,1,3.4298257648511456e-05
4153,adopts,1,3.4298257648511456e-05
4154,tempted,1,3.4298257648511456e-05
4155,domains,1,3.4298257648511456e-05
4156,destruction,1,3.4298257648511456e-05
4157,surprise,1,3.4298257648511456e-05
4158,setback,1,3.4298257648511456e-05
4159,defeats,1,3.4298257648511456e-05
4160,monday,1,3.4298257648511456e-05
4161,submissions,1,3.4298257648511456e-05
4162,tem,1,3.4298257648511456e-05
4163,karuppiah,1,3.4298257648511456e-05
4164,clarity,1,3.4298257648511456e-05
4165,ve,1,3.4298257648511456e-05
4166,tuesday,1,3.4298257648511456e-05
4167,sympathies,1,3.4298257648511456e-05
4168,lie,1,3.4298257648511456e-05
4169,publicly,1,3.4298257648511456e-05
4170,functionaries,1,3.4298257648511456e-05
4171,camp,1,3.4298257648511456e-05
4172,consent,1,3.4298257648511456e-05
4173,cites,1,3.4298257648511456e-05
4174,shiv,1,3.4298257648511456e-05
4175,sena,1,3.4298257648511456e-05
4176,argue,1,3.4298257648511456e-05
4177,cognisance,1,3.4298257648511456e-05
4178,bearer,1,3.4298257648511456e-05
4179,announcements,1,3.4298257648511456e-05
4180,nominee,1,3.4298257648511456e-05
4181,violate,1,3.4298257648511456e-05
4182,merge,1,3.4298257648511456e-05
4183,secures,1,3.4298257648511456e-05
4184,quit,1,3.4298257648511456e-05
4185,approved,1,3.4298257648511456e-05
4186,prabhakar,1,3.4298257648511456e-05
4187,advice,1,3.4298257648511456e-05
4188,merits,1,3.4298257648511456e-05
4189,whatever,1,3.4298257648511456e-05
4190,decides,1,3.4298257648511456e-05
4191,churn,1,3.4298257648511456e-05
4192,triumph,1,3.4298257648511456e-05
4193,extension,1,3.4298257648511456e-05
4194,continuity,1,3.4298257648511456e-05
4195,extant,1,3.4298257648511456e-05
4196,chinks,1,3.4298257648511456e-05
4197,aggravated,1,3.4298257648511456e-05
4198,simultaneous,1,3.4298257648511456e-05
4199,drivers,1,3.4298257648511456e-05
4200,affordable,1,3.4298257648511456e-05
4201,exaggeration,1,3.4298257648511456e-05
4202,parental,1,3.4298257648511456e-05
4203,probability,1,3.4298257648511456e-05
4204,surviving,1,3.4298257648511456e-05
4205,immunised,1,3.4298257648511456e-05
4206,fed,1,3.4298257648511456e-05
4207,nutritious,1,3.4298257648511456e-05
4208,school,1,3.4298257648511456e-05
4209,progressing,1,3.4298257648511456e-05
4210,paradise,1,3.4298257648511456e-05
4211,rested,1,3.4298257648511456e-05
4212,stitch,1,3.4298257648511456e-05
4213,territorially,1,3.4298257648511456e-05
4214,precarity,1,3.4298257648511456e-05
4215,sluggish,1,3.4298257648511456e-05
4216,ex,1,3.4298257648511456e-05
4217,expense,1,3.4298257648511456e-05
4218,hub,1,3.4298257648511456e-05
4219,contradictory,1,3.4298257648511456e-05
4220,attracted,1,3.4298257648511456e-05
4221,nokia,1,3.4298257648511456e-05
4222,foxconn,1,3.4298257648511456e-05
4223,manufactures,1,3.4298257648511456e-05
4224,apple,1,3.4298257648511456e-05
4225,iphones,1,3.4298257648511456e-05
4226,actualised,1,3.4298257648511456e-05
4227,pvt,1,3.4298257648511456e-05
4228,ltd,1,3.4298257648511456e-05
4229,cmie,1,3.4298257648511456e-05
4230,completion,1,3.4298257648511456e-05
4231,09,1,3.4298257648511456e-05
4232,01,1,3.4298257648511456e-05
4233,uniqueness,1,3.4298257648511456e-05
4234,delicately,1,3.4298257648511456e-05
4235,safeguards,1,3.4298257648511456e-05
4236,income,1,3.4298257648511456e-05
4237,bargaining,1,3.4298257648511456e-05
4238,shares,1,3.4298257648511456e-05
4239,intensive,1,3.4298257648511456e-05
4240,survival,1,3.4298257648511456e-05
4241,shocks,1,3.4298257648511456e-05
4242,compounded,1,3.4298257648511456e-05
4243,persisting,1,3.4298257648511456e-05
4244,achievement,1,3.4298257648511456e-05
4245,translated,1,3.4298257648511456e-05
4246,implied,1,3.4298257648511456e-05
4247,values,1,3.4298257648511456e-05
4248,democratised,1,3.4298257648511456e-05
4249,elite,1,3.4298257648511456e-05
4250,enrolment,1,3.4298257648511456e-05
4251,improvements,1,3.4298257648511456e-05
4252,prospect,1,3.4298257648511456e-05
4253,mobility,1,3.4298257648511456e-05
4254,decoupled,1,3.4298257648511456e-05
4255,agents,1,3.4298257648511456e-05
4256,gig,1,3.4298257648511456e-05
4257,exploited,1,3.4298257648511456e-05
4258,feeling,1,3.4298257648511456e-05
4259,betrayal,1,3.4298257648511456e-05
4260,endured,1,3.4298257648511456e-05
4261,joblessness,1,3.4298257648511456e-05
4262,informality,1,3.4298257648511456e-05
4263,welfarism,1,3.4298257648511456e-05
4264,ensured,1,3.4298257648511456e-05
4265,net,1,3.4298257648511456e-05
4266,underprivileged,1,3.4298257648511456e-05
4267,meaningful,1,3.4298257648511456e-05
4268,listening,1,3.4298257648511456e-05
4269,slogan,1,3.4298257648511456e-05
4270,thomas,1,3.4298257648511456e-05
4271,piketty,1,3.4298257648511456e-05
4272,emphasises,1,3.4298257648511456e-05
4273,transportation,1,3.4298257648511456e-05
4274,generous,1,3.4298257648511456e-05
4275,decent,1,3.4298257648511456e-05
4276,reforming,1,3.4298257648511456e-05
4277,associational,1,3.4298257648511456e-05
4278,dismantle,1,3.4298257648511456e-05
4279,sites,1,3.4298257648511456e-05
4280,legitimate,1,3.4298257648511456e-05
4281,illegitimate,1,3.4298257648511456e-05
4282,blurred,1,3.4298257648511456e-05
4283,resentful,1,3.4298257648511456e-05
4284,cash,1,3.4298257648511456e-05
4285,attentive,1,3.4298257648511456e-05
4286,managing,1,3.4298257648511456e-05
4287,continents,1,3.4298257648511456e-05
4288,frequent,1,3.4298257648511456e-05
4289,intense,1,3.4298257648511456e-05
4290,encroaching,1,3.4298257648511456e-05
4291,rapidly,1,3.4298257648511456e-05
4292,transforming,1,3.4298257648511456e-05
4293,habitats,1,3.4298257648511456e-05
4294,encounters,1,3.4298257648511456e-05
4295,parts,1,3.4298257648511456e-05
4296,biodiversity,1,3.4298257648511456e-05
4297,overlaps,1,3.4298257648511456e-05
4298,reflection,1,3.4298257648511456e-05
4299,occur,1,3.4298257648511456e-05
4300,saharan,1,3.4298257648511456e-05
4301,indonesia,1,3.4298257648511456e-05
4302,kenya,1,3.4298257648511456e-05
4303,tanzania,1,3.4298257648511456e-05
4304,recurring,1,3.4298257648511456e-05
4305,cats,1,3.4298257648511456e-05
4306,mammals,1,3.4298257648511456e-05
4307,species,1,3.4298257648511456e-05
4308,seasonal,1,3.4298257648511456e-05
4309,cleared,1,3.4298257648511456e-05
4310,farms,1,3.4298257648511456e-05
4311,disrupted,1,3.4298257648511456e-05
4312,adapts,1,3.4298257648511456e-05
4313,peri,1,3.4298257648511456e-05
4314,search,1,3.4298257648511456e-05
4315,shelter,1,3.4298257648511456e-05
4316,importantly,1,3.4298257648511456e-05
4317,aggressive,1,3.4298257648511456e-05
4318,raiding,1,3.4298257648511456e-05
4319,carnivores,1,3.4298257648511456e-05
4320,monkeys,1,3.4298257648511456e-05
4321,boars,1,3.4298257648511456e-05
4322,exploit,1,3.4298257648511456e-05
4323,forest,1,3.4298257648511456e-05
4324,edges,1,3.4298257648511456e-05
4325,prey,1,3.4298257648511456e-05
4326,declines,1,3.4298257648511456e-05
4327,aberrant,1,3.4298257648511456e-05
4328,reactive,1,3.4298257648511456e-05
4329,botswana,1,3.4298257648511456e-05
4330,namibia,1,3.4298257648511456e-05
4331,tourism,1,3.4298257648511456e-05
4332,aligns,1,3.4298257648511456e-05
4333,incentives,1,3.4298257648511456e-05
4334,hostility,1,3.4298257648511456e-05
4335,costa,1,3.4298257648511456e-05
4336,rica,1,3.4298257648511456e-05
4337,finland,1,3.4298257648511456e-05
4338,features,1,3.4298257648511456e-05
4339,reliable,1,3.4298257648511456e-05
4340,shared,1,3.4298257648511456e-05
4341,complexities,1,3.4298257648511456e-05
4342,efforts,1,3.4298257648511456e-05
4343,complexity,1,3.4298257648511456e-05
4344,benefit,1,3.4298257648511456e-05
4345,timeliness,1,3.4298257648511456e-05
4346,accessibility,1,3.4298257648511456e-05
4347,solar,1,3.4298257648511456e-05
4348,fencing,1,3.4298257648511456e-05
4349,interfaces,1,3.4298257648511456e-05
4350,carefully,1,3.4298257648511456e-05
4351,practicality,1,3.4298257648511456e-05
4352,fertility,1,3.4298257648511456e-05
4353,occasionally,1,3.4298257648511456e-05
4354,applicability,1,3.4298257648511456e-05
4355,intensively,1,3.4298257648511456e-05
4356,fragmented,1,3.4298257648511456e-05
4357,interface,1,3.4298257648511456e-05
4358,mitigation,1,3.4298257648511456e-05
4359,isolated,1,3.4298257648511456e-05
4360,fixes,1,3.4298257648511456e-05
4361,bhutan,1,3.4298257648511456e-05
4362,nepal,1,3.4298257648511456e-05
4363,grounded,1,3.4298257648511456e-05
4364,grazing,1,3.4298257648511456e-05
4365,predator,1,3.4298257648511456e-05
4366,enclosures,1,3.4298257648511456e-05
4367,supported,1,3.4298257648511456e-05
4368,intensify,1,3.4298257648511456e-05
4369,altering,1,3.4298257648511456e-05
4370,humans,1,3.4298257648511456e-05
4371,adds,1,3.4298257648511456e-05
4372,treated,1,3.4298257648511456e-05
4373,controlled,1,3.4298257648511456e-05
4374,lined,1,3.4298257648511456e-05
4375,designing,1,3.4298257648511456e-05
4376,securing,1,3.4298257648511456e-05
4377,rebuilding,1,3.4298257648511456e-05
4378,anomaly,1,3.4298257648511456e-05
4379,predictable,1,3.4298257648511456e-05
4380,eliminate,1,3.4298257648511456e-05
4381,thoughtfully,1,3.4298257648511456e-05
4382,uniform,1,3.4298257648511456e-05
4383,undergraduate,1,3.4298257648511456e-05
4384,prestigious,1,3.4298257648511456e-05
4385,examinations,1,3.4298257648511456e-05
4386,repeats,1,3.4298257648511456e-05
4387,lapse,1,3.4298257648511456e-05
4388,glitch,1,3.4298257648511456e-05
4389,put,1,3.4298257648511456e-05
4390,futures,1,3.4298257648511456e-05
4391,dedicate,1,3.4298257648511456e-05
4392,teenage,1,3.4298257648511456e-05
4393,invest,1,3.4298257648511456e-05
4394,savings,1,3.4298257648511456e-05
4395,overnight,1,3.4298257648511456e-05
4396,headline,1,3.4298257648511456e-05
4397,declares,1,3.4298257648511456e-05
4398,void,1,3.4298257648511456e-05
4399,bureaucratic,1,3.4298257648511456e-05
4400,error,1,3.4298257648511456e-05
4401,disposable,1,3.4298257648511456e-05
4402,negotiable,1,3.4298257648511456e-05
4403,shikha,1,3.4298257648511456e-05
4404,chauhan,1,3.4298257648511456e-05
4405,suppression,1,3.4298257648511456e-05
4406,supersede,1,3.4298257648511456e-05
4407,carpooling,1,3.4298257648511456e-05
4408,sermon,1,3.4298257648511456e-05
4409,flawless,1,3.4298257648511456e-05
4410,zaid,1,3.4298257648511456e-05
4411,daraani,1,3.4298257648511456e-05
4412,vitla,1,3.4298257648511456e-05
4413,mangaluru,1,3.4298257648511456e-05
4414,pak,1,3.4298257648511456e-05
4415,textiles,1,3.4298257648511456e-05
4416,quotas,1,3.4298257648511456e-05
4417,nairobi,1,3.4298257648511456e-05
4418,mir,1,3.4298257648511456e-05
4419,afzal,1,3.4298257648511456e-05
4420,quantitative,1,3.4298257648511456e-05
4421,restrictions,1,3.4298257648511456e-05
4422,cotton,1,3.4298257648511456e-05
4423,textile,1,3.4298257648511456e-05
4424,plenary,1,3.4298257648511456e-05
4425,unctad,1,3.4298257648511456e-05
4426,plight,1,3.4298257648511456e-05
4427,quickest,1,3.4298257648511456e-05
4428,elements,1,3.4298257648511456e-05
4429,workable,1,3.4298257648511456e-05
4430,angles,1,3.4298257648511456e-05
4431,toshio,1,3.4298257648511456e-05
4432,japanese,1,3.4298257648511456e-05
4433,delegation,1,3.4298257648511456e-05
4434,interesting,1,3.4298257648511456e-05
4435,inter,1,3.4298257648511456e-05
4436,consultations,1,3.4298257648511456e-05
4437,tea,1,3.4298257648511456e-05
4438,jute,1,3.4298257648511456e-05
4439,rubber,1,3.4298257648511456e-05
4440,bananas,1,3.4298257648511456e-05
4441,manuel,1,3.4298257648511456e-05
4442,negotiate,1,3.4298257648511456e-05
4443,favoured,1,3.4298257648511456e-05
4444,stockpiles,1,3.4298257648511456e-05
4445,commodities,1,3.4298257648511456e-05
4446,establish,1,3.4298257648511456e-05
4447,african,1,3.4298257648511456e-05
4448,capetown,1,3.4298257648511456e-05
4449,vertical,1,3.4298257648511456e-05
4450,red,1,3.4298257648511456e-05
4451,bar,1,3.4298257648511456e-05
4452,horizontal,1,3.4298257648511456e-05
4453,bars,1,3.4298257648511456e-05
4454,green,1,3.4298257648511456e-05
4455,yellow,1,3.4298257648511456e-05
4456,blue,1,3.4298257648511456e-05
4457,jack,1,3.4298257648511456e-05
4458,flown,1,3.4298257648511456e-05
4459,fraction,1,3.4298257648511456e-05
4460,stored,1,3.4298257648511456e-05
4461,efficiently,1,3.4298257648511456e-05
4462,policymakers,1,3.4298257648511456e-05
4463,works,1,3.4298257648511456e-05
4464,commitments,1,3.4298257648511456e-05
4465,developed,1,3.4298257648511456e-05
4466,sustaining,1,3.4298257648511456e-05
4467,reveals,1,3.4298257648511456e-05
4468,contradictions,1,3.4298257648511456e-05
4469,precipitation,1,3.4298257648511456e-05
4470,usable,1,3.4298257648511456e-05
4471,limitations,1,3.4298257648511456e-05
4472,storage,1,3.4298257648511456e-05
4473,capita,1,3.4298257648511456e-05
4474,illustrates,1,3.4298257648511456e-05
4475,coping,1,3.4298257648511456e-05
4476,user,1,3.4298257648511456e-05
4477,quarter,1,3.4298257648511456e-05
4478,dependence,1,3.4298257648511456e-05
4479,tables,1,3.4298257648511456e-05
4480,conclusion,1,3.4298257648511456e-05
4481,bodies,1,3.4298257648511456e-05
4482,shakti,1,3.4298257648511456e-05
4483,nodal,1,3.4298257648511456e-05
4484,drinking,1,3.4298257648511456e-05
4485,surface,1,3.4298257648511456e-05
4486,flood,1,3.4298257648511456e-05
4487,assesses,1,3.4298257648511456e-05
4488,inputs,1,3.4298257648511456e-05
4489,additionally,1,3.4298257648511456e-05
4490,evaluates,1,3.4298257648511456e-05
4491,benchmarking,1,3.4298257648511456e-05
4492,responsibilities,1,3.4298257648511456e-05
4493,jurisdiction,1,3.4298257648511456e-05
4494,departments,1,3.4298257648511456e-05
4495,boards,1,3.4298257648511456e-05
4496,implementing,1,3.4298257648511456e-05
4497,relied,1,3.4298257648511456e-05
4498,missions,1,3.4298257648511456e-05
4499,transformative,1,3.4298257648511456e-05
4500,jeevan,1,3.4298257648511456e-05
4501,tap,1,3.4298257648511456e-05
4502,connections,1,3.4298257648511456e-05
4503,recognising,1,3.4298257648511456e-05
4504,bhujal,1,3.4298257648511456e-05
4505,stressed,1,3.4298257648511456e-05
4506,encouraging,1,3.4298257648511456e-05
4507,budgeting,1,3.4298257648511456e-05
4508,correct,1,3.4298257648511456e-05
4509,pradhan,1,3.4298257648511456e-05
4510,mantri,1,3.4298257648511456e-05
4511,krishi,1,3.4298257648511456e-05
4512,sinchayee,1,3.4298257648511456e-05
4513,consumes,1,3.4298257648511456e-05
4514,efficiency,1,3.4298257648511456e-05
4515,rejuvenation,1,3.4298257648511456e-05
4516,gained,1,3.4298257648511456e-05
4517,prominence,1,3.4298257648511456e-05
4518,namami,1,3.4298257648511456e-05
4519,gange,1,3.4298257648511456e-05
4520,ganga,1,3.4298257648511456e-05
4521,recycling,1,3.4298257648511456e-05
4522,rain,1,3.4298257648511456e-05
4523,transform,1,3.4298257648511456e-05
4524,rearranged,1,3.4298257648511456e-05
4525,fit,1,3.4298257648511456e-05
4526,account,1,3.4298257648511456e-05
4527,kickstarting,1,3.4298257648511456e-05
4528,recruitments,1,3.4298257648511456e-05
4529,drives,1,3.4298257648511456e-05
4530,altered,1,3.4298257648511456e-05
4531,appointments,1,3.4298257648511456e-05
4532,filed,1,3.4298257648511456e-05
4533,reversed,1,3.4298257648511456e-05
4534,obcs,1,3.4298257648511456e-05
4535,disappointed,1,3.4298257648511456e-05
4536,shrink,1,3.4298257648511456e-05
4537,nayakas,1,3.4298257648511456e-05
4538,1990s,1,3.4298257648511456e-05
4539,contributed,1,3.4298257648511456e-05
4540,legislation,1,3.4298257648511456e-05
4541,proportionate,1,3.4298257648511456e-05
4542,curiously,1,3.4298257648511456e-05
4543,rally,1,3.4298257648511456e-05
4544,chitradurga,1,3.4298257648511456e-05
4545,apparently,1,3.4298257648511456e-05
4546,legislated,1,3.4298257648511456e-05
4547,nayaka,1,3.4298257648511456e-05
4548,doing,1,3.4298257648511456e-05
4549,attempting,1,3.4298257648511456e-05
4550,siddaramaiah,1,3.4298257648511456e-05
4551,dalit,1,3.4298257648511456e-05
4552,madiga,1,3.4298257648511456e-05
4553,stalling,1,3.4298257648511456e-05
4554,arrived,1,3.4298257648511456e-05
4555,assent,1,3.4298257648511456e-05
4556,nomadic,1,3.4298257648511456e-05
4557,microscopic,1,3.4298257648511456e-05
4558,nagmohan,1,3.4298257648511456e-05
4559,das,1,3.4298257648511456e-05
4560,banjara,1,3.4298257648511456e-05
4561,korama,1,3.4298257648511456e-05
4562,koracha,1,3.4298257648511456e-05
4563,bhovi,1,3.4298257648511456e-05
4564,tangled,1,3.4298257648511456e-05
4565,signs,1,3.4298257648511456e-05
4566,chandrasekar,1,3.4298257648511456e-05
4567,periodic,1,3.4298257648511456e-05
4568,methodological,1,3.4298257648511456e-05
4569,revamped,1,3.4298257648511456e-05
4570,departure,1,3.4298257648511456e-05
4571,quarterly,1,3.4298257648511456e-05
4572,granular,1,3.4298257648511456e-05
4573,portrait,1,3.4298257648511456e-05
4574,lfpr,1,3.4298257648511456e-05
4575,broadly,1,3.4298257648511456e-05
4576,household,1,3.4298257648511456e-05
4577,persistent,1,3.4298257648511456e-05
4578,specifically,1,3.4298257648511456e-05
4579,unable,1,3.4298257648511456e-05
4580,secondary,1,3.4298257648511456e-05
4581,reaches,1,3.4298257648511456e-05
4582,persistently,1,3.4298257648511456e-05
4583,persistence,1,3.4298257648511456e-05
4584,mix,1,3.4298257648511456e-05
4585,informal,1,3.4298257648511456e-05
4586,salaried,1,3.4298257648511456e-05
4587,marker,1,3.4298257648511456e-05
4588,labourers,1,3.4298257648511456e-05
4589,female,1,3.4298257648511456e-05
4590,wpr,1,3.4298257648511456e-05
4591,writer,1,3.4298257648511456e-05
4592,statistical,1,3.4298257648511456e-05
4593,bitten,1,3.4298257648511456e-05
4594,shy,1,3.4298257648511456e-05
4595,surely,1,3.4298257648511456e-05
4596,apply,1,3.4298257648511456e-05
4597,logical,1,3.4298257648511456e-05
4598,helm,1,3.4298257648511456e-05
4599,lessons,1,3.4298257648511456e-05
4600,reputation,1,3.4298257648511456e-05
4601,tasked,1,3.4298257648511456e-05
4602,cbi,1,3.4298257648511456e-05
4603,inquiry,1,3.4298257648511456e-05
4604,guess,1,3.4298257648511456e-05
4605,predicted,1,3.4298257648511456e-05
4606,matched,1,3.4298257648511456e-05
4607,numerous,1,3.4298257648511456e-05
4608,material,1,3.4298257648511456e-05
4609,sums,1,3.4298257648511456e-05
4610,operations,1,3.4298257648511456e-05
4611,obvious,1,3.4298257648511456e-05
4612,fraud,1,3.4298257648511456e-05
4613,cancel,1,3.4298257648511456e-05
4614,dogged,1,3.4298257648511456e-05
4615,format,1,3.4298257648511456e-05
4616,rolled,1,3.4298257648511456e-05
4617,conducting,1,3.4298257648511456e-05
4618,suffered,1,3.4298257648511456e-05
4619,dents,1,3.4298257648511456e-05
4620,depressing,1,3.4298257648511456e-05
4621,regularity,1,3.4298257648511456e-05
4622,impersonation,1,3.4298257648511456e-05
4623,scam,1,3.4298257648511456e-05
4624,frisking,1,3.4298257648511456e-05
4625,girl,1,3.4298257648511456e-05
4626,examinees,1,3.4298257648511456e-05
4627,grace,1,3.4298257648511456e-05
4628,recommend,1,3.4298257648511456e-05
4629,restructuring,1,3.4298257648511456e-05
4630,apparatus,1,3.4298257648511456e-05
4631,hybrid,1,3.4298257648511456e-05
4632,papers,1,3.4298257648511456e-05
4633,computers,1,3.4298257648511456e-05
4634,malpractices,1,3.4298257648511456e-05
4635,inept,1,3.4298257648511456e-05
4636,impacting,1,3.4298257648511456e-05
4637,transparent,1,3.4298257648511456e-05
4638,confidentiality,1,3.4298257648511456e-05
4639,elusive,1,3.4298257648511456e-05
4640,reporters,1,3.4298257648511456e-05
4641,parade,1,3.4298257648511456e-05
4642,vladimir,1,3.4298257648511456e-05
4643,volodymyr,1,3.4298257648511456e-05
4644,zelenskyy,1,3.4298257648511456e-05
4645,finalising,1,3.4298257648511456e-05
4646,domestically,1,3.4298257648511456e-05
4647,battlefield,1,3.4298257648511456e-05
4648,troops,1,3.4298257648511456e-05
4649,advances,1,3.4298257648511456e-05
4650,eastern,1,3.4298257648511456e-05
4651,gains,1,3.4298257648511456e-05
4652,frontline,1,3.4298257648511456e-05
4653,barely,1,3.4298257648511456e-05
4654,carried,1,3.4298257648511456e-05
4655,devastating,1,3.4298257648511456e-05
4656,drone,1,3.4298257648511456e-05
4657,strikes,1,3.4298257648511456e-05
4658,insulated,1,3.4298257648511456e-05
4659,gloom,1,3.4298257648511456e-05
4660,rating,1,3.4298257648511456e-05
4661,hardline,1,3.4298257648511456e-05
4662,forceful,1,3.4298257648511456e-05
4663,adding,1,3.4298257648511456e-05
4664,kremlin,1,3.4298257648511456e-05
4665,donbas,1,3.4298257648511456e-05
4666,eastward,1,3.4298257648511456e-05
4667,clinging,1,3.4298257648511456e-05
4668,maximalist,1,3.4298257648511456e-05
4669,fighting,1,3.4298257648511456e-05
4670,seemingly,1,3.4298257648511456e-05
4671,endless,1,3.4298257648511456e-05
4672,expecting,1,3.4298257648511456e-05
4673,swift,1,3.4298257648511456e-05
4674,tremendous,1,3.4298257648511456e-05
4675,continuing,1,3.4298257648511456e-05
4676,endpoint,1,3.4298257648511456e-05
4677,demonstrated,1,3.4298257648511456e-05
4678,withstand,1,3.4298257648511456e-05
4679,mounting,1,3.4298257648511456e-05
4680,retains,1,3.4298257648511456e-05
4681,leaving,1,3.4298257648511456e-05
4682,dependent,1,3.4298257648511456e-05
4683,drifting,1,3.4298257648511456e-05
4684,plus,1,3.4298257648511456e-05
4685,alexander,1,3.4298257648511456e-05
4686,balanc,1,3.4298257648511456e-05
4687,prevails,1,3.4298257648511456e-05
4688,scales,1,3.4298257648511456e-05
4689,reminds,1,3.4298257648511456e-05
4690,hugo,1,3.4298257648511456e-05
4691,grotius,1,3.4298257648511456e-05
4692,swallowed,1,3.4298257648511456e-05
4693,realpolitik,1,3.4298257648511456e-05
4694,switzerland,1,3.4298257648511456e-05
4695,belgium,1,3.4298257648511456e-05
4696,hague,1,3.4298257648511456e-05
4697,procedures,1,3.4298257648511456e-05
4698,ultimatum,1,3.4298257648511456e-05
4699,hostilities,1,3.4298257648511456e-05
4700,covenant,1,3.4298257648511456e-05
4701,believed,1,3.4298257648511456e-05
4702,antecedent,1,3.4298257648511456e-05
4703,arbitration,1,3.4298257648511456e-05
4704,obviate,1,3.4298257648511456e-05
4705,kellogg,1,3.4298257648511456e-05
4706,briand,1,3.4298257648511456e-05
4707,pact,1,3.4298257648511456e-05
4708,condemned,1,3.4298257648511456e-05
4709,prescripted,1,3.4298257648511456e-05
4710,interpretation,1,3.4298257648511456e-05
4711,invalidate,1,3.4298257648511456e-05
4712,certainly,1,3.4298257648511456e-05
4713,textual,1,3.4298257648511456e-05
4714,danger,1,3.4298257648511456e-05
4715,invokes,1,3.4298257648511456e-05
4716,dans,1,3.4298257648511456e-05
4717,le,1,3.4298257648511456e-05
4718,cas,1,3.4298257648511456e-05
4719,membre,1,3.4298257648511456e-05
4720,objet,1,3.4298257648511456e-05
4721,une,1,3.4298257648511456e-05
4722,agression,1,3.4298257648511456e-05
4723,arm,1,3.4298257648511456e-05
4724,spanish,1,3.4298257648511456e-05
4725,ien,1,3.4298257648511456e-05
4726,caso,1,3.4298257648511456e-05
4727,ataque,1,3.4298257648511456e-05
4728,armada,1,3.4298257648511456e-05
4729,occurs,1,3.4298257648511456e-05
4730,relevance,1,3.4298257648511456e-05
4731,abolish,1,3.4298257648511456e-05
4732,trigger,1,3.4298257648511456e-05
4733,explains,1,3.4298257648511456e-05
4734,remonstrance,1,3.4298257648511456e-05
4735,spain,1,3.4298257648511456e-05
4736,airspace,1,3.4298257648511456e-05
4737,bomb,1,3.4298257648511456e-05
4738,defenceless,1,3.4298257648511456e-05
4739,weaponry,1,3.4298257648511456e-05
4740,diluted,1,3.4298257648511456e-05
4741,respectable,1,3.4298257648511456e-05
4742,protections,1,3.4298257648511456e-05
4743,outlined,1,3.4298257648511456e-05
4744,poem,1,3.4298257648511456e-05
4745,disappeared,1,3.4298257648511456e-05
4746,nub,1,3.4298257648511456e-05
4747,unswervingly,1,3.4298257648511456e-05
4748,libya,1,3.4298257648511456e-05
4749,afghanistan,1,3.4298257648511456e-05
4750,iraq,1,3.4298257648511456e-05
4751,venezuela,1,3.4298257648511456e-05
4752,excuse,1,3.4298257648511456e-05
4753,retaliate,1,3.4298257648511456e-05
4754,claiming,1,3.4298257648511456e-05
4755,sanctioned,1,3.4298257648511456e-05
4756,caroline,1,3.4298257648511456e-05
4757,incident,1,3.4298257648511456e-05
4758,smashed,1,3.4298257648511456e-05
4759,niagara,1,3.4298257648511456e-05
4760,daniel,1,3.4298257648511456e-05
4761,webster,1,3.4298257648511456e-05
4762,lawyer,1,3.4298257648511456e-05
4763,diplomat,1,3.4298257648511456e-05
4764,contemporarily,1,3.4298257648511456e-05
4765,disproportionate,1,3.4298257648511456e-05
4766,uses,1,3.4298257648511456e-05
4767,peacekeeper,1,3.4298257648511456e-05
4768,pretence,1,3.4298257648511456e-05
4769,thin,1,3.4298257648511456e-05
4770,gaza,1,3.4298257648511456e-05
4771,syria,1,3.4298257648511456e-05
4772,illegal,1,3.4298257648511456e-05
4773,genocidal,1,3.4298257648511456e-05
4774,imperialism,1,3.4298257648511456e-05
4775,recalls,1,3.4298257648511456e-05
4776,shirt,1,3.4298257648511456e-05
4777,jerusalem,1,3.4298257648511456e-05
4778,legend,1,3.4298257648511456e-05
4779,survivors,1,3.4298257648511456e-05
4780,holocaust,1,3.4298257648511456e-05
4781,inhumane,1,3.4298257648511456e-05
4782,root,1,3.4298257648511456e-05
4783,prowess,1,3.4298257648511456e-05
4784,excessive,1,3.4298257648511456e-05
4785,elites,1,3.4298257648511456e-05
4786,helpless,1,3.4298257648511456e-05
4787,populace,1,3.4298257648511456e-05
4788,adverse,1,3.4298257648511456e-05
4789,neighbouring,1,3.4298257648511456e-05
4790,cautious,1,3.4298257648511456e-05
4791,counterattack,1,3.4298257648511456e-05
4792,installations,1,3.4298257648511456e-05
4793,firmly,1,3.4298257648511456e-05
4794,undeclared,1,3.4298257648511456e-05
4795,phases,1,3.4298257648511456e-05
4796,recourses,1,3.4298257648511456e-05
4797,unilateral,1,3.4298257648511456e-05
4798,objectives,1,3.4298257648511456e-05
4799,aerial,1,3.4298257648511456e-05
4800,kharg,1,3.4298257648511456e-05
4801,irretrievably,1,3.4298257648511456e-05
4802,reconstruction,1,3.4298257648511456e-05
4803,ends,1,3.4298257648511456e-05
4804,restore,1,3.4298257648511456e-05
4805,islamabad,1,3.4298257648511456e-05
4806,incompatible,1,3.4298257648511456e-05
4807,meetings,1,3.4298257648511456e-05
4808,resolvable,1,3.4298257648511456e-05
4809,oversight,1,3.4298257648511456e-05
4810,unreasonable,1,3.4298257648511456e-05
4811,lateral,1,3.4298257648511456e-05
4812,impending,1,3.4298257648511456e-05
4813,multilateral,1,3.4298257648511456e-05
4814,consortium,1,3.4298257648511456e-05
4815,affected,1,3.4298257648511456e-05
4816,proxy,1,3.4298257648511456e-05
4817,anew,1,3.4298257648511456e-05
4818,thwarted,1,3.4298257648511456e-05
4819,mood,1,3.4298257648511456e-05
4820,zeal,1,3.4298257648511456e-05
4821,keeper,1,3.4298257648511456e-05
4822,wto,1,3.4298257648511456e-05
4823,descending,1,3.4298257648511456e-05
4824,exposed,1,3.4298257648511456e-05
4825,fa,1,3.4298257648511456e-05
4826,ade,1,3.4298257648511456e-05
4827,humanely,1,3.4298257648511456e-05
4828,excuses,1,3.4298257648511456e-05
4829,actors,1,3.4298257648511456e-05
4830,sins,1,3.4298257648511456e-05
4831,unsupported,1,3.4298257648511456e-05
4832,except,1,3.4298257648511456e-05
4833,geopolitics,1,3.4298257648511456e-05
4834,notions,1,3.4298257648511456e-05
4835,boxing,1,3.4298257648511456e-05
4836,stuck,1,3.4298257648511456e-05
4837,unwinnable,1,3.4298257648511456e-05
4838,undertakes,1,3.4298257648511456e-05
4839,risky,1,3.4298257648511456e-05
4840,trip,1,3.4298257648511456e-05
4841,desperately,1,3.4298257648511456e-05
4842,hosts,1,3.4298257648511456e-05
4843,feign,1,3.4298257648511456e-05
4844,sympathy,1,3.4298257648511456e-05
4845,albeit,1,3.4298257648511456e-05
4846,unhurried,1,3.4298257648511456e-05
4847,discreet,1,3.4298257648511456e-05
4848,proposing,1,3.4298257648511456e-05
4849,quid,1,3.4298257648511456e-05
4850,quo,1,3.4298257648511456e-05
4851,things,1,3.4298257648511456e-05
4852,disengages,1,3.4298257648511456e-05
4853,sticky,1,3.4298257648511456e-05
4854,mess,1,3.4298257648511456e-05
4855,letting,1,3.4298257648511456e-05
4856,vanquished,1,3.4298257648511456e-05
4857,prevail,1,3.4298257648511456e-05
4858,sceptical,1,3.4298257648511456e-05
4859,believer,1,3.4298257648511456e-05
4860,peaceful,1,3.4298257648511456e-05
4861,script,1,3.4298257648511456e-05
4862,sum,1,3.4298257648511456e-05
4863,mauled,1,3.4298257648511456e-05
4864,richard,1,3.4298257648511456e-05
4865,nixon,1,3.4298257648511456e-05
4866,shanghai,1,3.4298257648511456e-05
4867,panned,1,3.4298257648511456e-05
4868,reviled,1,3.4298257648511456e-05
4869,communist,1,3.4298257648511456e-05
4870,p5,1,3.4298257648511456e-05
4871,threw,1,3.4298257648511456e-05
4872,subsequent,1,3.4298257648511456e-05
4873,surge,1,3.4298257648511456e-05
4874,abandoned,1,3.4298257648511456e-05
4875,extricate,1,3.4298257648511456e-05
4876,haemorrhaging,1,3.4298257648511456e-05
4877,victorious,1,3.4298257648511456e-05
4878,benefited,1,3.4298257648511456e-05
4879,jackpot,1,3.4298257648511456e-05
4880,tantalisingly,1,3.4298257648511456e-05
4881,repeating,1,3.4298257648511456e-05
4882,agenda,1,3.4298257648511456e-05
4883,prominently,1,3.4298257648511456e-05
4884,saving,1,3.4298257648511456e-05
4885,clever,1,3.4298257648511456e-05
4886,asymmetric,1,3.4298257648511456e-05
4887,converted,1,3.4298257648511456e-05
4888,debacle,1,3.4298257648511456e-05
4889,chokehold,1,3.4298257648511456e-05
4890,staunching,1,3.4298257648511456e-05
4891,supplies,1,3.4298257648511456e-05
4892,causing,1,3.4298257648511456e-05
4893,pain,1,3.4298257648511456e-05
4894,globally,1,3.4298257648511456e-05
4895,refusal,1,3.4298257648511456e-05
4896,capitulate,1,3.4298257648511456e-05
4897,denting,1,3.4298257648511456e-05
4898,uphill,1,3.4298257648511456e-05
4899,upcoming,1,3.4298257648511456e-05
4900,congressional,1,3.4298257648511456e-05
4901,midterm,1,3.4298257648511456e-05
4902,anchor,1,3.4298257648511456e-05
4903,suspected,1,3.4298257648511456e-05
4904,crucially,1,3.4298257648511456e-05
4905,ironclad,1,3.4298257648511456e-05
4906,keeps,1,3.4298257648511456e-05
4907,abbas,1,3.4298257648511456e-05
4908,visited,1,3.4298257648511456e-05
4909,discussions,1,3.4298257648511456e-05
4910,determinant,1,3.4298257648511456e-05
4911,destination,1,3.4298257648511456e-05
4912,assertion,1,3.4298257648511456e-05
4913,jinping,1,3.4298257648511456e-05
4914,cobble,1,3.4298257648511456e-05
4915,modus,1,3.4298257648511456e-05
4916,vivendi,1,3.4298257648511456e-05
4917,observers,1,3.4298257648511456e-05
4918,discern,1,3.4298257648511456e-05
4919,keen,1,3.4298257648511456e-05
4920,finalise,1,3.4298257648511456e-05
4921,uncompromising,1,3.4298257648511456e-05
4922,rejected,1,3.4298257648511456e-05
4923,starter,1,3.4298257648511456e-05
4924,officially,1,3.4298257648511456e-05
4925,terminated,1,3.4298257648511456e-05
4926,afoul,1,3.4298257648511456e-05
4927,suspended,1,3.4298257648511456e-05
4928,escalating,1,3.4298257648511456e-05
4929,incoming,1,3.4298257648511456e-05
4930,hajj,1,3.4298257648511456e-05
4931,perfect,1,3.4298257648511456e-05
4932,maelstrom,1,3.4298257648511456e-05
4933,foray,1,3.4298257648511456e-05
4934,inscrutable,1,3.4298257648511456e-05
4935,minimalistic,1,3.4298257648511456e-05
4936,hardened,1,3.4298257648511456e-05
4937,perceptibly,1,3.4298257648511456e-05
4938,contentious,1,3.4298257648511456e-05
4939,enrichment,1,3.4298257648511456e-05
4940,mistrust,1,3.4298257648511456e-05
4941,upped,1,3.4298257648511456e-05
4942,defreezing,1,3.4298257648511456e-05
4943,assets,1,3.4298257648511456e-05
4944,closing,1,3.4298257648511456e-05
4945,yemen,1,3.4298257648511456e-05
4946,raised,1,3.4298257648511456e-05
4947,ante,1,3.4298257648511456e-05
4948,veto,1,3.4298257648511456e-05
4949,toned,1,3.4298257648511456e-05
4950,draft,1,3.4298257648511456e-05
4951,blockade,1,3.4298257648511456e-05
4952,nod,1,3.4298257648511456e-05
4953,wink,1,3.4298257648511456e-05
4954,defiance,1,3.4298257648511456e-05
4955,hardball,1,3.4298257648511456e-05
4956,extract,1,3.4298257648511456e-05
4957,sorting,1,3.4298257648511456e-05
4958,obduracy,1,3.4298257648511456e-05
4959,yield,1,3.4298257648511456e-05
4960,denial,1,3.4298257648511456e-05
4961,cynically,1,3.4298257648511456e-05
4962,carve,1,3.4298257648511456e-05
4963,mediator,1,3.4298257648511456e-05
4964,guarantor,1,3.4298257648511456e-05
4965,unwinding,1,3.4298257648511456e-05
4966,phased,1,3.4298257648511456e-05
4967,styled,1,3.4298257648511456e-05
4968,consummate,1,3.4298257648511456e-05
4969,transactional,1,3.4298257648511456e-05
4970,dealmaker,1,3.4298257648511456e-05
4971,counterstrategy,1,3.4298257648511456e-05
4972,grand,1,3.4298257648511456e-05
4973,bargain,1,3.4298257648511456e-05
4974,minimal,1,3.4298257648511456e-05
4975,henry,1,3.4298257648511456e-05
4976,sheepishly,1,3.4298257648511456e-05
4977,admitted,1,3.4298257648511456e-05
4978,drink,1,3.4298257648511456e-05
4979,tai,1,3.4298257648511456e-05
4980,potent,1,3.4298257648511456e-05
4981,liquor,1,3.4298257648511456e-05
4982,solve,1,3.4298257648511456e-05
4983,diplomacy,1,3.4298257648511456e-05
4984,nri,1,3.4298257648511456e-05
4985,aspirant,1,3.4298257648511456e-05
4986,am,1,3.4298257648511456e-05
4987,writing,1,3.4298257648511456e-05
4988,candidate,1,3.4298257648511456e-05
4989,residing,1,3.4298257648511456e-05
4990,internationally,1,3.4298257648511456e-05
4991,watch,1,3.4298257648511456e-05
4992,reputed,1,3.4298257648511456e-05
4993,pursue,1,3.4298257648511456e-05
4994,considerable,1,3.4298257648511456e-05
4995,journey,1,3.4298257648511456e-05
4996,surrounding,1,3.4298257648511456e-05
4997,relentlessly,1,3.4298257648511456e-05
4998,nmc,1,3.4298257648511456e-05
4999,qualification,1,3.4298257648511456e-05
5000,compelled,1,3.4298257648511456e-05
5001,compromise,1,3.4298257648511456e-05
5002,deserves,1,3.4298257648511456e-05
5003,overseas,1,3.4298257648511456e-05
5004,unreported,1,3.4298257648511456e-05
5005,vedika,1,3.4298257648511456e-05
5006,buckinghamshire,1,3.4298257648511456e-05
5007,fossil,1,3.4298257648511456e-05
5008,somewhat,1,3.4298257648511456e-05
5009,greenhouse,1,3.4298257648511456e-05
5010,emissions,1,3.4298257648511456e-05
5011,vehicles,1,3.4298257648511456e-05
5012,commuting,1,3.4298257648511456e-05
5013,walking,1,3.4298257648511456e-05
5014,mainly,1,3.4298257648511456e-05
5015,proper,1,3.4298257648511456e-05
5016,footpaths,1,3.4298257648511456e-05
5017,allocate,1,3.4298257648511456e-05
5018,mileage,1,3.4298257648511456e-05
5019,politicising,1,3.4298257648511456e-05
5020,evaluated,1,3.4298257648511456e-05
5021,venkataramanan,1,3.4298257648511456e-05
5022,finished,1,3.4298257648511456e-05
5023,incurred,1,3.4298257648511456e-05
5024,unenviable,1,3.4298257648511456e-05
5025,byelections,1,3.4298257648511456e-05
5026,marginalisation,1,3.4298257648511456e-05
5027,thirds,1,3.4298257648511456e-05
5028,arising,1,3.4298257648511456e-05
5029,subash,1,3.4298257648511456e-05
5030,desai,1,3.4298257648511456e-05
5031,vs,1,3.4298257648511456e-05
5032,squarely,1,3.4298257648511456e-05
5033,fate,1,3.4298257648511456e-05
5034,numerically,1,3.4298257648511456e-05
5035,loyal,1,3.4298257648511456e-05
5036,abstain,1,3.4298257648511456e-05
5037,countenanced,1,3.4298257648511456e-05
5038,numerical,1,3.4298257648511456e-05
5039,examine,1,3.4298257648511456e-05
5040,spell,1,3.4298257648511456e-05
5041,base,1,3.4298257648511456e-05
5042,appreciation,1,3.4298257648511456e-05
5043,relevant,1,3.4298257648511456e-05
5044,consideration,1,3.4298257648511456e-05
5045,prima,1,3.4298257648511456e-05
5046,facie,1,3.4298257648511456e-05
5047,adjudicate,1,3.4298257648511456e-05
5048,decide,1,3.4298257648511456e-05
5049,10th,1,3.4298257648511456e-05
5050,condoning,1,3.4298257648511456e-05
5051,housed,1,3.4298257648511456e-05
5052,submit,1,3.4298257648511456e-05
5053,designations,1,3.4298257648511456e-05
5054,sitting,1,3.4298257648511456e-05
5055,appointment,1,3.4298257648511456e-05
5056,tenth,1,3.4298257648511456e-05
5057,adjudication,1,3.4298257648511456e-05
5058,rendered,1,3.4298257648511456e-05
5059,vulnerable,1,3.4298257648511456e-05
5060,violating,1,3.4298257648511456e-05
5061,indulgence,1,3.4298257648511456e-05
5062,petitions,1,3.4298257648511456e-05
5063,disputes,1,3.4298257648511456e-05
5064,bear,1,3.4298257648511456e-05
5065,deciding,1,3.4298257648511456e-05
5066,try,1,3.4298257648511456e-05
5067,forums,1,3.4298257648511456e-05
5068,entitle,1,3.4298257648511456e-05
5069,objects,1,3.4298257648511456e-05
5070,viewpoint,1,3.4298257648511456e-05
5071,deprive,1,3.4298257648511456e-05
5072,islands,1,3.4298257648511456e-05
5073,entity,1,3.4298257648511456e-05
5074,happy,1,3.4298257648511456e-05
5075,waters,1,3.4298257648511456e-05
5076,listed,1,3.4298257648511456e-05
5077,archipelagos,1,3.4298257648511456e-05
5078,disagreement,1,3.4298257648511456e-05
5079,transit,1,3.4298257648511456e-05
5080,london,1,3.4298257648511456e-05
5081,commons,1,3.4298257648511456e-05
5082,cunliffe,1,3.4298257648511456e-05
5083,lister,1,3.4298257648511456e-05
5084,defined,1,3.4298257648511456e-05
5085,purchaser,1,3.4298257648511456e-05
5086,empire,1,3.4298257648511456e-05
5087,sidney,1,3.4298257648511456e-05
5088,webb,1,3.4298257648511456e-05
5089,importation,1,3.4298257648511456e-05
5090,monopolies,1,3.4298257648511456e-05
5091,cinematisation,1,3.4298257648511456e-05
5092,unmissable,1,3.4298257648511456e-05
5093,restlessness,1,3.4298257648511456e-05
5094,frenzy,1,3.4298257648511456e-05
5095,looked,1,3.4298257648511456e-05
5096,1960s,1,3.4298257648511456e-05
5097,protests,1,3.4298257648511456e-05
5098,oppressive,1,3.4298257648511456e-05
5099,transpired,1,3.4298257648511456e-05
5100,netizens,1,3.4298257648511456e-05
5101,isn,1,3.4298257648511456e-05
5102,meets,1,3.4298257648511456e-05
5103,understands,1,3.4298257648511456e-05
5104,sociologically,1,3.4298257648511456e-05
5105,endlessly,1,3.4298257648511456e-05
5106,scroll,1,3.4298257648511456e-05
5107,augmented,1,3.4298257648511456e-05
5108,celebrated,1,3.4298257648511456e-05
5109,escapist,1,3.4298257648511456e-05
5110,frenzied,1,3.4298257648511456e-05
5111,followers,1,3.4298257648511456e-05
5112,criticised,1,3.4298257648511456e-05
5113,tharkuri,1,3.4298257648511456e-05
5114,imbecile,1,3.4298257648511456e-05
5115,alleged,1,3.4298257648511456e-05
5116,articulate,1,3.4298257648511456e-05
5117,older,1,3.4298257648511456e-05
5118,brother,1,3.4298257648511456e-05
5119,bothered,1,3.4298257648511456e-05
5120,videos,1,3.4298257648511456e-05
5121,viral,1,3.4298257648511456e-05
5122,blame,1,3.4298257648511456e-05
5123,youths,1,3.4298257648511456e-05
5124,illiteracy,1,3.4298257648511456e-05
5125,educate,1,3.4298257648511456e-05
5126,depoliticised,1,3.4298257648511456e-05
5127,campuses,1,3.4298257648511456e-05
5128,aversion,1,3.4298257648511456e-05
5129,movies,1,3.4298257648511456e-05
5130,tagged,1,3.4298257648511456e-05
5131,theeya,1,3.4298257648511456e-05
5132,sakthi,1,3.4298257648511456e-05
5133,evil,1,3.4298257648511456e-05
5134,reshaped,1,3.4298257648511456e-05
5135,film,1,3.4298257648511456e-05
5136,playground,1,3.4298257648511456e-05
5137,ranged,1,3.4298257648511456e-05
5138,symbolising,1,3.4298257648511456e-05
5139,villain,1,3.4298257648511456e-05
5140,straight,1,3.4298257648511456e-05
5141,blockbuster,1,3.4298257648511456e-05
5142,strategist,1,3.4298257648511456e-05
5143,feels,1,3.4298257648511456e-05
5144,beat,1,3.4298257648511456e-05
5145,unofficially,1,3.4298257648511456e-05
5146,declared,1,3.4298257648511456e-05
5147,unbeatable,1,3.4298257648511456e-05
5148,sustain,1,3.4298257648511456e-05
5149,variety,1,3.4298257648511456e-05
5150,boring,1,3.4298257648511456e-05
5151,shouldn,1,3.4298257648511456e-05
5152,demolish,1,3.4298257648511456e-05
5153,flair,1,3.4298257648511456e-05
5154,akin,1,3.4298257648511456e-05
5155,statement,1,3.4298257648511456e-05
5156,says,1,3.4298257648511456e-05
5157,purposelessness,1,3.4298257648511456e-05
5158,definition,1,3.4298257648511456e-05
5159,attested,1,3.4298257648511456e-05
5160,accountable,1,3.4298257648511456e-05
5161,reign,1,3.4298257648511456e-05
5162,manifestos,1,3.4298257648511456e-05
5163,mere,1,3.4298257648511456e-05
5164,acknowledges,1,3.4298257648511456e-05
5165,seated,1,3.4298257648511456e-05
5166,patriarchy,1,3.4298257648511456e-05
5167,abolishing,1,3.4298257648511456e-05
5168,wouldn,1,3.4298257648511456e-05
5169,concrete,1,3.4298257648511456e-05
5170,define,1,3.4298257648511456e-05
5171,warriors,1,3.4298257648511456e-05
5172,respite,1,3.4298257648511456e-05
5173,sun,1,3.4298257648511456e-05
5174,cares,1,3.4298257648511456e-05
5175,happily,1,3.4298257648511456e-05
5176,bother,1,3.4298257648511456e-05
5177,hero,1,3.4298257648511456e-05
5178,bhuvanesh,1,3.4298257648511456e-05
5179,chandar,1,3.4298257648511456e-05
5180,strengths,1,3.4298257648511456e-05
5181,commenced,1,3.4298257648511456e-05
5182,highly,1,3.4298257648511456e-05
5183,anticipated,1,3.4298257648511456e-05
5184,ongoing,1,3.4298257648511456e-05
5185,steep,1,3.4298257648511456e-05
5186,interestingly,1,3.4298257648511456e-05
5187,levying,1,3.4298257648511456e-05
5188,retaliated,1,3.4298257648511456e-05
5189,escalated,1,3.4298257648511456e-05
5190,retaliatory,1,3.4298257648511456e-05
5191,restrict,1,3.4298257648511456e-05
5192,catching,1,3.4298257648511456e-05
5193,lone,1,3.4298257648511456e-05
5194,superpower,1,3.4298257648511456e-05
5195,militarily,1,3.4298257648511456e-05
5196,dramatically,1,3.4298257648511456e-05
5197,exceptions,1,3.4298257648511456e-05
5198,caused,1,3.4298257648511456e-05
5199,starker,1,3.4298257648511456e-05
5200,occupies,1,3.4298257648511456e-05
5201,race,1,3.4298257648511456e-05
5202,wipo,1,3.4298257648511456e-05
5203,fold,1,3.4298257648511456e-05
5204,giant,1,3.4298257648511456e-05
5205,aiddata,1,3.4298257648511456e-05
5206,creditor,1,3.4298257648511456e-05
5207,borrowers,1,3.4298257648511456e-05
5208,recipient,1,3.4298257648511456e-05
5209,lowy,1,3.4298257648511456e-05
5210,institute,1,3.4298257648511456e-05
5211,ranked,1,3.4298257648511456e-05
5212,marginally,1,3.4298257648511456e-05
5213,deceptively,1,3.4298257648511456e-05
5214,benign,1,3.4298257648511456e-05
5215,upstream,1,3.4298257648511456e-05
5216,spike,1,3.4298257648511456e-05
5217,soaring,1,3.4298257648511456e-05
5218,surged,1,3.4298257648511456e-05
5219,consumers,1,3.4298257648511456e-05
5220,hardeep,1,3.4298257648511456e-05
5221,puri,1,3.4298257648511456e-05
5222,marketing,1,3.4298257648511456e-05
5223,recoveries,1,3.4298257648511456e-05
5224,chiefly,1,3.4298257648511456e-05
5225,predictably,1,3.4298257648511456e-05
5226,restaurants,1,3.4298257648511456e-05
5227,accommodation,1,3.4298257648511456e-05
5228,witnessed,1,3.4298257648511456e-05
5229,cascading,1,3.4298257648511456e-05
5230,widely,1,3.4298257648511456e-05
5231,cylinder,1,3.4298257648511456e-05
5232,revisions,1,3.4298257648511456e-05
5233,extensively,1,3.4298257648511456e-05
5234,migrant,1,3.4298257648511456e-05
5235,feeding,1,3.4298257648511456e-05
5236,basket,1,3.4298257648511456e-05
5237,dampening,1,3.4298257648511456e-05
5238,appealed,1,3.4298257648511456e-05
5239,refrain,1,3.4298257648511456e-05
5240,extravagant,1,3.4298257648511456e-05
5241,weddings,1,3.4298257648511456e-05
5242,precious,1,3.4298257648511456e-05
5243,metals,1,3.4298257648511456e-05
5244,consequently,1,3.4298257648511456e-05
5245,silver,1,3.4298257648511456e-05
5246,discourage,1,3.4298257648511456e-05
5247,haven,1,3.4298257648511456e-05
5248,slide,1,3.4298257648511456e-05
5249,exceptionally,1,3.4298257648511456e-05
5250,fuller,1,3.4298257648511456e-05
5251,divergence,1,3.4298257648511456e-05
5252,producers,1,3.4298257648511456e-05
5253,room,1,3.4298257648511456e-05
5254,tighten,1,3.4298257648511456e-05
5255,band,1,3.4298257648511456e-05
5256,unfolding,1,3.4298257648511456e-05
5257,volatility,1,3.4298257648511456e-05
5258,inflationary,1,3.4298257648511456e-05
5259,manoeuvring,1,3.4298257648511456e-05
5260,choreography,1,3.4298257648511456e-05
5261,regurgitates,1,3.4298257648511456e-05
5262,preparedness,1,3.4298257648511456e-05
5263,recommending,1,3.4298257648511456e-05
5264,heatwaves,1,3.4298257648511456e-05
5265,designation,1,3.4298257648511456e-05
5266,unbolt,1,3.4298257648511456e-05
5267,door,1,3.4298257648511456e-05
5268,dedicated,1,3.4298257648511456e-05
5269,conceived,1,3.4298257648511456e-05
5270,concedes,1,3.4298257648511456e-05
5271,imitations,1,3.4298257648511456e-05
5272,leans,1,3.4298257648511456e-05
5273,heavily,1,3.4298257648511456e-05
5274,palliatives,1,3.4298257648511456e-05
5275,kiosks,1,3.4298257648511456e-05
5276,advisories,1,3.4298257648511456e-05
5277,shaded,1,3.4298257648511456e-05
5278,waiting,1,3.4298257648511456e-05
5279,stops,1,3.4298257648511456e-05
5280,margins,1,3.4298257648511456e-05
5281,underlying,1,3.4298257648511456e-05
5282,tens,1,3.4298257648511456e-05
5283,millions,1,3.4298257648511456e-05
5284,commute,1,3.4298257648511456e-05
5285,clinical,1,3.4298257648511456e-05
5286,sense,1,3.4298257648511456e-05
5287,biologically,1,3.4298257648511456e-05
5288,untenable,1,3.4298257648511456e-05
5289,scalable,1,3.4298257648511456e-05
5290,treats,1,3.4298257648511456e-05
5291,minimum,1,3.4298257648511456e-05
5292,standards,1,3.4298257648511456e-05
5293,workplaces,1,3.4298257648511456e-05
5294,warehouses,1,3.4298257648511456e-05
5295,kitchens,1,3.4298257648511456e-05
5296,honest,1,3.4298257648511456e-05
5297,fair,1,3.4298257648511456e-05
5298,lifting,1,3.4298257648511456e-05
5299,deploying,1,3.4298257648511456e-05
5300,roofing,1,3.4298257648511456e-05
5301,deployed,1,3.4298257648511456e-05
5302,cheaper,1,3.4298257648511456e-05
5303,conditioning,1,3.4298257648511456e-05
5304,calibrated,1,3.4298257648511456e-05
5305,peculiarities,1,3.4298257648511456e-05
5306,grids,1,3.4298257648511456e-05
5307,solved,1,3.4298257648511456e-05
5308,importing,1,3.4298257648511456e-05
5309,temperate,1,3.4298257648511456e-05
5310,wealthy,1,3.4298257648511456e-05
5311,economies,1,3.4298257648511456e-05
5312,wetter,1,3.4298257648511456e-05
5313,humid,1,3.4298257648511456e-05
5314,dry,1,3.4298257648511456e-05
5315,summers,1,3.4298257648511456e-05
5316,literature,1,3.4298257648511456e-05
5317,bills,1,3.4298257648511456e-05
5318,mechanical,1,3.4298257648511456e-05
5319,implicitly,1,3.4298257648511456e-05
5320,grid,1,3.4298257648511456e-05
5321,installed,1,3.4298257648511456e-05
5322,fix,1,3.4298257648511456e-05
5323,printing,1,3.4298257648511456e-05
5324,climb,1,3.4298257648511456e-05
5325,theatre,1,3.4298257648511456e-05
5326,foe,1,3.4298257648511456e-05
5327,pale,1,3.4298257648511456e-05
5328,comparison,1,3.4298257648511456e-05
5329,upheaval,1,3.4298257648511456e-05
5330,counterstrikes,1,3.4298257648511456e-05
5331,friendly,1,3.4298257648511456e-05
5332,advantage,1,3.4298257648511456e-05
5333,agility,1,3.4298257648511456e-05
5334,popularly,1,3.4298257648511456e-05
5335,purchase,1,3.4298257648511456e-05
5336,pointed,1,3.4298257648511456e-05
5337,surprisingly,1,3.4298257648511456e-05
5338,denouements,1,3.4298257648511456e-05
5339,slow,1,3.4298257648511456e-05
5340,rafales,1,3.4298257648511456e-05
5341,rearguard,1,3.4298257648511456e-05
5342,distributed,1,3.4298257648511456e-05
5343,disregard,1,3.4298257648511456e-05
5344,catastrophic,1,3.4298257648511456e-05
5345,unipolarity,1,3.4298257648511456e-05
5346,holding,1,3.4298257648511456e-05
5347,coercive,1,3.4298257648511456e-05
5348,tended,1,3.4298257648511456e-05
5349,whammy,1,3.4298257648511456e-05
5350,mirror,1,3.4298257648511456e-05
5351,exclusivist,1,3.4298257648511456e-05
5352,fundamental,1,3.4298257648511456e-05
5353,threatens,1,3.4298257648511456e-05
5354,pick,1,3.4298257648511456e-05
5355,tie,1,3.4298257648511456e-05
5356,stopped,1,3.4298257648511456e-05
5357,nurturing,1,3.4298257648511456e-05
5358,exist,1,3.4298257648511456e-05
5359,trajectories,1,3.4298257648511456e-05
5360,irreversible,1,3.4298257648511456e-05
5361,occurred,1,3.4298257648511456e-05
5362,intact,1,3.4298257648511456e-05
5363,duress,1,3.4298257648511456e-05
5364,clearest,1,3.4298257648511456e-05
5365,imports,1,3.4298257648511456e-05
5366,forego,1,3.4298257648511456e-05
5367,chabahar,1,3.4298257648511456e-05
5368,port,1,3.4298257648511456e-05
5369,desist,1,3.4298257648511456e-05
5370,dollarise,1,3.4298257648511456e-05
5371,brics,1,3.4298257648511456e-05
5372,waiver,1,3.4298257648511456e-05
5373,purchases,1,3.4298257648511456e-05
5374,owing,1,3.4298257648511456e-05
5375,disruptions,1,3.4298257648511456e-05
5376,reprieve,1,3.4298257648511456e-05
5377,submarine,1,3.4298257648511456e-05
5378,sank,1,3.4298257648511456e-05
5379,iris,1,3.4298257648511456e-05
5380,dena,1,3.4298257648511456e-05
5381,ocean,1,3.4298257648511456e-05
5382,navy,1,3.4298257648511456e-05
5383,fleet,1,3.4298257648511456e-05
5384,review,1,3.4298257648511456e-05
5385,interpreted,1,3.4298257648511456e-05
5386,dilemma,1,3.4298257648511456e-05
5387,locking,1,3.4298257648511456e-05
5388,performing,1,3.4298257648511456e-05
5389,helps,1,3.4298257648511456e-05
5390,diversify,1,3.4298257648511456e-05
5391,transferred,1,3.4298257648511456e-05
5392,wedded,1,3.4298257648511456e-05
5393,upgrades,1,3.4298257648511456e-05
5394,undercut,1,3.4298257648511456e-05
5395,rushed,1,3.4298257648511456e-05
5396,hurdles,1,3.4298257648511456e-05
5397,leverage,1,3.4298257648511456e-05
5398,risking,1,3.4298257648511456e-05
5399,uncertainties,1,3.4298257648511456e-05
5400,obviously,1,3.4298257648511456e-05
5401,flimsiest,1,3.4298257648511456e-05
5402,novel,1,3.4298257648511456e-05
5403,perception,1,3.4298257648511456e-05
5404,multipolarity,1,3.4298257648511456e-05
5405,tends,1,3.4298257648511456e-05
5406,handedness,1,3.4298257648511456e-05
5407,surprising,1,3.4298257648511456e-05
5408,marco,1,3.4298257648511456e-05
5409,belong,1,3.4298257648511456e-05
5410,casting,1,3.4298257648511456e-05
5411,identity,1,3.4298257648511456e-05
5412,cold,1,3.4298257648511456e-05
5413,minced,1,3.4298257648511456e-05
5414,whitewashing,1,3.4298257648511456e-05
5415,colonial,1,3.4298257648511456e-05
5416,regain,1,3.4298257648511456e-05
5417,sort,1,3.4298257648511456e-05
5418,hierarchical,1,3.4298257648511456e-05
5419,audience,1,3.4298257648511456e-05
5420,volumes,1,3.4298257648511456e-05
5421,tribalism,1,3.4298257648511456e-05
5422,affinity,1,3.4298257648511456e-05
5423,gets,1,3.4298257648511456e-05
5424,tough,1,3.4298257648511456e-05
5425,shell,1,3.4298257648511456e-05
5426,shocked,1,3.4298257648511456e-05
5427,pronouncements,1,3.4298257648511456e-05
5428,count,1,3.4298257648511456e-05
5429,purposes,1,3.4298257648511456e-05
5430,aware,1,3.4298257648511456e-05
5431,preventive,1,3.4298257648511456e-05
5432,remarkable,1,3.4298257648511456e-05
5433,repute,1,3.4298257648511456e-05
5434,trained,1,3.4298257648511456e-05
5435,exceptional,1,3.4298257648511456e-05
5436,clinicians,1,3.4298257648511456e-05
5437,treatments,1,3.4298257648511456e-05
5438,celebrates,1,3.4298257648511456e-05
5439,confront,1,3.4298257648511456e-05
5440,responds,1,3.4298257648511456e-05
5441,preserves,1,3.4298257648511456e-05
5442,viewed,1,3.4298257648511456e-05
5443,greatest,1,3.4298257648511456e-05
5444,cure,1,3.4298257648511456e-05
5445,civilisation,1,3.4298257648511456e-05
5446,endeavour,1,3.4298257648511456e-05
5447,deliberate,1,3.4298257648511456e-05
5448,oneself,1,3.4298257648511456e-05
5449,inherit,1,3.4298257648511456e-05
5450,heal,1,3.4298257648511456e-05
5451,heart,1,3.4298257648511456e-05
5452,strokes,1,3.4298257648511456e-05
5453,cancer,1,3.4298257648511456e-05
5454,surpassing,1,3.4298257648511456e-05
5455,chronic,1,3.4298257648511456e-05
5456,unaware,1,3.4298257648511456e-05
5457,condition,1,3.4298257648511456e-05
5458,begun,1,3.4298257648511456e-05
5459,statistic,1,3.4298257648511456e-05
5460,learn,1,3.4298257648511456e-05
5461,compounding,1,3.4298257648511456e-05
5462,preventable,1,3.4298257648511456e-05
5463,diminishes,1,3.4298257648511456e-05
5464,apollo,1,3.4298257648511456e-05
5465,adulthood,1,3.4298257648511456e-05
5466,careers,1,3.4298257648511456e-05
5467,supporting,1,3.4298257648511456e-05
5468,metabolic,1,3.4298257648511456e-05
5469,cardiovascular,1,3.4298257648511456e-05
5470,proportion,1,3.4298257648511456e-05
5471,unwell,1,3.4298257648511456e-05
5472,symptoms,1,3.4298257648511456e-05
5473,optimism,1,3.4298257648511456e-05
5474,resilient,1,3.4298257648511456e-05
5475,detection,1,3.4298257648511456e-05
5476,correction,1,3.4298257648511456e-05
5477,indefinitely,1,3.4298257648511456e-05
5478,embrace,1,3.4298257648511456e-05
5479,paradigm,1,3.4298257648511456e-05
5480,philosophy,1,3.4298257648511456e-05
5481,asks,1,3.4298257648511456e-05
5482,ourselves,1,3.4298257648511456e-05
5483,extraordinary,1,3.4298257648511456e-05
5484,habit,1,3.4298257648511456e-05
5485,understood,1,3.4298257648511456e-05
5486,commitment,1,3.4298257648511456e-05
5487,measured,1,3.4298257648511456e-05
5488,ambitions,1,3.4298257648511456e-05
5489,hospital,1,3.4298257648511456e-05
5490,cm,1,3.4298257648511456e-05
5491,ultimately,1,3.4298257648511456e-05
5492,selecting,1,3.4298257648511456e-05
5493,suitable,1,3.4298257648511456e-05
5494,gaining,1,3.4298257648511456e-05
5495,resounding,1,3.4298257648511456e-05
5496,reposed,1,3.4298257648511456e-05
5497,appropriate,1,3.4298257648511456e-05
5498,aspire,1,3.4298257648511456e-05
5499,proximity,1,3.4298257648511456e-05
5500,intellect,1,3.4298257648511456e-05
5501,basavaraj,1,3.4298257648511456e-05
5502,akki,1,3.4298257648511456e-05
5503,dharwad,1,3.4298257648511456e-05
5504,reaction,1,3.4298257648511456e-05
5505,intention,1,3.4298257648511456e-05
5506,ostentation,1,3.4298257648511456e-05
5507,luxury,1,3.4298257648511456e-05
5508,inadvertently,1,3.4298257648511456e-05
5509,triggered,1,3.4298257648511456e-05
5510,stockpiling,1,3.4298257648511456e-05
5511,disrupts,1,3.4298257648511456e-05
5512,unnecessary,1,3.4298257648511456e-05
5513,instability,1,3.4298257648511456e-05
5514,manageable,1,3.4298257648511456e-05
5515,shortage,1,3.4298257648511456e-05
5516,adequate,1,3.4298257648511456e-05
5517,citizenry,1,3.4298257648511456e-05
5518,equitable,1,3.4298257648511456e-05
5519,anushk,1,3.4298257648511456e-05
5520,raipur,1,3.4298257648511456e-05
5521,chhattisgarh,1,3.4298257648511456e-05
5522,hectic,1,3.4298257648511456e-05
5523,span,1,3.4298257648511456e-05
5524,tend,1,3.4298257648511456e-05
5525,polarise,1,3.4298257648511456e-05
5526,accurately,1,3.4298257648511456e-05
5527,balanced,1,3.4298257648511456e-05
5528,mobilised,1,3.4298257648511456e-05
5529,pay,1,3.4298257648511456e-05
5530,page,1,3.4298257648511456e-05
5531,emotion,1,3.4298257648511456e-05
5532,darkest,1,3.4298257648511456e-05
5533,unfiltered,1,3.4298257648511456e-05
5534,thinks,1,3.4298257648511456e-05
5535,tragic,1,3.4298257648511456e-05
5536,etched,1,3.4298257648511456e-05
5537,memory,1,3.4298257648511456e-05
5538,legendary,1,3.4298257648511456e-05
5539,photojournalist,1,3.4298257648511456e-05
5540,raghu,1,3.4298257648511456e-05
5541,instantly,1,3.4298257648511456e-05
5542,haunting,1,3.4298257648511456e-05
5543,depictions,1,3.4298257648511456e-05
5544,cover,1,3.4298257648511456e-05
5545,photograph,1,3.4298257648511456e-05
5546,indira,1,3.4298257648511456e-05
5547,regarded,1,3.4298257648511456e-05
5548,memorable,1,3.4298257648511456e-05
5549,sivakumar,1,3.4298257648511456e-05
5550,polish,1,3.4298257648511456e-05
5551,revolt,1,3.4298257648511456e-05
5552,orderly,1,3.4298257648511456e-05
5553,communications,1,3.4298257648511456e-05
5554,coup,1,3.4298257648511456e-05
5555,morning,1,3.4298257648511456e-05
5556,regiments,1,3.4298257648511456e-05
5557,quartered,1,3.4298257648511456e-05
5558,neighbourhood,1,3.4298257648511456e-05
5559,excited,1,3.4298257648511456e-05
5560,marshal,1,3.4298257648511456e-05
5561,marched,1,3.4298257648511456e-05
5562,joined,1,3.4298257648511456e-05
5563,garrison,1,3.4298257648511456e-05
5564,assumed,1,3.4298257648511456e-05
5565,town,1,3.4298257648511456e-05
5566,setbacks,1,3.4298257648511456e-05
5567,renewed,1,3.4298257648511456e-05
5568,discuss,1,3.4298257648511456e-05
5569,moderated,1,3.4298257648511456e-05
5570,sobhana,1,3.4298257648511456e-05
5571,nair,1,3.4298257648511456e-05
5572,edited,1,3.4298257648511456e-05
5573,excerpts,1,3.4298257648511456e-05
5574,governs,1,3.4298257648511456e-05
5575,handful,1,3.4298257648511456e-05
5576,counting,1,3.4298257648511456e-05
5577,rashtriya,1,3.4298257648511456e-05
5578,rjd,1,3.4298257648511456e-05
5579,mukti,1,3.4298257648511456e-05
5580,morcha,1,3.4298257648511456e-05
5581,jmm,1,3.4298257648511456e-05
5582,biju,1,3.4298257648511456e-05
5583,odisha,1,3.4298257648511456e-05
5584,aam,1,3.4298257648511456e-05
5585,aadmi,1,3.4298257648511456e-05
5586,punjab,1,3.4298257648511456e-05
5587,existed,1,3.4298257648511456e-05
5588,fronts,1,3.4298257648511456e-05
5589,phenomenon,1,3.4298257648511456e-05
5590,incentivises,1,3.4298257648511456e-05
5591,contenders,1,3.4298257648511456e-05
5592,aggregated,1,3.4298257648511456e-05
5593,nationally,1,3.4298257648511456e-05
5594,multiparty,1,3.4298257648511456e-05
5595,splitting,1,3.4298257648511456e-05
5596,diminished,1,3.4298257648511456e-05
5597,representing,1,3.4298257648511456e-05
5598,involved,1,3.4298257648511456e-05
5599,labels,1,3.4298257648511456e-05
5600,arunachal,1,3.4298257648511456e-05
5601,conceals,1,3.4298257648511456e-05
5602,pursuing,1,3.4298257648511456e-05
5603,suggest,1,3.4298257648511456e-05
5604,resembles,1,3.4298257648511456e-05
5605,deeply,1,3.4298257648511456e-05
5606,runaway,1,3.4298257648511456e-05
5607,victories,1,3.4298257648511456e-05
5608,reflected,1,3.4298257648511456e-05
5609,consistently,1,3.4298257648511456e-05
5610,weakness,1,3.4298257648511456e-05
5611,dragged,1,3.4298257648511456e-05
5612,totals,1,3.4298257648511456e-05
5613,illusion,1,3.4298257648511456e-05
5614,saturation,1,3.4298257648511456e-05
5615,checked,1,3.4298257648511456e-05
5616,extracting,1,3.4298257648511456e-05
5617,incentive,1,3.4298257648511456e-05
5618,restrain,1,3.4298257648511456e-05
5619,majoritarian,1,3.4298257648511456e-05
5620,hypothetically,1,3.4298257648511456e-05
5621,heavyweights,1,3.4298257648511456e-05
5622,vacuum,1,3.4298257648511456e-05
5623,positioned,1,3.4298257648511456e-05
5624,struggles,1,3.4298257648511456e-05
5625,resolves,1,3.4298257648511456e-05
5626,organisational,1,3.4298257648511456e-05
5627,disarray,1,3.4298257648511456e-05
5628,paralysis,1,3.4298257648511456e-05
5629,replace,1,3.4298257648511456e-05
5630,weaken,1,3.4298257648511456e-05
5631,expose,1,3.4298257648511456e-05
5632,resistance,1,3.4298257648511456e-05
5633,intra,1,3.4298257648511456e-05
5634,rivalry,1,3.4298257648511456e-05
5635,completely,1,3.4298257648511456e-05
5636,liberated,1,3.4298257648511456e-05
5637,operate,1,3.4298257648511456e-05
5638,ysr,1,3.4298257648511456e-05
5639,functioned,1,3.4298257648511456e-05
5640,joins,1,3.4298257648511456e-05
5641,previously,1,3.4298257648511456e-05
5642,worked,1,3.4298257648511456e-05
5643,functions,1,3.4298257648511456e-05
5644,revive,1,3.4298257648511456e-05
5645,wrests,1,3.4298257648511456e-05
5646,rank,1,3.4298257648511456e-05
5647,file,1,3.4298257648511456e-05
5648,element,1,3.4298257648511456e-05
5649,missing,1,3.4298257648511456e-05
5650,comparative,1,3.4298257648511456e-05
5651,delegitimisation,1,3.4298257648511456e-05
5652,qualities,1,3.4298257648511456e-05
5653,formations,1,3.4298257648511456e-05
5654,circumstances,1,3.4298257648511456e-05
5655,delegitimacy,1,3.4298257648511456e-05
5656,guarantee,1,3.4298257648511456e-05
5657,forever,1,3.4298257648511456e-05
5658,enjoyed,1,3.4298257648511456e-05
5659,reversals,1,3.4298257648511456e-05
5660,cycles,1,3.4298257648511456e-05
5661,partly,1,3.4298257648511456e-05
5662,projected,1,3.4298257648511456e-05
5663,inevitably,1,3.4298257648511456e-05
5664,reshape,1,3.4298257648511456e-05
5665,excluded,1,3.4298257648511456e-05
5666,delegitimised,1,3.4298257648511456e-05
5667,spectators,1,3.4298257648511456e-05
5668,erased,1,3.4298257648511456e-05
5669,permanently,1,3.4298257648511456e-05
5670,shut,1,3.4298257648511456e-05
5671,agree,1,3.4298257648511456e-05
5672,wake,1,3.4298257648511456e-05
5673,cadre,1,3.4298257648511456e-05
5674,clearer,1,3.4298257648511456e-05
5675,recognises,1,3.4298257648511456e-05
5676,parley,1,3.4298257648511456e-05
5677,scan,1,3.4298257648511456e-05
5678,link,1,3.4298257648511456e-05
5679,www,1,3.4298257648511456e-05
5680,com,1,3.4298257648511456e-05
5681,thrive,1,3.4298257648511456e-05
5682,commodified,1,3.4298257648511456e-05
5683,haidar,1,3.4298257648511456e-05
5684,father,1,3.4298257648511456e-05
5685,ed,1,3.4298257648511456e-05
5686,overbearing,1,3.4298257648511456e-05
5687,accomplish,1,3.4298257648511456e-05
5688,lifetime,1,3.4298257648511456e-05
5689,ll,1,3.4298257648511456e-05
5690,always,1,3.4298257648511456e-05
5691,dictum,1,3.4298257648511456e-05
5692,gift,1,3.4298257648511456e-05
5693,steadfast,1,3.4298257648511456e-05
5694,journalistic,1,3.4298257648511456e-05
5695,captain,1,3.4298257648511456e-05
5696,outrageous,1,3.4298257648511456e-05
5697,regrets,1,3.4298257648511456e-05
5698,journalism,1,3.4298257648511456e-05
5699,captivated,1,3.4298257648511456e-05
5700,interviewed,1,3.4298257648511456e-05
5701,iraqi,1,3.4298257648511456e-05
5702,saddam,1,3.4298257648511456e-05
5703,hussein,1,3.4298257648511456e-05
5704,banned,1,3.4298257648511456e-05
5705,mandating,1,3.4298257648511456e-05
5706,boston,1,3.4298257648511456e-05
5707,speak,1,3.4298257648511456e-05
5708,cuban,1,3.4298257648511456e-05
5709,fidel,1,3.4298257648511456e-05
5710,castro,1,3.4298257648511456e-05
5711,believing,1,3.4298257648511456e-05
5712,borne,1,3.4298257648511456e-05
5713,mentality,1,3.4298257648511456e-05
5714,aired,1,3.4298257648511456e-05
5715,channels,1,3.4298257648511456e-05
5716,americans,1,3.4298257648511456e-05
5717,prism,1,3.4298257648511456e-05
5718,channelling,1,3.4298257648511456e-05
5719,figures,1,3.4298257648511456e-05
5720,swaminathan,1,3.4298257648511456e-05
5721,funded,1,3.4298257648511456e-05
5722,goodwill,1,3.4298257648511456e-05
5723,games,1,3.4298257648511456e-05
5724,atlanta,1,3.4298257648511456e-05
5725,counter,1,3.4298257648511456e-05
5726,boycott,1,3.4298257648511456e-05
5727,intern,1,3.4298257648511456e-05
5728,gopher,1,3.4298257648511456e-05
5729,escort,1,3.4298257648511456e-05
5730,unga,1,3.4298257648511456e-05
5731,cairo,1,3.4298257648511456e-05
5732,enthusiasm,1,3.4298257648511456e-05
5733,globalisation,1,3.4298257648511456e-05
5734,stayed,1,3.4298257648511456e-05
5735,hired,1,3.4298257648511456e-05
5736,diktat,1,3.4298257648511456e-05
5737,heady,1,3.4298257648511456e-05
5738,humanised,1,3.4298257648511456e-05
5739,remote,1,3.4298257648511456e-05
5740,drive,1,3.4298257648511456e-05
5741,reporting,1,3.4298257648511456e-05
5742,budgets,1,3.4298257648511456e-05
5743,chartered,1,3.4298257648511456e-05
5744,helicopter,1,3.4298257648511456e-05
5745,mid,1,3.4298257648511456e-05
5746,collision,1,3.4298257648511456e-05
5747,discovery,1,3.4298257648511456e-05
5748,downfall,1,3.4298257648511456e-05
5749,thought,1,3.4298257648511456e-05
5750,mandated,1,3.4298257648511456e-05
5751,fcc,1,3.4298257648511456e-05
5752,broadcast,1,3.4298257648511456e-05
5753,amount,1,3.4298257648511456e-05
5754,programming,1,3.4298257648511456e-05
5755,copies,1,3.4298257648511456e-05
5756,bottom,1,3.4298257648511456e-05
5757,chasing,1,3.4298257648511456e-05
5758,stories,1,3.4298257648511456e-05
5759,catch,1,3.4298257648511456e-05
5760,shutting,1,3.4298257648511456e-05
5761,bureaus,1,3.4298257648511456e-05
5762,capitals,1,3.4298257648511456e-05
5763,skeletal,1,3.4298257648511456e-05
5764,notebook,1,3.4298257648511456e-05
5765,ban,1,3.4298257648511456e-05
5766,equipment,1,3.4298257648511456e-05
5767,jimmy,1,3.4298257648511456e-05
5768,indirectly,1,3.4298257648511456e-05
5769,assailed,1,3.4298257648511456e-05
5770,persuade,1,3.4298257648511456e-05
5771,halt,1,3.4298257648511456e-05
5772,eklund,1,3.4298257648511456e-05
5773,atomic,1,3.4298257648511456e-05
5774,vienna,1,3.4298257648511456e-05
5775,organisations,1,3.4298257648511456e-05
5776,devoted,1,3.4298257648511456e-05
5777,science,1,3.4298257648511456e-05
5778,humanistic,1,3.4298257648511456e-05
5779,disclosed,1,3.4298257648511456e-05
5780,implement,1,3.4298257648511456e-05
5781,sources,1,3.4298257648511456e-05
5782,salt,1,3.4298257648511456e-05
