unique_word_id,word,frequency,posterior_probability
1,the,1510,0.058793754623681034
2,to,592,0.02305026671339018
3,in,545,0.021220262430401433
4,and,475,0.018494724136588404
5,of,442,0.017209827512362264
6,on,263,0.010240236732468948
7,for,258,0.010045555425768017
8,with,224,0.00872172254020169
9,at,166,0.006463419382470895
10,bt,151,0.005879375462368103
11,was,147,0.005723630417007359
12,is,137,0.005334267803605497
13,it,122,0.004750223883502706
14,that,121,0.00471128762216252
15,his,118,0.004594478838141962
16,has,114,0.004438733792781217
17,he,105,0.004088307440719542
18,as,100,0.0038936261340186116
19,11,95,0.003698944827317681
20,21,91,0.0035431997819569366
21,an,86,0.003348518475256006
22,will,85,0.0033095822139158197
23,out,81,0.0031538371685550753
24,two,81,0.0031538371685550753
25,after,80,0.003114900907214889
26,by,78,0.003037028384534517
27,have,76,0.0029591558618541447
28,not,73,0.002842347077833586
29,but,73,0.002842347077833586
30,10,72,0.0028034108164934003
31,over,71,0.002764474555153214
32,from,70,0.002725538293813028
33,be,69,0.002686602032472842
34,ipl,66,0.002569793248452284
35,its,65,0.0025308569871120975
36,against,64,0.0024919207257719112
37,this,64,0.0024919207257719112
38,first,64,0.0024919207257719112
39,been,62,0.002414048203091539
40,we,58,0.0022583031577307947
41,had,58,0.0022583031577307947
42,run,55,0.0021414943737102362
43,india,55,0.0021414943737102362
44,world,55,0.0021414943737102362
45,coach,54,0.0021025581123700504
46,team,54,0.0021025581123700504
47,kings,53,0.002063621851029864
48,year,53,0.002063621851029864
49,top,52,0.002024685589689678
50,12,51,0.001985749328349492
51,said,50,0.0019468130670093058
52,four,50,0.0019468130670093058
53,overs,49,0.0019078768056691197
54,who,49,0.0019078768056691197
55,wickets,48,0.0018689405443289336
56,three,48,0.0018689405443289336
57,bowling,47,0.0018300042829887473
58,up,47,0.0018300042829887473
59,ball,46,0.0017910680216485612
60,games,46,0.0017910680216485612
61,win,46,0.0017910680216485612
62,indian,45,0.0017521317603083752
63,when,44,0.001713195498968189
64,their,43,0.001674259237628003
65,super,43,0.001674259237628003
66,side,43,0.001674259237628003
67,13,42,0.001635322976287817
68,16,42,0.001635322976287817
69,season,42,0.001635322976287817
70,off,42,0.001635322976287817
71,last,42,0.001635322976287817
72,singh,42,0.001635322976287817
73,one,41,0.0015963867149476308
74,time,41,0.0015963867149476308
75,final,41,0.0015963867149476308
76,15,40,0.0015574504536074445
77,are,40,0.0015574504536074445
78,five,40,0.0015574504536074445
79,article,39,0.0015185141922672584
80,second,39,0.0015185141922672584
81,batting,38,0.0014795779309270723
82,image,38,0.0014795779309270723
83,all,37,0.0014406416695868863
84,game,37,0.0014406416695868863
85,while,37,0.0014406416695868863
86,17,36,0.0014017054082467002
87,19,36,0.0014017054082467002
88,2026,36,0.0014017054082467002
89,here,36,0.0014017054082467002
90,which,36,0.0014017054082467002
91,before,36,0.0014017054082467002
92,six,35,0.001362769146906514
93,back,35,0.001362769146906514
94,asian,35,0.001362769146906514
95,18,34,0.001323832885566328
96,chennai,34,0.001323832885566328
97,points,34,0.001323832885566328
98,match,33,0.001284896624226142
99,no,33,0.001284896624226142
100,old,32,0.0012459603628859556
101,titans,32,0.0012459603628859556
102,runs,32,0.0012459603628859556
103,rcb,31,0.0012070241015457695
104,well,31,0.0012070241015457695
105,stadium,31,0.0012070241015457695
106,champion,31,0.0012070241015457695
107,home,31,0.0012070241015457695
108,1x4,31,0.0012070241015457695
109,round,31,0.0012070241015457695
110,day,30,0.0011680878402055834
111,tournament,30,0.0011680878402055834
112,player,29,0.0011291515788653974
113,men,29,0.0011291515788653974
114,next,29,0.0011291515788653974
115,kumar,29,0.0011291515788653974
116,her,29,0.0011291515788653974
117,into,28,0.0010902153175252113
118,through,28,0.0010902153175252113
119,punjab,28,0.0010902153175252113
120,matches,28,0.0010902153175252113
121,14,27,0.0010512790561850252
122,national,27,0.0010512790561850252
123,indians,27,0.0010512790561850252
124,down,27,0.0010512790561850252
125,har,27,0.0010512790561850252
126,can,26,0.001012342794844839
127,also,26,0.001012342794844839
128,were,26,0.001012342794844839
129,total,26,0.001012342794844839
130,rabada,26,0.001012342794844839
131,won,26,0.001012342794844839
132,20,25,0.0009734065335046529
133,they,25,0.0009734065335046529
134,previous,25,0.0009734065335046529
135,set,25,0.0009734065335046529
136,there,25,0.0009734065335046529
137,mumbai,25,0.0009734065335046529
138,1x6,25,0.0009734065335046529
139,league,25,0.0009734065335046529
140,urvil,25,0.0009734065335046529
141,30,24,0.0009344702721644668
142,kohli,24,0.0009344702721644668
143,now,24,0.0009344702721644668
144,sunday,24,0.0009344702721644668
145,victory,24,0.0009344702721644668
146,championships,24,0.0009344702721644668
147,delhi,24,0.0009344702721644668
148,more,24,0.0009344702721644668
149,open,24,0.0009344702721644668
150,bronze,24,0.0009344702721644668
151,bengaluru,23,0.0008955340108242806
152,sharma,23,0.0008955340108242806
153,get,23,0.0008955340108242806
154,2x6,23,0.0008955340108242806
155,head,23,0.0008955340108242806
156,results,23,0.0008955340108242806
157,end,23,0.0008955340108242806
158,take,23,0.0008955340108242806
159,srh,23,0.0008955340108242806
160,25,22,0.0008565977494840945
161,so,22,0.0008565977494840945
162,would,22,0.0008565977494840945
163,another,22,0.0008565977494840945
164,under,22,0.0008565977494840945
165,eight,22,0.0008565977494840945
166,injury,22,0.0008565977494840945
167,pbks,22,0.0008565977494840945
168,capitals,22,0.0008565977494840945
169,best,22,0.0008565977494840945
170,women,22,0.0008565977494840945
171,good,21,0.0008176614881439084
172,impact,21,0.0008176614881439084
173,mi,21,0.0008176614881439084
174,royal,21,0.0008176614881439084
175,challengers,21,0.0008176614881439084
176,high,21,0.0008176614881439084
177,play,21,0.0008176614881439084
178,winning,21,0.0008176614881439084
179,bhuvneshwar,21,0.0008176614881439084
180,title,21,0.0008176614881439084
181,cup,21,0.0008176614881439084
182,lost,21,0.0008176614881439084
183,him,20,0.0007787252268037223
184,despite,20,0.0007787252268037223
185,what,20,0.0007787252268037223
186,mr,20,0.0007787252268037223
187,half,20,0.0007787252268037223
188,doubles,20,0.0007787252268037223
189,only,19,0.0007397889654635362
190,made,19,0.0007397889654635362
191,me,19,0.0007397889654635362
192,away,19,0.0007397889654635362
193,past,19,0.0007397889654635362
194,holder,19,0.0007397889654635362
195,kaz,19,0.0007397889654635362
196,federation,19,0.0007397889654635362
197,lsg,18,0.0007008527041233501
198,csk,18,0.0007008527041233501
199,new,18,0.0007008527041233501
200,during,18,0.0007008527041233501
201,2x4,18,0.0007008527041233501
202,fall,18,0.0007008527041233501
203,3x4,18,0.0007008527041233501
204,uzb,18,0.0007008527041233501
205,just,18,0.0007008527041233501
206,tyagi,18,0.0007008527041233501
207,tuesday,18,0.0007008527041233501
208,22,17,0.000661916442783164
209,23,17,0.000661916442783164
210,32,17,0.000661916442783164
211,you,17,0.000661916442783164
212,really,17,0.000661916442783164
213,both,17,0.000661916442783164
214,most,17,0.000661916442783164
215,innings,17,0.000661916442783164
216,yash,17,0.000661916442783164
217,sunrisers,17,0.000661916442783164
218,about,17,0.000661916442783164
219,45,16,0.0006229801814429778
220,prince,16,0.0006229801814429778
221,bowlers,16,0.0006229801814429778
222,my,16,0.0006229801814429778
223,our,16,0.0006229801814429778
224,wicket,16,0.0006229801814429778
225,since,16,0.0006229801814429778
226,fourth,16,0.0006229801814429778
227,gill,16,0.0006229801814429778
228,sai,16,0.0006229801814429778
229,sudharsan,16,0.0006229801814429778
230,monday,16,0.0006229801814429778
231,shreyas,16,0.0006229801814429778
232,medal,16,0.0006229801814429778
233,seven,16,0.0006229801814429778
234,gold,16,0.0006229801814429778
235,record,16,0.0006229801814429778
236,vinesh,16,0.0006229801814429778
237,years,16,0.0006229801814429778
238,rate,16,0.0006229801814429778
239,even,15,0.0005840439201027917
240,if,15,0.0005840439201027917
241,other,15,0.0005840439201027917
242,right,15,0.0005840439201027917
243,place,15,0.0005840439201027917
244,strong,15,0.0005840439201027917
245,order,15,0.0005840439201027917
246,could,15,0.0005840439201027917
247,however,15,0.0005840439201027917
248,pressure,15,0.0005840439201027917
249,cricket,15,0.0005840439201027917
250,raipur,15,0.0005840439201027917
251,powerplay,15,0.0005840439201027917
252,or,15,0.0005840439201027917
253,bangladesh,15,0.0005840439201027917
254,squash,15,0.0005840439201027917
255,competition,15,0.0005840439201027917
256,batter,15,0.0005840439201027917
257,very,15,0.0005840439201027917
258,because,15,0.0005840439201027917
259,she,15,0.0005840439201027917
260,result,15,0.0005840439201027917
261,bosch,15,0.0005840439201027917
262,tilak,15,0.0005840439201027917
263,wednesday,15,0.0005840439201027917
264,put,14,0.0005451076587626056
265,being,14,0.0005451076587626056
266,lucknow,14,0.0005451076587626056
267,lead,14,0.0005451076587626056
268,teams,14,0.0005451076587626056
269,conditions,14,0.0005451076587626056
270,come,14,0.0005451076587626056
271,opening,14,0.0005451076587626056
272,siraj,14,0.0005451076587626056
273,clash,14,0.0005451076587626056
274,then,14,0.0005451076587626056
275,extras,14,0.0005451076587626056
276,vs,14,0.0005451076587626056
277,rsc,14,0.0005451076587626056
278,way,14,0.0005451076587626056
279,hyderabad,14,0.0005451076587626056
280,start,14,0.0005451076587626056
281,abhishek,14,0.0005451076587626056
282,got,14,0.0005451076587626056
283,may,14,0.0005451076587626056
284,long,14,0.0005451076587626056
285,wrestling,14,0.0005451076587626056
286,tn,14,0.0005451076587626056
287,madhav,14,0.0005451076587626056
288,manish,14,0.0005451076587626056
289,36,13,0.0005061713974224195
290,59,13,0.0005061713974224195
291,2025,13,0.0005061713974224195
292,like,13,0.0005061713974224195
293,hard,13,0.0005061713974224195
294,yadav,13,0.0005061713974224195
295,each,13,0.0005061713974224195
296,players,13,0.0005061713974224195
297,host,13,0.0005061713974224195
298,due,13,0.0005061713974224195
299,hit,13,0.0005061713974224195
300,gujarat,13,0.0005061713974224195
301,point,13,0.0005061713974224195
302,went,13,0.0005061713974224195
303,pakistan,13,0.0005061713974224195
304,semifinals,13,0.0005061713974224195
305,table,13,0.0005061713974224195
306,chance,13,0.0005061713974224195
307,played,13,0.0005061713974224195
308,spinner,13,0.0005061713974224195
309,kolkata,13,0.0005061713974224195
310,knight,13,0.0005061713974224195
311,riders,13,0.0005061713974224195
312,event,13,0.0005061713974224195
313,held,13,0.0005061713974224195
314,patel,13,0.0005061713974224195
315,did,13,0.0005061713974224195
316,silver,13,0.0005061713974224195
317,wfi,13,0.0005061713974224195
318,priyansh,13,0.0005061713974224195
319,krunal,13,0.0005061713974224195
320,chase,13,0.0005061713974224195
321,ahead,13,0.0005061713974224195
322,24,12,0.0004672351360822334
323,26,12,0.0004672351360822334
324,28,12,0.0004672351360822334
325,37,12,0.0004672351360822334
326,55,12,0.0004672351360822334
327,56,12,0.0004672351360822334
328,show,12,0.0004672351360822334
329,do,12,0.0004672351360822334
330,going,12,0.0004672351360822334
331,make,12,0.0004672351360822334
332,playoff,12,0.0004672351360822334
333,patidar,12,0.0004672351360822334
334,rashid,12,0.0004672351360822334
335,buttler,12,0.0004672351360822334
336,wkts,12,0.0004672351360822334
337,tpe,12,0.0004672351360822334
338,rounder,12,0.0004672351360822334
339,came,12,0.0004672351360822334
340,pacers,12,0.0004672351360822334
341,still,12,0.0004672351360822334
342,kkr,12,0.0004672351360822334
343,any,12,0.0004672351360822334
344,left,12,0.0004672351360822334
345,shot,12,0.0004672351360822334
346,medallist,12,0.0004672351360822334
347,prabhsimran,12,0.0004672351360822334
348,david,12,0.0004672351360822334
349,once,12,0.0004672351360822334
350,overton,12,0.0004672351360822334
351,june,12,0.0004672351360822334
352,sreejesh,12,0.0004672351360822334
353,58,11,0.00042829887474204727
354,go,11,0.00042829887474204727
355,where,11,0.00042829887474204727
356,help,11,0.00042829887474204727
357,contest,11,0.00042829887474204727
358,giants,11,0.00042829887474204727
359,century,11,0.00042829887474204727
360,middle,11,0.00042829887474204727
361,skipper,11,0.00042829887474204727
362,earlier,11,0.00042829887474204727
363,royals,11,0.00042829887474204727
364,saturday,11,0.00042829887474204727
365,late,11,0.00042829887474204727
366,third,11,0.00042829887474204727
367,rahul,11,0.00042829887474204727
368,lb,11,0.00042829887474204727
369,finals,11,0.00042829887474204727
370,across,11,0.00042829887474204727
371,jpn,11,0.00042829887474204727
372,trophy,11,0.00042829887474204727
373,trevor,11,0.00042829887474204727
374,part,11,0.00042829887474204727
375,drew,11,0.00042829887474204727
376,sixth,11,0.00042829887474204727
377,target,11,0.00042829887474204727
378,balls,11,0.00042829887474204727
379,mark,11,0.00042829887474204727
380,big,11,0.00042829887474204727
381,minutes,11,0.00042829887474204727
382,padikkal,11,0.00042829887474204727
383,rickelton,11,0.00042829887474204727
384,fought,11,0.00042829887474204727
385,again,11,0.00042829887474204727
386,arshdeep,11,0.00042829887474204727
387,challenger,11,0.00042829887474204727
388,those,11,0.00042829887474204727
389,hockey,11,0.00042829887474204727
390,40,10,0.00038936261340186113
391,50,10,0.00038936261340186113
392,53,10,0.00038936261340186113
393,57,10,0.00038936261340186113
394,them,10,0.00038936261340186113
395,think,10,0.00038936261340186113
396,virat,10,0.00038936261340186113
397,keep,10,0.00038936261340186113
398,defending,10,0.00038936261340186113
399,finish,10,0.00038936261340186113
400,clear,10,0.00038936261340186113
401,tennis,10,0.00038936261340186113
402,some,10,0.00038936261340186113
403,bat,10,0.00038936261340186113
404,toss,10,0.00038936261340186113
405,batters,10,0.00038936261340186113
406,3x6,10,0.00038936261340186113
407,vaibhav,10,0.00038936261340186113
408,sooryavanshi,10,0.00038936261340186113
409,performances,10,0.00038936261340186113
410,france,10,0.00038936261340186113
411,naman,10,0.00038936261340186113
412,every,10,0.00038936261340186113
413,helped,10,0.00038936261340186113
414,playing,10,0.00038936261340186113
415,fifth,10,0.00038936261340186113
416,stage,10,0.00038936261340186113
417,spot,10,0.00038936261340186113
418,performance,10,0.00038936261340186113
419,green,10,0.00038936261340186113
420,gukesh,10,0.00038936261340186113
421,blitz,10,0.00038936261340186113
422,nine,10,0.00038936261340186113
423,west,10,0.00038936261340186113
424,without,10,0.00038936261340186113
425,including,10,0.00038936261340186113
426,senior,10,0.00038936261340186113
427,ranking,10,0.00038936261340186113
428,dc,10,0.00038936261340186113
429,goal,10,0.00038936261340186113
430,effort,10,0.00038936261340186113
431,strike,10,0.00038936261340186113
432,took,10,0.00038936261340186113
433,already,10,0.00038936261340186113
434,yu,10,0.00038936261340186113
435,china,10,0.00038936261340186113
436,blasters,10,0.00038936261340186113
437,squad,10,0.00038936261340186113
438,chen,10,0.00038936261340186113
439,thursday,10,0.00038936261340186113
440,sindhu,10,0.00038936261340186113
441,33,9,0.00035042635206167504
442,38,9,0.00035042635206167504
443,39,9,0.00035042635206167504
444,48,9,0.00035042635206167504
445,54,9,0.00035042635206167504
446,61,9,0.00035042635206167504
447,65,9,0.00035042635206167504
448,re,9,0.00035042635206167504
449,campaign,9,0.00035042635206167504
450,confidence,9,0.00035042635206167504
451,mohammed,9,0.00035042635206167504
452,added,9,0.00035042635206167504
453,see,9,0.00035042635206167504
454,short,9,0.00035042635206167504
455,looked,9,0.00035042635206167504
456,qualification,9,0.00035042635206167504
457,scoring,9,0.00035042635206167504
458,hitting,9,0.00035042635206167504
459,than,9,0.00035042635206167504
460,playoffs,9,0.00035042635206167504
461,deliveries,9,0.00035042635206167504
462,losing,9,0.00035042635206167504
463,early,9,0.00035042635206167504
464,washington,9,0.00035042635206167504
465,test,9,0.00035042635206167504
466,sports,9,0.00035042635206167504
467,premier,9,0.00035042635206167504
468,weight,9,0.00035042635206167504
469,shedge,9,0.00035042635206167504
470,iyer,9,0.00035042635206167504
471,decision,9,0.00035042635206167504
472,leading,9,0.00035042635206167504
473,gt,9,0.00035042635206167504
474,break,9,0.00035042635206167504
475,plate,9,0.00035042635206167504
476,finishing,9,0.00035042635206167504
477,usa,9,0.00035042635206167504
478,trials,9,0.00035042635206167504
479,told,9,0.00035042635206167504
480,south,9,0.00035042635206167504
481,loss,9,0.00035042635206167504
482,us,9,0.00035042635206167504
483,unbeaten,9,0.00035042635206167504
484,around,9,0.00035042635206167504
485,handed,9,0.00035042635206167504
486,rohit,9,0.00035042635206167504
487,chahar,9,0.00035042635206167504
488,mixed,9,0.00035042635206167504
489,secured,9,0.00035042635206167504
490,defeat,9,0.00035042635206167504
491,gave,9,0.00035042635206167504
492,former,9,0.00035042635206167504
493,000,9,0.00035042635206167504
494,atp,9,0.00035042635206167504
495,seed,9,0.00035042635206167504
496,stewart,9,0.00035042635206167504
497,jansen,9,0.00035042635206167504
498,thailand,9,0.00035042635206167504
499,ravi,9,0.00035042635206167504
500,shardul,9,0.00035042635206167504
501,44,8,0.0003114900907214889
502,60,8,0.0003114900907214889
503,77,8,0.0003114900907214889
504,2024,8,0.0003114900907214889
505,should,8,0.0003114900907214889
506,arun,8,0.0003114900907214889
507,working,8,0.0003114900907214889
508,these,8,0.0003114900907214889
509,important,8,0.0003114900907214889
510,different,8,0.0003114900907214889
511,minute,8,0.0003114900907214889
512,look,8,0.0003114900907214889
513,front,8,0.0003114900907214889
514,experience,8,0.0003114900907214889
515,bowled,8,0.0003114900907214889
516,getting,8,0.0003114900907214889
517,wins,8,0.0003114900907214889
518,encounter,8,0.0003114900907214889
519,training,8,0.0003114900907214889
520,jaiswal,8,0.0003114900907214889
521,archer,8,0.0003114900907214889
522,cover,8,0.0003114900907214889
523,straight,8,0.0003114900907214889
524,10b,8,0.0003114900907214889
525,7b,8,0.0003114900907214889
526,star,8,0.0003114900907214889
527,defeated,8,0.0003114900907214889
528,girls,8,0.0003114900907214889
529,boxing,8,0.0003114900907214889
530,quarterfinals,8,0.0003114900907214889
531,managed,8,0.0003114900907214889
532,several,8,0.0003114900907214889
533,behind,8,0.0003114900907214889
534,never,8,0.0003114900907214889
535,line,8,0.0003114900907214889
536,rahane,8,0.0003114900907214889
537,racing,8,0.0003114900907214889
538,niemann,8,0.0003114900907214889
539,participate,8,0.0003114900907214889
540,leg,8,0.0003114900907214889
541,comeback,8,0.0003114900907214889
542,olympics,8,0.0003114900907214889
543,olympic,8,0.0003114900907214889
544,history,8,0.0003114900907214889
545,openers,8,0.0003114900907214889
546,dharamshala,8,0.0003114900907214889
547,arya,8,0.0003114900907214889
548,vital,8,0.0003114900907214889
549,attack,8,0.0003114900907214889
550,axar,8,0.0003114900907214889
551,struck,8,0.0003114900907214889
552,sixes,8,0.0003114900907214889
553,bawa,8,0.0003114900907214889
554,8b,8,0.0003114900907214889
555,spare,8,0.0003114900907214889
556,ended,8,0.0003114900907214889
557,club,8,0.0003114900907214889
558,krishna,8,0.0003114900907214889
559,mohammedan,8,0.0003114900907214889
560,nandini,8,0.0003114900907214889
561,nagar,8,0.0003114900907214889
562,press,8,0.0003114900907214889
563,medals,8,0.0003114900907214889
564,economy,8,0.0003114900907214889
565,consistency,8,0.0003114900907214889
566,clean,8,0.0003114900907214889
567,compete,8,0.0003114900907214889
568,bagan,8,0.0003114900907214889
569,allen,8,0.0003114900907214889
570,junior,8,0.0003114900907214889
571,27,7,0.0002725538293813028
572,35,7,0.0002725538293813028
573,47,7,0.0002725538293813028
574,51,7,0.0002725538293813028
575,90,7,0.0002725538293813028
576,200,7,0.0002725538293813028
577,lot,7,0.0002725538293813028
578,ground,7,0.0002725538293813028
579,coming,7,0.0002725538293813028
580,shami,7,0.0002725538293813028
581,decisive,7,0.0002725538293813028
582,rest,7,0.0002725538293813028
583,ruturaj,7,0.0002725538293813028
584,samson,7,0.0002725538293813028
585,led,7,0.0002725538293813028
586,hopes,7,0.0002725538293813028
587,rain,7,0.0002725538293813028
588,pacer,7,0.0002725538293813028
589,claimed,7,0.0002725538293813028
590,showed,7,0.0002725538293813028
591,takes,7,0.0002725538293813028
592,anish,7,0.0002725538293813028
593,pathiyil,7,0.0002725538293813028
594,veer,7,0.0002725538293813028
595,international,7,0.0002725538293813028
596,between,7,0.0002725538293813028
597,beat,7,0.0002725538293813028
598,rajasthan,7,0.0002725538293813028
599,shubham,7,0.0002725538293813028
600,extra,7,0.0002725538293813028
601,control,7,0.0002725538293813028
602,2b,7,0.0002725538293813028
603,1b,7,0.0002725538293813028
604,scoreboard,7,0.0002725538293813028
605,abhay,7,0.0002725538293813028
606,senthilkumar,7,0.0002725538293813028
607,phogat,7,0.0002725538293813028
608,how,7,0.0002725538293813028
609,such,7,0.0002725538293813028
610,close,7,0.0002725538293813028
611,felt,7,0.0002725538293813028
612,ve,7,0.0002725538293813028
613,suraj,7,0.0002725538293813028
614,favourite,7,0.0002725538293813028
615,challenge,7,0.0002725538293813028
616,mukesh,7,0.0002725538293813028
617,rapid,7,0.0002725538293813028
618,18th,7,0.0002725538293813028
619,athletics,7,0.0002725538293813028
620,fastest,7,0.0002725538293813028
621,among,7,0.0002725538293813028
622,arsenal,7,0.0002725538293813028
623,ham,7,0.0002725538293813028
624,ryan,7,0.0002725538293813028
625,josh,7,0.0002725538293813028
626,hazlewood,7,0.0002725538293813028
627,needed,7,0.0002725538293813028
628,jacks,7,0.0002725538293813028
629,12b,7,0.0002725538293813028
630,city,7,0.0002725538293813028
631,knock,7,0.0002725538293813028
632,boundaries,7,0.0002725538293813028
633,positive,7,0.0002725538293813028
634,score,7,0.0002725538293813028
635,championship,7,0.0002725538293813028
636,scored,7,0.0002725538293813028
637,jump,7,0.0002725538293813028
638,country,7,0.0002725538293813028
639,harsh,7,0.0002725538293813028
640,trust,7,0.0002725538293813028
641,enough,7,0.0002725538293813028
642,dev,7,0.0002725538293813028
643,karnataka,7,0.0002725538293813028
644,kishan,7,0.0002725538293813028
645,quite,7,0.0002725538293813028
646,injuries,7,0.0002725538293813028
647,miller,7,0.0002725538293813028
648,t20,7,0.0002725538293813028
649,fleming,7,0.0002725538293813028
650,aus,7,0.0002725538293813028
651,young,7,0.0002725538293813028
652,bahutule,7,0.0002725538293813028
653,vikas,7,0.0002725538293813028
654,sureshkumar,7,0.0002725538293813028
655,inter,7,0.0002725538293813028
656,lakshya,7,0.0002725538293813028
657,alka,7,0.0002725538293813028
658,omarzai,7,0.0002725538293813028
659,34,6,0.0002336175680411167
660,42,6,0.0002336175680411167
661,43,6,0.0002336175680411167
662,46,6,0.0002336175680411167
663,52,6,0.0002336175680411167
664,70,6,0.0002336175680411167
665,92,6,0.0002336175680411167
666,500,6,0.0002336175680411167
667,says,6,0.0002336175680411167
668,don,6,0.0002336175680411167
669,bowl,6,0.0002336175680411167
670,dream,6,0.0002336175680411167
671,consistently,6,0.0002336175680411167
672,possible,6,0.0002336175680411167
673,noor,6,0.0002336175680411167
674,selection,6,0.0002336175680411167
675,am,6,0.0002336175680411167
676,almost,6,0.0002336175680411167
677,intent,6,0.0002336175680411167
678,balance,6,0.0002336175680411167
679,taking,6,0.0002336175680411167
680,ability,6,0.0002336175680411167
681,key,6,0.0002336175680411167
682,kamboj,6,0.0002336175680411167
683,level,6,0.0002336175680411167
684,remaining,6,0.0002336175680411167
685,khan,6,0.0002336175680411167
686,return,6,0.0002336175680411167
687,seasons,6,0.0002336175680411167
688,qualifier,6,0.0002336175680411167
689,losses,6,0.0002336175680411167
690,rajat,6,0.0002336175680411167
691,narayan,6,0.0002336175680411167
692,venue,6,0.0002336175680411167
693,hasn,6,0.0002336175680411167
694,starts,6,0.0002336175680411167
695,better,6,0.0002336175680411167
696,anything,6,0.0002336175680411167
697,pair,6,0.0002336175680411167
698,shubman,6,0.0002336175680411167
699,kept,6,0.0002336175680411167
700,stay,6,0.0002336175680411167
701,ferreira,6,0.0002336175680411167
702,dubey,6,0.0002336175680411167
703,jadeja,6,0.0002336175680411167
704,punch,6,0.0002336175680411167
705,brijesh,6,0.0002336175680411167
706,4b,6,0.0002336175680411167
707,shanto,6,0.0002336175680411167
708,isl,6,0.0002336175680411167
709,velavan,6,0.0002336175680411167
710,tashkent,6,0.0002336175680411167
711,33kg,6,0.0002336175680411167
712,37kg,6,0.0002336175680411167
713,43kg,6,0.0002336175680411167
714,46kg,6,0.0002336175680411167
715,58kg,6,0.0002336175680411167
716,month,6,0.0002336175680411167
717,shashank,6,0.0002336175680411167
718,though,6,0.0002336175680411167
719,give,6,0.0002336175680411167
720,asked,6,0.0002336175680411167
721,leader,6,0.0002336175680411167
722,far,6,0.0002336175680411167
723,klaasen,6,0.0002336175680411167
724,standings,6,0.0002336175680411167
725,fast,6,0.0002336175680411167
726,always,6,0.0002336175680411167
727,guys,6,0.0002336175680411167
728,victories,6,0.0002336175680411167
729,main,6,0.0002336175680411167
730,llp,6,0.0002336175680411167
731,akshay,6,0.0002336175680411167
732,1m,6,0.0002336175680411167
733,shp,6,0.0002336175680411167
734,thp,6,0.0002336175680411167
735,fp,6,0.0002336175680411167
736,trinella,6,0.0002336175680411167
737,exacta,6,0.0002336175680411167
738,owners,6,0.0002336175680411167
739,trainer,6,0.0002336175680411167
740,fight,6,0.0002336175680411167
741,position,6,0.0002336175680411167
742,rated,6,0.0002336175680411167
743,battle,6,0.0002336175680411167
744,smith,6,0.0002336175680411167
745,tally,6,0.0002336175680411167
746,united,6,0.0002336175680411167
747,wants,6,0.0002336175680411167
748,hosts,6,0.0002336175680411167
749,sreeshankar,6,0.0002336175680411167
750,weeks,6,0.0002336175680411167
751,meet,6,0.0002336175680411167
752,sarangi,6,0.0002336175680411167
753,paris,6,0.0002336175680411167
754,following,6,0.0002336175680411167
755,ago,6,0.0002336175680411167
756,wrestlers,6,0.0002336175680411167
757,making,6,0.0002336175680411167
758,franchise,6,0.0002336175680411167
759,stands,6,0.0002336175680411167
760,duo,6,0.0002336175680411167
761,road,6,0.0002336175680411167
762,having,6,0.0002336175680411167
763,arm,6,0.0002336175680411167
764,same,6,0.0002336175680411167
765,cross,6,0.0002336175680411167
766,court,6,0.0002336175680411167
767,putting,6,0.0002336175680411167
768,rasikh,6,0.0002336175680411167
769,bethell,6,0.0002336175680411167
770,massive,6,0.0002336175680411167
771,shahbaz,6,0.0002336175680411167
772,inglis,6,0.0002336175680411167
773,33b,6,0.0002336175680411167
774,jamie,6,0.0002336175680411167
775,things,6,0.0002336175680411167
776,brevis,6,0.0002336175680411167
777,consecutive,6,0.0002336175680411167
778,mah,6,0.0002336175680411167
779,shetty,6,0.0002336175680411167
780,fell,6,0.0002336175680411167
781,draw,6,0.0002336175680411167
782,group,6,0.0002336175680411167
783,ahmedabad,6,0.0002336175680411167
784,face,6,0.0002336175680411167
785,prasidh,6,0.0002336175680411167
786,poor,6,0.0002336175680411167
787,ashutosh,6,0.0002336175680411167
788,stoinis,6,0.0002336175680411167
789,chahal,6,0.0002336175680411167
790,highest,6,0.0002336175680411167
791,relay,6,0.0002336175680411167
792,weightlifting,6,0.0002336175680411167
793,difference,6,0.0002336175680411167
794,tha,6,0.0002336175680411167
795,east,6,0.0002336175680411167
796,bengal,6,0.0002336175680411167
797,defence,6,0.0002336175680411167
798,per,6,0.0002336175680411167
799,harinder,6,0.0002336175680411167
800,sandeep,6,0.0002336175680411167
801,kriish,6,0.0002336175680411167
802,flick,6,0.0002336175680411167
803,barcelona,6,0.0002336175680411167
804,raghuvanshi,6,0.0002336175680411167
805,hi,6,0.0002336175680411167
806,64,5,0.00019468130670093056
807,74,5,0.00019468130670093056
808,78,5,0.00019468130670093056
809,84,5,0.00019468130670093056
810,85,5,0.00019468130670093056
811,need,5,0.00019468130670093056
812,delivery,5,0.00019468130670093056
813,your,5,0.00019468130670093056
814,prepared,5,0.00019468130670093056
815,ever,5,0.00019468130670093056
816,era,5,0.00019468130670093056
817,management,5,0.00019468130670093056
818,meets,5,0.00019468130670093056
819,provide,5,0.00019468130670093056
820,mitchell,5,0.00019468130670093056
821,pant,5,0.00019468130670093056
822,unit,5,0.00019468130670093056
823,continue,5,0.00019468130670093056
824,much,5,0.00019468130670093056
825,sides,5,0.00019468130670093056
826,further,5,0.00019468130670093056
827,meanwhile,5,0.00019468130670093056
828,sundar,5,0.00019468130670093056
829,eve,5,0.00019468130670093056
830,hand,5,0.00019468130670093056
831,seal,5,0.00019468130670093056
832,remains,5,0.00019468130670093056
833,offer,5,0.00019468130670093056
834,pandya,5,0.00019468130670093056
835,suryakumar,5,0.00019468130670093056
836,forced,5,0.00019468130670093056
837,expected,5,0.00019468130670093056
838,6x4,5,0.00019468130670093056
839,struggled,5,0.00019468130670093056
840,kagiso,5,0.00019468130670093056
841,returned,5,0.00019468130670093056
842,later,5,0.00019468130670093056
843,mid,5,0.00019468130670093056
844,raj,5,0.00019468130670093056
845,jason,5,0.00019468130670093056
846,nb,5,0.00019468130670093056
847,nishant,5,0.00019468130670093056
848,14b,5,0.00019468130670093056
849,6b,5,0.00019468130670093056
850,3b,5,0.00019468130670093056
851,scores,5,0.00019468130670093056
852,laliga,5,0.00019468130670093056
853,chotrani,5,0.00019468130670093056
854,storm,5,0.00019468130670093056
855,delivered,5,0.00019468130670093056
856,categories,5,0.00019468130670093056
857,52kg,5,0.00019468130670093056
858,67kg,5,0.00019468130670093056
859,boys,5,0.00019468130670093056
860,50kg,5,0.00019468130670093056
861,60kg,5,0.00019468130670093056
862,70kg,5,0.00019468130670093056
863,75kg,5,0.00019468130670093056
864,shrivathsan,5,0.00019468130670093056
865,suryansh,5,0.00019468130670093056
866,phase,5,0.00019468130670093056
867,focus,5,0.00019468130670093056
868,race,5,0.00019468130670093056
869,turning,5,0.00019468130670093056
870,rice,5,0.00019468130670093056
871,cap,5,0.00019468130670093056
872,towards,5,0.00019468130670093056
873,malinga,5,0.00019468130670093056
874,scalps,5,0.00019468130670093056
875,many,5,0.00019468130670093056
876,feel,5,0.00019468130670093056
877,reaching,5,0.00019468130670093056
878,stud,5,0.00019468130670093056
879,200m,5,0.00019468130670093056
880,winner,5,0.00019468130670093056
881,antony,5,0.00019468130670093056
882,400m,5,0.00019468130670093056
883,post,5,0.00019468130670093056
884,double,5,0.00019468130670093056
885,force,5,0.00019468130670093056
886,learnt,5,0.00019468130670093056
887,registered,5,0.00019468130670093056
888,prize,5,0.00019468130670093056
889,drought,5,0.00019468130670093056
890,continued,5,0.00019468130670093056
891,section,5,0.00019468130670093056
892,ninth,5,0.00019468130670093056
893,keerthivasan,5,0.00019468130670093056
894,series,5,0.00019468130670093056
895,domestic,5,0.00019468130670093056
896,commonwealth,5,0.00019468130670093056
897,africa,5,0.00019468130670093056
898,twice,5,0.00019468130670093056
899,december,5,0.00019468130670093056
900,soon,5,0.00019468130670093056
901,ineligible,5,0.00019468130670093056
902,reached,5,0.00019468130670093056
903,de,5,0.00019468130670093056
904,serve,5,0.00019468130670093056
905,starc,5,0.00019468130670093056
906,connolly,5,0.00019468130670093056
907,full,5,0.00019468130670093056
908,fighting,5,0.00019468130670093056
909,crowd,5,0.00019468130670093056
910,shots,5,0.00019468130670093056
911,pitch,5,0.00019468130670093056
912,varma,5,0.00019468130670093056
913,offered,5,0.00019468130670093056
914,bounce,5,0.00019468130670093056
915,stand,5,0.00019468130670093056
916,seemed,5,0.00019468130670093056
917,deepak,5,0.00019468130670093056
918,devdutt,5,0.00019468130670093056
919,southpaw,5,0.00019468130670093056
920,bouts,5,0.00019468130670093056
921,jitesh,5,0.00019468130670093056
922,shepherd,5,0.00019468130670093056
923,bumrah,5,0.00019468130670093056
924,pom,5,0.00019468130670093056
925,found,5,0.00019468130670093056
926,digvesh,5,0.00019468130670093056
927,avesh,5,0.00019468130670093056
928,6x6,5,0.00019468130670093056
929,dube,5,0.00019468130670093056
930,taiwan,5,0.00019468130670093056
931,yang,5,0.00019468130670093056
932,marco,5,0.00019468130670093056
933,bad,5,0.00019468130670093056
934,champions,5,0.00019468130670093056
935,picked,5,0.00019468130670093056
936,career,5,0.00019468130670093056
937,tejas,5,0.00019468130670093056
938,karan,5,0.00019468130670093056
939,ashwin,5,0.00019468130670093056
940,achal,5,0.00019468130670093056
941,sasikumar,5,0.00019468130670093056
942,mukund,5,0.00019468130670093056
943,kesharwani,5,0.00019468130670093056
944,wild,5,0.00019468130670093056
945,keegan,5,0.00019468130670093056
946,hamish,5,0.00019468130670093056
947,situation,5,0.00019468130670093056
948,core,5,0.00019468130670093056
949,fielding,5,0.00019468130670093056
950,let,5,0.00019468130670093056
951,dwarshuis,5,0.00019468130670093056
952,proved,5,0.00019468130670093056
953,thakur,5,0.00019468130670093056
954,become,5,0.00019468130670093056
955,longer,5,0.00019468130670093056
956,started,5,0.00019468130670093056
957,opportunity,5,0.00019468130670093056
958,edition,5,0.00019468130670093056
959,ruled,5,0.00019468130670093056
960,relays,5,0.00019468130670093056
961,lift,5,0.00019468130670093056
962,jerk,5,0.00019468130670093056
963,ind,5,0.00019468130670093056
964,sri,5,0.00019468130670093056
965,significant,5,0.00019468130670093056
966,palan,5,0.00019468130670093056
967,ognjen,5,0.00019468130670093056
968,milic,5,0.00019468130670093056
969,fc,5,0.00019468130670093056
970,forward,5,0.00019468130670093056
971,varun,5,0.00019468130670093056
972,nearly,5,0.00019468130670093056
973,praful,5,0.00019468130670093056
974,category,5,0.00019468130670093056
975,satwiksairaj,5,0.00019468130670093056
976,chirag,5,0.00019468130670093056
977,choudhary,5,0.00019468130670093056
978,leeds,5,0.00019468130670093056
979,tottenham,5,0.00019468130670093056
980,napoli,5,0.00019468130670093056
981,real,5,0.00019468130670093056
982,madrid,5,0.00019468130670093056
983,became,5,0.00019468130670093056
984,development,5,0.00019468130670093056
985,om,5,0.00019468130670093056
986,navaneeth,5,0.00019468130670093056
987,pooja,5,0.00019468130670093056
988,itisha,5,0.00019468130670093056
989,atletico,5,0.00019468130670093056
990,betis,5,0.00019468130670093056
991,49,4,0.00015574504536074445
992,63,4,0.00015574504536074445
993,66,4,0.00015574504536074445
994,69,4,0.00015574504536074445
995,71,4,0.00015574504536074445
996,75,4,0.00015574504536074445
997,81,4,0.00015574504536074445
998,82,4,0.00015574504536074445
999,86,4,0.00015574504536074445
1000,100,4,0.00015574504536074445
1001,117,4,0.00015574504536074445
1002,152,4,0.00015574504536074445
1003,192,4,0.00015574504536074445
1004,210,4,0.00015574504536074445
1005,386,4,0.00015574504536074445
1006,413,4,0.00015574504536074445
1007,2022,4,0.00015574504536074445
1008,2023,4,0.00015574504536074445
1009,bharat,4,0.00015574504536074445
1010,akeal,4,0.00015574504536074445
1011,terms,4,0.00015574504536074445
1012,rhythm,4,0.00015574504536074445
1013,assistant,4,0.00015574504536074445
1014,rutherford,4,0.00015574504536074445
1015,nets,4,0.00015574504536074445
1016,work,4,0.00015574504536074445
1017,chidambaram,4,0.00015574504536074445
1018,momentum,4,0.00015574504536074445
1019,recent,4,0.00015574504536074445
1020,individual,4,0.00015574504536074445
1021,form,4,0.00015574504536074445
1022,marsh,4,0.00015574504536074445
1023,pooran,4,0.00015574504536074445
1024,rishabh,4,0.00015574504536074445
1025,sanju,4,0.00015574504536074445
1026,crucial,4,0.00015574504536074445
1027,stake,4,0.00015574504536074445
1028,berth,4,0.00015574504536074445
1029,co,4,0.00015574504536074445
1030,10th,4,0.00015574504536074445
1031,stays,4,0.00015574504536074445
1032,continues,4,0.00015574504536074445
1033,sent,4,0.00015574504536074445
1034,successful,4,0.00015574504536074445
1035,doing,4,0.00015574504536074445
1036,little,4,0.00015574504536074445
1037,unfamiliar,4,0.00015574504536074445
1038,shaheed,4,0.00015574504536074445
1039,seen,4,0.00015574504536074445
1040,call,4,0.00015574504536074445
1041,join,4,0.00015574504536074445
1042,hope,4,0.00015574504536074445
1043,miss,4,0.00015574504536074445
1044,leggie,4,0.00015574504536074445
1045,account,4,0.00015574504536074445
1046,chasing,4,0.00015574504536074445
1047,hunt,4,0.00015574504536074445
1048,surface,4,0.00015574504536074445
1049,yashasvi,4,0.00015574504536074445
1050,pull,4,0.00015574504536074445
1051,often,4,0.00015574504536074445
1052,blow,4,0.00015574504536074445
1053,clarity,4,0.00015574504536074445
1054,deshpande,4,0.00015574504536074445
1055,jos,4,0.00015574504536074445
1056,tewatia,4,0.00015574504536074445
1057,11b,4,0.00015574504536074445
1058,awais,4,0.00015574504536074445
1059,mominul,4,0.00015574504536074445
1060,inbrief,4,0.00015574504536074445
1061,archery,4,0.00015574504536074445
1062,victor,4,0.00015574504536074445
1063,advancing,4,0.00015574504536074445
1064,kgz,4,0.00015574504536074445
1065,40kg,4,0.00015574504536074445
1066,tanvi,4,0.00015574504536074445
1067,rana,4,0.00015574504536074445
1068,64kg,4,0.00015574504536074445
1069,pal,4,0.00015574504536074445
1070,lakshay,4,0.00015574504536074445
1071,li,4,0.00015574504536074445
1072,absence,4,0.00015574504536074445
1073,issue,4,0.00015574504536074445
1074,cricketers,4,0.00015574504536074445
1075,sets,4,0.00015574504536074445
1076,natalia,4,0.00015574504536074445
1077,hannah,4,0.00015574504536074445
1078,leads,4,0.00015574504536074445
1079,remain,4,0.00015574504536074445
1080,dominated,4,0.00015574504536074445
1081,discipline,4,0.00015574504536074445
1082,races,4,0.00015574504536074445
1083,competitive,4,0.00015574504536074445
1084,australia,4,0.00015574504536074445
1085,ll,4,0.00015574504536074445
1086,ajinkya,4,0.00015574504536074445
1087,gone,4,0.00015574504536074445
1088,trained,4,0.00015574504536074445
1089,deciding,4,0.00015574504536074445
1090,complete,4,0.00015574504536074445
1091,pavan,4,0.00015574504536074445
1092,aleemuddin,4,0.00015574504536074445
1093,sachin,4,0.00015574504536074445
1094,ashok,4,0.00015574504536074445
1095,runner,4,0.00015574504536074445
1096,lux,4,0.00015574504536074445
1097,aeterna,4,0.00015574504536074445
1098,promiseofthefuture,4,0.00015574504536074445
1099,00,4,0.00015574504536074445
1100,rajesh,4,0.00015574504536074445
1101,aggression,4,0.00015574504536074445
1102,pursuit,4,0.00015574504536074445
1103,la,4,0.00015574504536074445
1104,missed,4,0.00015574504536074445
1105,received,4,0.00015574504536074445
1106,action,4,0.00015574504536074445
1107,failed,4,0.00015574504536074445
1108,secure,4,0.00015574504536074445
1109,neeru,4,0.00015574504536074445
1110,finished,4,0.00015574504536074445
1111,hits,4,0.00015574504536074445
1112,spain,4,0.00015574504536074445
1113,placed,4,0.00015574504536074445
1114,poland,4,0.00015574504536074445
1115,duda,4,0.00015574504536074445
1116,hans,4,0.00015574504536074445
1117,moke,4,0.00015574504536074445
1118,states,4,0.00015574504536074445
1119,joint,4,0.00015574504536074445
1120,must,4,0.00015574504536074445
1121,running,4,0.00015574504536074445
1122,heading,4,0.00015574504536074445
1123,events,4,0.00015574504536074445
1124,media,4,0.00015574504536074445
1125,academy,4,0.00015574504536074445
1126,stick,4,0.00015574504536074445
1127,attempt,4,0.00015574504536074445
1128,mahavidyalaya,4,0.00015574504536074445
1129,campus,4,0.00015574504536074445
1130,retirement,4,0.00015574504536074445
1131,cause,4,0.00015574504536074445
1132,itself,4,0.00015574504536074445
1133,enter,4,0.00015574504536074445
1134,fifty,4,0.00015574504536074445
1135,milestone,4,0.00015574504536074445
1136,crunch,4,0.00015574504536074445
1137,combination,4,0.00015574504536074445
1138,hpca,4,0.00015574504536074445
1139,assault,4,0.00015574504536074445
1140,boundary,4,0.00015574504536074445
1141,palace,4,0.00015574504536074445
1142,serie,4,0.00015574504536074445
1143,chases,4,0.00015574504536074445
1144,move,4,0.00015574504536074445
1145,together,4,0.00015574504536074445
1146,corbin,4,0.00015574504536074445
1147,stunning,4,0.00015574504536074445
1148,stood,4,0.00015574504536074445
1149,platform,4,0.00015574504536074445
1150,markram,4,0.00015574504536074445
1151,italian,4,0.00015574504536074445
1152,mehidy,4,0.00015574504536074445
1153,galatasaray,4,0.00015574504536074445
1154,crowned,4,0.00015574504536074445
1155,qualified,4,0.00015574504536074445
1156,titles,4,0.00015574504536074445
1157,director,4,0.00015574504536074445
1158,derby,4,0.00015574504536074445
1159,deepika,4,0.00015574504536074445
1160,ankita,4,0.00015574504536074445
1161,caught,4,0.00015574504536074445
1162,hurdles,4,0.00015574504536074445
1163,kerala,4,0.00015574504536074445
1164,ghosh,4,0.00015574504536074445
1165,rel,4,0.00015574504536074445
1166,prajwal,4,0.00015574504536074445
1167,dominant,4,0.00015574504536074445
1168,bertomeu,4,0.00015574504536074445
1169,sreekuttan,4,0.00015574504536074445
1170,largely,4,0.00015574504536074445
1171,yoke,4,0.00015574504536074445
1172,bar,4,0.00015574504536074445
1173,within,4,0.00015574504536074445
1174,looking,4,0.00015574504536074445
1175,bout,4,0.00015574504536074445
1176,finishes,4,0.00015574504536074445
1177,parag,4,0.00015574504536074445
1178,sidharth,4,0.00015574504536074445
1179,rawat,4,0.00015574504536074445
1180,american,4,0.00015574504536074445
1181,experienced,4,0.00015574504536074445
1182,travis,4,0.00015574504536074445
1183,ishan,4,0.00015574504536074445
1184,approach,4,0.00015574504536074445
1185,want,4,0.00015574504536074445
1186,try,4,0.00015574504536074445
1187,faces,4,0.00015574504536074445
1188,own,4,0.00015574504536074445
1189,deep,4,0.00015574504536074445
1190,average,4,0.00015574504536074445
1191,least,4,0.00015574504536074445
1192,particularly,4,0.00015574504536074445
1193,fixture,4,0.00015574504536074445
1194,centuries,4,0.00015574504536074445
1195,tiwari,4,0.00015574504536074445
1196,combined,4,0.00015574504536074445
1197,nabi,4,0.00015574504536074445
1198,sahil,4,0.00015574504536074445
1199,4x6,4,0.00015574504536074445
1200,single,4,0.00015574504536074445
1201,maximums,4,0.00015574504536074445
1202,reach,4,0.00015574504536074445
1203,falling,4,0.00015574504536074445
1204,couple,4,0.00015574504536074445
1205,ayush,4,0.00015574504536074445
1206,area,4,0.00015574504536074445
1207,built,4,0.00015574504536074445
1208,hillier,4,0.00015574504536074445
1209,chandigarh,4,0.00015574504536074445
1210,injured,4,0.00015574504536074445
1211,48kg,4,0.00015574504536074445
1212,icc,4,0.00015574504536074445
1213,process,4,0.00015574504536074445
1214,ends,4,0.00015574504536074445
1215,57kg,4,0.00015574504536074445
1216,dominik,4,0.00015574504536074445
1217,serves,4,0.00015574504536074445
1218,maximus,4,0.00015574504536074445
1219,jones,4,0.00015574504536074445
1220,find,4,0.00015574504536074445
1221,everyone,4,0.00015574504536074445
1222,finn,4,0.00015574504536074445
1223,nitish,4,0.00015574504536074445
1224,shivang,4,0.00015574504536074445
1225,sakib,4,0.00015574504536074445
1226,cummins,4,0.00015574504536074445
1227,named,4,0.00015574504536074445
1228,malaysia,4,0.00015574504536074445
1229,lee,4,0.00015574504536074445
1230,sanjay,4,0.00015574504536074445
1231,eligible,4,0.00015574504536074445
1232,know,4,0.00015574504536074445
1233,philip,4,0.00015574504536074445
1234,sekulic,4,0.00015574504536074445
1235,gray,4,0.00015574504536074445
1236,gbr,4,0.00015574504536074445
1237,ilya,4,0.00015574504536074445
1238,ivashka,4,0.00015574504536074445
1239,rankireddy,4,0.00015574504536074445
1240,lin,4,0.00015574504536074445
1241,kashi,4,0.00015574504536074445
1242,decider,4,0.00015574504536074445
1243,spurs,4,0.00015574504536074445
1244,contract,4,0.00015574504536074445
1245,class,4,0.00015574504536074445
1246,length,4,0.00015574504536074445
1247,pace,4,0.00015574504536074445
1248,began,4,0.00015574504536074445
1249,angkrish,4,0.00015574504536074445
1250,coaches,4,0.00015574504536074445
1251,develop,4,0.00015574504536074445
1252,bergamo,4,0.00015574504536074445
1253,harinderpal,4,0.00015574504536074445
1254,mathew,4,0.00015574504536074445
1255,dixit,4,0.00015574504536074445
1256,singles,4,0.00015574504536074445
1257,sen,4,0.00015574504536074445
1258,srikanth,4,0.00015574504536074445
1259,scheffler,4,0.00015574504536074445
1260,needs,4,0.00015574504536074445
1261,lanka,4,0.00015574504536074445
1262,afghanistan,4,0.00015574504536074445
1263,muddappa,4,0.00015574504536074445
1264,29,3,0.00011680878402055835
1265,31,3,0.00011680878402055835
1266,62,3,0.00011680878402055835
1267,68,3,0.00011680878402055835
1268,72,3,0.00011680878402055835
1269,93,3,0.00011680878402055835
1270,99,3,0.00011680878402055835
1271,103,3,0.00011680878402055835
1272,105,3,0.00011680878402055835
1273,118,3,0.00011680878402055835
1274,129,3,0.00011680878402055835
1275,149,3,0.00011680878402055835
1276,166,3,0.00011680878402055835
1277,169,3,0.00011680878402055835
1278,180,3,0.00011680878402055835
1279,205,3,0.00011680878402055835
1280,211,3,0.00011680878402055835
1281,229,3,0.00011680878402055835
1282,2016,3,0.00011680878402055835
1283,2021,3,0.00011680878402055835
1284,2032,3,0.00011680878402055835
1285,2036,3,0.00011680878402055835
1286,job,3,0.00011680878402055835
1287,improve,3,0.00011680878402055835
1288,anyone,3,0.00011680878402055835
1289,saying,3,0.00011680878402055835
1290,sriram,3,0.00011680878402055835
1291,aware,3,0.00011680878402055835
1292,ready,3,0.00011680878402055835
1293,sherfane,3,0.00011680878402055835
1294,comes,3,0.00011680878402055835
1295,cards,3,0.00011680878402055835
1296,tarun,3,0.00011680878402055835
1297,shastry,3,0.00011680878402055835
1298,becoming,3,0.00011680878402055835
1299,bring,3,0.00011680878402055835
1300,yellow,3,0.00011680878402055835
1301,presence,3,0.00011680878402055835
1302,besides,3,0.00011680878402055835
1303,count,3,0.00011680878402055835
1304,opponent,3,0.00011680878402055835
1305,commanding,3,0.00011680878402055835
1306,nicholas,3,0.00011680878402055835
1307,prove,3,0.00011680878402055835
1308,gaikwad,3,0.00011680878402055835
1309,kartik,3,0.00011680878402055835
1310,anshul,3,0.00011680878402055835
1311,journey,3,0.00011680878402055835
1312,visitor,3,0.00011680878402055835
1313,strongly,3,0.00011680878402055835
1314,weather,3,0.00011680878402055835
1315,mohsin,3,0.00011680878402055835
1316,light,3,0.00011680878402055835
1317,heads,3,0.00011680878402055835
1318,sometimes,3,0.00011680878402055835
1319,bowler,3,0.00011680878402055835
1320,exciting,3,0.00011680878402055835
1321,practice,3,0.00011680878402055835
1322,few,3,0.00011680878402055835
1323,overall,3,0.00011680878402055835
1324,seems,3,0.00011680878402055835
1325,shifts,3,0.00011680878402055835
1326,taken,3,0.00011680878402055835
1327,returning,3,0.00011680878402055835
1328,especially,3,0.00011680878402055835
1329,less,3,0.00011680878402055835
1330,jaipur,3,0.00011680878402055835
1331,44b,3,0.00011680878402055835
1332,36b,3,0.00011680878402055835
1333,rr,3,0.00011680878402055835
1334,forcing,3,0.00011680878402055835
1335,catch,3,0.00011680878402055835
1336,deck,3,0.00011680878402055835
1337,dhruv,3,0.00011680878402055835
1338,jurel,3,0.00011680878402055835
1339,upright,3,0.00011680878402055835
1340,meeting,3,0.00011680878402055835
1341,contact,3,0.00011680878402055835
1342,simply,3,0.00011680878402055835
1343,backward,3,0.00011680878402055835
1344,lifted,3,0.00011680878402055835
1345,touch,3,0.00011680878402055835
1346,eyes,3,0.00011680878402055835
1347,25b,3,0.00011680878402055835
1348,abbas,3,0.00011680878402055835
1349,thanks,3,0.00011680878402055835
1350,dhaka,3,0.00011680878402055835
1351,wc,3,0.00011680878402055835
1352,sony,3,0.00011680878402055835
1353,ten,3,0.00011680878402055835
1354,fancode,3,0.00011680878402055835
1355,ships,3,0.00011680878402055835
1356,ranked,3,0.00011680878402055835
1357,egypt,3,0.00011680878402055835
1358,el,3,0.00011680878402055835
1359,ramit,3,0.00011680878402055835
1360,tandon,3,0.00011680878402055835
1361,akshita,3,0.00011680878402055835
1362,anzee,3,0.00011680878402055835
1363,soniya,3,0.00011680878402055835
1364,hanshika,3,0.00011680878402055835
1365,attri,3,0.00011680878402055835
1366,kor,3,0.00011680878402055835
1367,sunaina,3,0.00011680878402055835
1368,61kg,3,0.00011680878402055835
1369,bhumika,3,0.00011680878402055835
1370,tannvi,3,0.00011680878402055835
1371,kg,3,0.00011680878402055835
1372,54kg,3,0.00011680878402055835
1373,cheng,3,0.00011680878402055835
1374,necessary,3,0.00011680878402055835
1375,session,3,0.00011680878402055835
1376,virtual,3,0.00011680878402055835
1377,followed,3,0.00011680878402055835
1378,ponting,3,0.00011680878402055835
1379,mind,3,0.00011680878402055835
1380,heart,3,0.00011680878402055835
1381,truly,3,0.00011680878402055835
1382,apart,3,0.00011680878402055835
1383,orange,3,0.00011680878402055835
1384,margins,3,0.00011680878402055835
1385,heinrich,3,0.00011680878402055835
1386,change,3,0.00011680878402055835
1387,times,3,0.00011680878402055835
1388,eshan,3,0.00011680878402055835
1389,charts,3,0.00011680878402055835
1390,throughout,3,0.00011680878402055835
1391,vivek,3,0.00011680878402055835
1392,cameron,3,0.00011680878402055835
1393,streak,3,0.00011680878402055835
1394,certainly,3,0.00011680878402055835
1395,staff,3,0.00011680878402055835
1396,friday,3,0.00011680878402055835
1397,probably,3,0.00011680878402055835
1398,given,3,0.00011680878402055835
1399,belief,3,0.00011680878402055835
1400,didn,3,0.00011680878402055835
1401,kalamitsi,3,0.00011680878402055835
1402,kunigal,3,0.00011680878402055835
1403,factor,3,0.00011680878402055835
1404,pvt,3,0.00011680878402055835
1405,ltd,3,0.00011680878402055835
1406,500m,3,0.00011680878402055835
1407,neeraj,3,0.00011680878402055835
1408,dt,3,0.00011680878402055835
1409,breeding,3,0.00011680878402055835
1410,300m,3,0.00011680878402055835
1411,dreams,3,0.00011680878402055835
1412,secret,3,0.00011680878402055835
1413,dr,3,0.00011680878402055835
1414,lass,3,0.00011680878402055835
1415,laxman,3,0.00011680878402055835
1416,james,3,0.00011680878402055835
1417,ii,3,0.00011680878402055835
1418,feature,3,0.00011680878402055835
1419,kiran,3,0.00011680878402055835
1420,rai,3,0.00011680878402055835
1421,jagadeesh,3,0.00011680878402055835
1422,arul,3,0.00011680878402055835
1423,hold,3,0.00011680878402055835
1424,senor,3,0.00011680878402055835
1425,cherie,3,0.00011680878402055835
1426,sunshine,3,0.00011680878402055835
1427,air,3,0.00011680878402055835
1428,rey,3,0.00011680878402055835
1429,valiant,3,0.00011680878402055835
1430,stream,3,0.00011680878402055835
1431,wales,3,0.00011680878402055835
1432,nada,3,0.00011680878402055835
1433,anti,3,0.00011680878402055835
1434,doping,3,0.00011680878402055835
1435,scheduled,3,0.00011680878402055835
1436,tests,3,0.00011680878402055835
1437,whereabouts,3,0.00011680878402055835
1438,money,3,0.00011680878402055835
1439,abhijeet,3,0.00011680878402055835
1440,chess,3,0.00011680878402055835
1441,months,3,0.00011680878402055835
1442,triumph,3,0.00011680878402055835
1443,association,3,0.00011680878402055835
1444,seventh,3,0.00011680878402055835
1445,trap,3,0.00011680878402055835
1446,eliminated,3,0.00011680878402055835
1447,clinched,3,0.00011680878402055835
1448,jan,3,0.00011680878402055835
1449,mediocre,3,0.00011680878402055835
1450,caruana,3,0.00011680878402055835
1451,radoslav,3,0.00011680878402055835
1452,wojtaszek,3,0.00011680878402055835
1453,wesley,3,0.00011680878402055835
1454,sindarov,3,0.00011680878402055835
1455,fifa,3,0.00011680878402055835
1456,definitely,3,0.00011680878402055835
1457,showing,3,0.00011680878402055835
1458,beginning,3,0.00011680878402055835
1459,nehru,3,0.00011680878402055835
1460,murali,3,0.00011680878402055835
1461,minimum,3,0.00011680878402055835
1462,considered,3,0.00011680878402055835
1463,obviously,3,0.00011680878402055835
1464,cwg,3,0.00011680878402055835
1465,stint,3,0.00011680878402055835
1466,might,3,0.00011680878402055835
1467,issues,3,0.00011680878402055835
1468,informed,3,0.00011680878402055835
1469,retired,3,0.00011680878402055835
1470,athlete,3,0.00011680878402055835
1471,rule,3,0.00011680878402055835
1472,case,3,0.00011680878402055835
1473,everything,3,0.00011680878402055835
1474,fans,3,0.00011680878402055835
1475,terrific,3,0.00011680878402055835
1476,chris,3,0.00011680878402055835
1477,gayle,3,0.00011680878402055835
1478,partnership,3,0.00011680878402055835
1479,defeats,3,0.00011680878402055835
1480,setting,3,0.00011680878402055835
1481,cooper,3,0.00011680878402055835
1482,agence,3,0.00011680878402055835
1483,presse,3,0.00011680878402055835
1484,london,3,0.00011680878402055835
1485,moved,3,0.00011680878402055835
1486,closer,3,0.00011680878402055835
1487,stoppage,3,0.00011680878402055835
1488,trossard,3,0.00011680878402055835
1489,keeper,3,0.00011680878402055835
1490,fired,3,0.00011680878402055835
1491,minimal,3,0.00011680878402055835
1492,moment,3,0.00011680878402055835
1493,crystal,3,0.00011680878402055835
1494,haul,3,0.00011680878402055835
1495,rates,3,0.00011680878402055835
1496,smashed,3,0.00011680878402055835
1497,dhir,3,0.00011680878402055835
1498,eventually,3,0.00011680878402055835
1499,spin,3,0.00011680878402055835
1500,quick,3,0.00011680878402055835
1501,5x4,3,0.00011680878402055835
1502,5b,3,0.00011680878402055835
1503,jacob,3,0.00011680878402055835
1504,27b,3,0.00011680878402055835
1505,4x4,3,0.00011680878402055835
1506,tim,3,0.00011680878402055835
1507,striking,3,0.00011680878402055835
1508,23b,3,0.00011680878402055835
1509,28b,3,0.00011680878402055835
1510,sheer,3,0.00011680878402055835
1511,arrived,3,0.00011680878402055835
1512,strokeplay,3,0.00011680878402055835
1513,ahmed,3,0.00011680878402055835
1514,done,3,0.00011680878402055835
1515,produced,3,0.00011680878402055835
1516,himmat,3,0.00011680878402055835
1517,akshat,3,0.00011680878402055835
1518,dewald,3,0.00011680878402055835
1519,shivam,3,0.00011680878402055835
1520,vivaan,3,0.00011680878402055835
1521,martin,3,0.00011680878402055835
1522,grand,3,0.00011680878402055835
1523,turkish,3,0.00011680878402055835
1524,recurve,3,0.00011680878402055835
1525,zhu,3,0.00011680878402055835
1526,huang,3,0.00011680878402055835
1527,claim,3,0.00011680878402055835
1528,upset,3,0.00011680878402055835
1529,korea,3,0.00011680878402055835
1530,kaur,3,0.00011680878402055835
1531,korean,3,0.00011680878402055835
1532,04m,3,0.00011680878402055835
1533,ankle,3,0.00011680878402055835
1534,110m,3,0.00011680878402055835
1535,seconds,3,0.00011680878402055835
1536,pleased,3,0.00011680878402055835
1537,competing,3,0.00011680878402055835
1538,evening,3,0.00011680878402055835
1539,bid,3,0.00011680878402055835
1540,rlys,3,0.00011680878402055835
1541,kar,3,0.00011680878402055835
1542,jsw,3,0.00011680878402055835
1543,das,3,0.00011680878402055835
1544,goals,3,0.00011680878402055835
1545,mahitosh,3,0.00011680878402055835
1546,stunned,3,0.00011680878402055835
1547,shown,3,0.00011680878402055835
1548,pass,3,0.00011680878402055835
1549,punia,3,0.00011680878402055835
1550,freestyle,3,0.00011680878402055835
1551,withdrew,3,0.00011680878402055835
1552,anirudh,3,0.00011680878402055835
1553,conduct,3,0.00011680878402055835
1554,included,3,0.00011680878402055835
1555,personal,3,0.00011680878402055835
1556,solid,3,0.00011680878402055835
1557,sastha,3,0.00011680878402055835
1558,vasanth,3,0.00011680878402055835
1559,nitin,3,0.00011680878402055835
1560,samir,3,0.00011680878402055835
1561,bohra,3,0.00011680878402055835
1562,sudarsan,3,0.00011680878402055835
1563,vasudeva,3,0.00011680878402055835
1564,chandak,3,0.00011680878402055835
1565,55kg,3,0.00011680878402055835
1566,mohd,3,0.00011680878402055835
1567,yasser,3,0.00011680878402055835
1568,ronak,3,0.00011680878402055835
1569,lokhande,3,0.00011680878402055835
1570,valuable,3,0.00011680878402055835
1571,rise,3,0.00011680878402055835
1572,maan,3,0.00011680878402055835
1573,javia,3,0.00011680878402055835
1574,petr,3,0.00011680878402055835
1575,aggressive,3,0.00011680878402055835
1576,whatever,3,0.00011680878402055835
1577,haven,3,0.00011680878402055835
1578,breaching,3,0.00011680878402055835
1579,pranay,3,0.00011680878402055835
1580,rajiv,3,0.00011680878402055835
1581,rarely,3,0.00011680878402055835
1582,push,3,0.00011680878402055835
1583,narendra,3,0.00011680878402055835
1584,spine,3,0.00011680878402055835
1585,respective,3,0.00011680878402055835
1586,tough,3,0.00011680878402055835
1587,african,3,0.00011680878402055835
1588,visitors,3,0.00011680878402055835
1589,lengths,3,0.00011680878402055835
1590,17b,3,0.00011680878402055835
1591,course,3,0.00011680878402055835
1592,power,3,0.00011680878402055835
1593,death,3,0.00011680878402055835
1594,charge,3,0.00011680878402055835
1595,records,3,0.00011680878402055835
1596,mindset,3,0.00011680878402055835
1597,himself,3,0.00011680878402055835
1598,contention,3,0.00011680878402055835
1599,format,3,0.00011680878402055835
1600,keeps,3,0.00011680878402055835
1601,skills,3,0.00011680878402055835
1602,gives,3,0.00011680878402055835
1603,stephen,3,0.00011680878402055835
1604,opened,3,0.00011680878402055835
1605,carried,3,0.00011680878402055835
1606,knockout,3,0.00011680878402055835
1607,allowed,3,0.00011680878402055835
1608,lacked,3,0.00011680878402055835
1609,optimistic,3,0.00011680878402055835
1610,major,3,0.00011680878402055835
1611,zone,3,0.00011680878402055835
1612,errors,3,0.00011680878402055835
1613,responsibility,3,0.00011680878402055835
1614,exposure,3,0.00011680878402055835
1615,explained,3,0.00011680878402055835
1616,komal,3,0.00011680878402055835
1617,gandhinagar,3,0.00011680878402055835
1618,snatch,3,0.00011680878402055835
1619,earned,3,0.00011680878402055835
1620,umpires,3,0.00011680878402055835
1621,referees,3,0.00011680878402055835
1622,panels,3,0.00011680878402055835
1623,sl,3,0.00011680878402055835
1624,christopher,3,0.00011680878402055835
1625,eng,3,0.00011680878402055835
1626,alex,3,0.00011680878402055835
1627,worlds,3,0.00011680878402055835
1628,success,3,0.00011680878402055835
1629,himanshi,3,0.00011680878402055835
1630,card,3,0.00011680878402055835
1631,cze,3,0.00011680878402055835
1632,srb,3,0.00011680878402055835
1633,yuta,3,0.00011680878402055835
1634,kawahashi,3,0.00011680878402055835
1635,salt,3,0.00011680878402055835
1636,mohun,3,0.00011680878402055835
1637,spanish,3,0.00011680878402055835
1638,used,3,0.00011680878402055835
1639,thought,3,0.00011680878402055835
1640,yuzvendra,3,0.00011680878402055835
1641,salvi,3,0.00011680878402055835
1642,chakaravarthy,3,0.00011680878402055835
1643,safe,3,0.00011680878402055835
1644,movement,3,0.00011680878402055835
1645,increase,3,0.00011680878402055835
1646,cannot,3,0.00011680878402055835
1647,days,3,0.00011680878402055835
1648,catches,3,0.00011680878402055835
1649,opener,3,0.00011680878402055835
1650,square,3,0.00011680878402055835
1651,7x4,3,0.00011680878402055835
1652,hcl,3,0.00011680878402055835
1653,joshna,3,0.00011680878402055835
1654,sandhu,3,0.00011680878402055835
1655,rathika,3,0.00011680878402055835
1656,lakh,3,0.00011680878402055835
1657,committee,3,0.00011680878402055835
1658,hindu,3,0.00011680878402055835
1659,chief,3,0.00011680878402055835
1660,greco,3,0.00011680878402055835
1661,roman,3,0.00011680878402055835
1662,keenly,3,0.00011680878402055835
1663,manjeet,3,0.00011680878402055835
1664,82kg,3,0.00011680878402055835
1665,crown,3,0.00011680878402055835
1666,period,3,0.00011680878402055835
1667,del,3,0.00011680878402055835
1668,karki,3,0.00011680878402055835
1669,japan,3,0.00011680878402055835
1670,kokoro,3,0.00011680878402055835
1671,isomura,3,0.00011680878402055835
1672,alastair,3,0.00011680878402055835
1673,bangkok,3,0.00011680878402055835
1674,muh,3,0.00011680878402055835
1675,bagas,3,0.00011680878402055835
1676,bryan,3,0.00011680878402055835
1677,jeremy,3,0.00011680878402055835
1678,goonting,3,0.00011680878402055835
1679,muhammad,3,0.00011680878402055835
1680,haikal,3,0.00011680878402055835
1681,badminton,3,0.00011680878402055835
1682,names,3,0.00011680878402055835
1683,announced,3,0.00011680878402055835
1684,capt,3,0.00011680878402055835
1685,frenchman,3,0.00011680878402055835
1686,broke,3,0.00011680878402055835
1687,potentially,3,0.00011680878402055835
1688,replace,3,0.00011680878402055835
1689,roma,3,0.00011680878402055835
1690,pen,3,0.00011680878402055835
1691,alaves,3,0.00011680878402055835
1692,fantastic,3,0.00011680878402055835
1693,noronha,3,0.00011680878402055835
1694,ramakrishna,3,0.00011680878402055835
1695,replacement,3,0.00011680878402055835
1696,thigh,3,0.00011680878402055835
1697,advantage,3,0.00011680878402055835
1698,partner,3,0.00011680878402055835
1699,something,3,0.00011680878402055835
1700,matter,3,0.00011680878402055835
1701,outfit,3,0.00011680878402055835
1702,dismissed,3,0.00011680878402055835
1703,narine,3,0.00011680878402055835
1704,preference,3,0.00011680878402055835
1705,coaching,3,0.00011680878402055835
1706,tournaments,3,0.00011680878402055835
1707,podium,3,0.00011680878402055835
1708,foreign,3,0.00011680878402055835
1709,central,3,0.00011680878402055835
1710,semwal,3,0.00011680878402055835
1711,seeded,3,0.00011680878402055835
1712,vedant,3,0.00011680878402055835
1713,godwin,3,0.00011680878402055835
1714,prabhu,3,0.00011680878402055835
1715,mehra,3,0.00011680878402055835
1716,sandhesh,3,0.00011680878402055835
1717,janet,3,0.00011680878402055835
1718,vidhi,3,0.00011680878402055835
1719,fei,3,0.00011680878402055835
1720,chn,3,0.00011680878402055835
1721,devika,3,0.00011680878402055835
1722,sihag,3,0.00011680878402055835
1723,malvika,3,0.00011680878402055835
1724,76kg,3,0.00011680878402055835
1725,posted,3,0.00011680878402055835
1726,53kg,3,0.00011680878402055835
1727,reena,3,0.00011680878402055835
1728,anjali,3,0.00011680878402055835
1729,osasuna,3,0.00011680878402055835
1730,elche,3,0.00011680878402055835
1731,bittersweet,3,0.00011680878402055835
1732,gyaneshwari,3,0.00011680878402055835
1733,remarkable,3,0.00011680878402055835
1734,nayar,3,0.00011680878402055835
1735,unlucky,3,0.00011680878402055835
1736,skill,3,0.00011680878402055835
1737,adapt,3,0.00011680878402055835
1738,bartlett,3,0.00011680878402055835
1739,ajith,3,0.00011680878402055835
1740,sahana,3,0.00011680878402055835
1741,manchester,3,0.00011680878402055835
1742,soyez,3,0.00011680878402055835
1743,41,2,7.787252268037223e-05
1744,73,2,7.787252268037223e-05
1745,87,2,7.787252268037223e-05
1746,88,2,7.787252268037223e-05
1747,91,2,7.787252268037223e-05
1748,94,2,7.787252268037223e-05
1749,97,2,7.787252268037223e-05
1750,98,2,7.787252268037223e-05
1751,102,2,7.787252268037223e-05
1752,111,2,7.787252268037223e-05
1753,115,2,7.787252268037223e-05
1754,131,2,7.787252268037223e-05
1755,134,2,7.787252268037223e-05
1756,135,2,7.787252268037223e-05
1757,147,2,7.787252268037223e-05
1758,150,2,7.787252268037223e-05
1759,157,2,7.787252268037223e-05
1760,163,2,7.787252268037223e-05
1761,167,2,7.787252268037223e-05
1762,168,2,7.787252268037223e-05
1763,177,2,7.787252268037223e-05
1764,179,2,7.787252268037223e-05
1765,187,2,7.787252268037223e-05
1766,190,2,7.787252268037223e-05
1767,195,2,7.787252268037223e-05
1768,197,2,7.787252268037223e-05
1769,203,2,7.787252268037223e-05
1770,204,2,7.787252268037223e-05
1771,216,2,7.787252268037223e-05
1772,228,2,7.787252268037223e-05
1773,230,2,7.787252268037223e-05
1774,287,2,7.787252268037223e-05
1775,328,2,7.787252268037223e-05
1776,409,2,7.787252268037223e-05
1777,440,2,7.787252268037223e-05
1778,829,2,7.787252268037223e-05
1779,2018,2,7.787252268037223e-05
1780,2019,2,7.787252268037223e-05
1781,worked,2,7.787252268037223e-05
1782,credit,2,7.787252268037223e-05
1783,dismiss,2,7.787252268037223e-05
1784,maestro,2,7.787252268037223e-05
1785,swing,2,7.787252268037223e-05
1786,ahmad,2,7.787252268037223e-05
1787,hosein,2,7.787252268037223e-05
1788,share,2,7.787252268037223e-05
1789,tactically,2,7.787252268037223e-05
1790,pretty,2,7.787252268037223e-05
1791,tweaks,2,7.787252268037223e-05
1792,stressed,2,7.787252268037223e-05
1793,vociferously,2,7.787252268037223e-05
1794,powered,2,7.787252268037223e-05
1795,tone,2,7.787252268037223e-05
1796,fluency,2,7.787252268037223e-05
1797,opposition,2,7.787252268037223e-05
1798,fortunes,2,7.787252268037223e-05
1799,significantly,2,7.787252268037223e-05
1800,shyam,2,7.787252268037223e-05
1801,rather,2,7.787252268037223e-05
1802,deliver,2,7.787252268037223e-05
1803,phases,2,7.787252268037223e-05
1804,progress,2,7.787252268037223e-05
1805,step,2,7.787252268037223e-05
1806,colours,2,7.787252268037223e-05
1807,improving,2,7.787252268037223e-05
1808,turn,2,7.787252268037223e-05
1809,impressive,2,7.787252268037223e-05
1810,camps,2,7.787252268037223e-05
1811,strengths,2,7.787252268037223e-05
1812,goes,2,7.787252268037223e-05
1813,confident,2,7.787252268037223e-05
1814,execution,2,7.787252268037223e-05
1815,ask,2,7.787252268037223e-05
1816,yes,2,7.787252268037223e-05
1817,looks,2,7.787252268037223e-05
1818,ways,2,7.787252268037223e-05
1819,comfortably,2,7.787252268037223e-05
1820,pulled,2,7.787252268037223e-05
1821,multi,2,7.787252268037223e-05
1822,territory,2,7.787252268037223e-05
1823,small,2,7.787252268037223e-05
1824,space,2,7.787252268037223e-05
1825,proving,2,7.787252268037223e-05
1826,persistent,2,7.787252268037223e-05
1827,hardik,2,7.787252268037223e-05
1828,yet,2,7.787252268037223e-05
1829,declared,2,7.787252268037223e-05
1830,fit,2,7.787252268037223e-05
1831,child,2,7.787252268037223e-05
1832,burst,2,7.787252268037223e-05
1833,delay,2,7.787252268037223e-05
1834,sessions,2,7.787252268037223e-05
1835,thumping,2,7.787252268037223e-05
1836,smashes,2,7.787252268037223e-05
1837,puts,2,7.787252268037223e-05
1838,prasanna,2,7.787252268037223e-05
1839,9x4,2,7.787252268037223e-05
1840,batted,2,7.787252268037223e-05
1841,cold,2,7.787252268037223e-05
1842,efficiency,2,7.787252268037223e-05
1843,turned,2,7.787252268037223e-05
1844,stump,2,7.787252268037223e-05
1845,bound,2,7.787252268037223e-05
1846,kph,2,7.787252268037223e-05
1847,climbed,2,7.787252268037223e-05
1848,edged,2,7.787252268037223e-05
1849,dismissal,2,7.787252268037223e-05
1850,bouncer,2,7.787252268037223e-05
1851,hyper,2,7.787252268037223e-05
1852,offering,2,7.787252268037223e-05
1853,neither,2,7.787252268037223e-05
1854,smart,2,7.787252268037223e-05
1855,hunger,2,7.787252268037223e-05
1856,castled,2,7.787252268037223e-05
1857,donovan,2,7.787252268037223e-05
1858,ravindra,2,7.787252268037223e-05
1859,study,2,7.787252268037223e-05
1860,timing,2,7.787252268037223e-05
1861,thread,2,7.787252268037223e-05
1862,tushar,2,7.787252268037223e-05
1863,jofra,2,7.787252268037223e-05
1864,outside,2,7.787252268037223e-05
1865,rose,2,7.787252268037223e-05
1866,foot,2,7.787252268037223e-05
1867,name,2,7.787252268037223e-05
1868,carved,2,7.787252268037223e-05
1869,reverse,2,7.787252268037223e-05
1870,completed,2,7.787252268037223e-05
1871,exhibition,2,7.787252268037223e-05
1872,reading,2,7.787252268037223e-05
1873,20b,2,7.787252268037223e-05
1874,arshad,2,7.787252268037223e-05
1875,16b,2,7.787252268037223e-05
1876,hetmyer,2,7.787252268037223e-05
1877,lbw,2,7.787252268037223e-05
1878,shanaka,2,7.787252268037223e-05
1879,kishore,2,7.787252268037223e-05
1880,mohammad,2,7.787252268037223e-05
1881,mushfiqur,2,7.787252268037223e-05
1882,imam,2,7.787252268037223e-05
1883,liv,2,7.787252268037223e-05
1884,jiohotstar,2,7.787252268037223e-05
1885,select,2,7.787252268037223e-05
1886,beats,2,7.787252268037223e-05
1887,higher,2,7.787252268037223e-05
1888,compatriot,2,7.787252268037223e-05
1889,giza,2,7.787252268037223e-05
1890,boxers,2,7.787252268037223e-05
1891,35kg,2,7.787252268037223e-05
1892,malika,2,7.787252268037223e-05
1893,49kg,2,7.787252268037223e-05
1894,khushi,2,7.787252268037223e-05
1895,nivesh,2,7.787252268037223e-05
1896,66kg,2,7.787252268037223e-05
1897,en,2,7.787252268037223e-05
1898,80kg,2,7.787252268037223e-05
1899,constructive,2,7.787252268037223e-05
1900,criticism,2,7.787252268037223e-05
1901,constantly,2,7.787252268037223e-05
1902,opportunities,2,7.787252268037223e-05
1903,hamstring,2,7.787252268037223e-05
1904,willow,2,7.787252268037223e-05
1905,youngster,2,7.787252268037223e-05
1906,attitude,2,7.787252268037223e-05
1907,possibly,2,7.787252268037223e-05
1908,ship,2,7.787252268037223e-05
1909,preparation,2,7.787252268037223e-05
1910,finding,2,7.787252268037223e-05
1911,ricky,2,7.787252268037223e-05
1912,talk,2,7.787252268037223e-05
1913,environment,2,7.787252268037223e-05
1914,feeling,2,7.787252268037223e-05
1915,caps,2,7.787252268037223e-05
1916,runaway,2,7.787252268037223e-05
1917,slender,2,7.787252268037223e-05
1918,unpredictable,2,7.787252268037223e-05
1919,currently,2,7.787252268037223e-05
1920,sits,2,7.787252268037223e-05
1921,emerged,2,7.787252268037223e-05
1922,stars,2,7.787252268037223e-05
1923,tied,2,7.787252268037223e-05
1924,likely,2,7.787252268037223e-05
1925,hands,2,7.787252268037223e-05
1926,purple,2,7.787252268037223e-05
1927,notably,2,7.787252268037223e-05
1928,managing,2,7.787252268037223e-05
1929,trend,2,7.787252268037223e-05
1930,either,2,7.787252268037223e-05
1931,appear,2,7.787252268037223e-05
1932,carries,2,7.787252268037223e-05
1933,price,2,7.787252268037223e-05
1934,tag,2,7.787252268037223e-05
1935,overseas,2,7.787252268037223e-05
1936,meant,2,7.787252268037223e-05
1937,imposing,2,7.787252268037223e-05
1938,progressed,2,7.787252268037223e-05
1939,contributed,2,7.787252268037223e-05
1940,support,2,7.787252268037223e-05
1941,compared,2,7.787252268037223e-05
1942,bench,2,7.787252268037223e-05
1943,thank,2,7.787252268037223e-05
1944,winless,2,7.787252268037223e-05
1945,fresh,2,7.787252268037223e-05
1946,culture,2,7.787252268037223e-05
1947,claims,2,7.787252268037223e-05
1948,attaollahi,2,7.787252268037223e-05
1949,solomon,2,7.787252268037223e-05
1950,benveniste,2,7.787252268037223e-05
1951,sarainaga,2,7.787252268037223e-05
1952,hemang,2,7.787252268037223e-05
1953,doctor,2,7.787252268037223e-05
1954,lokesh,2,7.787252268037223e-05
1955,ahuja,2,7.787252268037223e-05
1956,alamgir,2,7.787252268037223e-05
1957,mukul,2,7.787252268037223e-05
1958,sonawala,2,7.787252268037223e-05
1959,rodney,2,7.787252268037223e-05
1960,circle,2,7.787252268037223e-05
1961,01s,2,7.787252268037223e-05
1962,annabelle,2,7.787252268037223e-05
1963,azhar,2,7.787252268037223e-05
1964,ali,2,7.787252268037223e-05
1965,excellent,2,7.787252268037223e-05
1966,siege,2,7.787252268037223e-05
1967,sanas,2,7.787252268037223e-05
1968,jackpot,2,7.787252268037223e-05
1969,mini,2,7.787252268037223e-05
1970,capricorn,2,7.787252268037223e-05
1971,agape,2,7.787252268037223e-05
1972,palma,2,7.787252268037223e-05
1973,indrajeet,2,7.787252268037223e-05
1974,scotch,2,7.787252268037223e-05
1975,razeen,2,7.787252268037223e-05
1976,div,2,7.787252268037223e-05
1977,ro,2,7.787252268037223e-05
1978,refined,2,7.787252268037223e-05
1979,agrador,2,7.787252268037223e-05
1980,breath,2,7.787252268037223e-05
1981,true,2,7.787252268037223e-05
1982,silicon,2,7.787252268037223e-05
1983,master,2,7.787252268037223e-05
1984,maana,2,7.787252268037223e-05
1985,shadow,2,7.787252268037223e-05
1986,jersey,2,7.787252268037223e-05
1987,king,2,7.787252268037223e-05
1988,jkt,2,7.787252268037223e-05
1989,shafali,2,7.787252268037223e-05
1990,notices,2,7.787252268037223e-05
1991,failure,2,7.787252268037223e-05
1992,testing,2,7.787252268037223e-05
1993,aicf,2,7.787252268037223e-05
1994,dues,2,7.787252268037223e-05
1995,receiving,2,7.787252268037223e-05
1996,odisha,2,7.787252268037223e-05
1997,assurance,2,7.787252268037223e-05
1998,almaty,2,7.787252268037223e-05
1999,dhanda,2,7.787252268037223e-05
2000,issf,2,7.787252268037223e-05
2001,shotgun,2,7.787252268037223e-05
2002,16th,2,7.787252268037223e-05
2003,warsaw,2,7.787252268037223e-05
2004,endured,2,7.787252268037223e-05
2005,rounds,2,7.787252268037223e-05
2006,krzystzof,2,7.787252268037223e-05
2007,pol,2,7.787252268037223e-05
2008,fabiano,2,7.787252268037223e-05
2009,vladimir,2,7.787252268037223e-05
2010,fedoseev,2,7.787252268037223e-05
2011,javokhir,2,7.787252268037223e-05
2012,maxime,2,7.787252268037223e-05
2013,vachier,2,7.787252268037223e-05
2014,lagrave,2,7.787252268037223e-05
2015,fra,2,7.787252268037223e-05
2016,alireza,2,7.787252268037223e-05
2017,firouzja,2,7.787252268037223e-05
2018,iran,2,7.787252268037223e-05
2019,accept,2,7.787252268037223e-05
2020,football,2,7.787252268037223e-05
2021,mexico,2,7.787252268037223e-05
2022,canada,2,7.787252268037223e-05
2023,concerns,2,7.787252268037223e-05
2024,official,2,7.787252268037223e-05
2025,snapshots,2,7.787252268037223e-05
2026,circuit,2,7.787252268037223e-05
2027,april,2,7.787252268037223e-05
2028,september,2,7.787252268037223e-05
2029,huge,2,7.787252268037223e-05
2030,athletes,2,7.787252268037223e-05
2031,glasgow,2,7.787252268037223e-05
2032,shape,2,7.787252268037223e-05
2033,north,2,7.787252268037223e-05
2034,sport,2,7.787252268037223e-05
2035,nandininagar,2,7.787252268037223e-05
2036,grounds,2,7.787252268037223e-05
2037,multiple,2,7.787252268037223e-05
2038,failures,2,7.787252268037223e-05
2039,participating,2,7.787252268037223e-05
2040,starting,2,7.787252268037223e-05
2041,body,2,7.787252268037223e-05
2042,uww,2,7.787252268037223e-05
2043,stipulation,2,7.787252268037223e-05
2044,written,2,7.787252268037223e-05
2045,rules,2,7.787252268037223e-05
2046,limit,2,7.787252268037223e-05
2047,disqualification,2,7.787252268037223e-05
2048,damage,2,7.787252268037223e-05
2049,committed,2,7.787252268037223e-05
2050,resumption,2,7.787252268037223e-05
2051,eye,2,7.787252268037223e-05
2052,violation,2,7.787252268037223e-05
2053,talented,2,7.787252268037223e-05
2054,ties,2,7.787252268037223e-05
2055,equalled,2,7.787252268037223e-05
2056,tie,2,7.787252268037223e-05
2057,giving,2,7.787252268037223e-05
2058,bell,2,7.787252268037223e-05
2059,represent,2,7.787252268037223e-05
2060,beleaguered,2,7.787252268037223e-05
2061,current,2,7.787252268037223e-05
2062,means,2,7.787252268037223e-05
2063,experiencing,2,7.787252268037223e-05
2064,itching,2,7.787252268037223e-05
2065,ngidi,2,7.787252268037223e-05
2066,moving,2,7.787252268037223e-05
2067,latest,2,7.787252268037223e-05
2068,keeping,2,7.787252268037223e-05
2069,morale,2,7.787252268037223e-05
2070,var,2,7.787252268037223e-05
2071,wilson,2,7.787252268037223e-05
2072,denied,2,7.787252268037223e-05
2073,equaliser,2,7.787252268037223e-05
2074,pablo,2,7.787252268037223e-05
2075,raya,2,7.787252268037223e-05
2076,whose,2,7.787252268037223e-05
2077,everton,2,7.787252268037223e-05
2078,burnley,2,7.787252268037223e-05
2079,nottingham,2,7.787252268037223e-05
2080,forest,2,7.787252268037223e-05
2081,newcastle,2,7.787252268037223e-05
2082,como,2,7.787252268037223e-05
2083,door,2,7.787252268037223e-05
2084,veteran,2,7.787252268037223e-05
2085,seamer,2,7.787252268037223e-05
2086,restrict,2,7.787252268037223e-05
2087,steady,2,7.787252268037223e-05
2088,vain,2,7.787252268037223e-05
2089,plus,2,7.787252268037223e-05
2090,gripping,2,7.787252268037223e-05
2091,visiting,2,7.787252268037223e-05
2092,black,2,7.787252268037223e-05
2093,soil,2,7.787252268037223e-05
2094,brought,2,7.787252268037223e-05
2095,flourish,2,7.787252268037223e-05
2096,spell,2,7.787252268037223e-05
2097,too,2,7.787252268037223e-05
2098,recurring,2,7.787252268037223e-05
2099,32b,2,7.787252268037223e-05
2100,suyash,2,7.787252268037223e-05
2101,ghazanfar,2,7.787252268037223e-05
2102,46b,2,7.787252268037223e-05
2103,romario,2,7.787252268037223e-05
2104,salam,2,7.787252268037223e-05
2105,scare,2,7.787252268037223e-05
2106,lit,2,7.787252268037223e-05
2107,arena,2,7.787252268037223e-05
2108,8x6,2,7.787252268037223e-05
2109,chased,2,7.787252268037223e-05
2110,foundation,2,7.787252268037223e-05
2111,laid,2,7.787252268037223e-05
2112,raced,2,7.787252268037223e-05
2113,towering,2,7.787252268037223e-05
2114,provided,2,7.787252268037223e-05
2115,dismissing,2,7.787252268037223e-05
2116,packed,2,7.787252268037223e-05
2117,chepauk,2,7.787252268037223e-05
2118,accounted,2,7.787252268037223e-05
2119,10x4,2,7.787252268037223e-05
2120,contributions,2,7.787252268037223e-05
2121,night,2,7.787252268037223e-05
2122,sub,2,7.787252268037223e-05
2123,aiden,2,7.787252268037223e-05
2124,kapoor,2,7.787252268037223e-05
2125,targets,2,7.787252268037223e-05
2126,wan,2,7.787252268037223e-05
2127,liu,2,7.787252268037223e-05
2128,jorge,2,7.787252268037223e-05
2129,prix,2,7.787252268037223e-05
2130,bezzecchi,2,7.787252268037223e-05
2131,penultimate,2,7.787252268037223e-05
2132,lap,2,7.787252268037223e-05
2133,french,2,7.787252268037223e-05
2134,fazal,2,7.787252268037223e-05
2135,arch,2,7.787252268037223e-05
2136,rival,2,7.787252268037223e-05
2137,fenerbahce,2,7.787252268037223e-05
2138,whom,2,7.787252268037223e-05
2139,along,2,7.787252268037223e-05
2140,previously,2,7.787252268037223e-05
2141,sacked,2,7.787252268037223e-05
2142,sporting,2,7.787252268037223e-05
2143,bureau,2,7.787252268037223e-05
2144,kumkum,2,7.787252268037223e-05
2145,shanghai,2,7.787252268037223e-05
2146,comprising,2,7.787252268037223e-05
2147,shoot,2,7.787252268037223e-05
2148,chinese,2,7.787252268037223e-05
2149,successfully,2,7.787252268037223e-05
2150,overcame,2,7.787252268037223e-05
2151,creditable,2,7.787252268037223e-05
2152,adarsh,2,7.787252268037223e-05
2153,27m,2,7.787252268037223e-05
2154,clinch,2,7.787252268037223e-05
2155,shirse,2,7.787252268037223e-05
2156,clocked,2,7.787252268037223e-05
2157,02,2,7.787252268037223e-05
2158,reliance,2,7.787252268037223e-05
2159,cleared,2,7.787252268037223e-05
2160,recovering,2,7.787252268037223e-05
2161,europe,2,7.787252268037223e-05
2162,great,2,7.787252268037223e-05
2163,achievement,2,7.787252268037223e-05
2164,attempting,2,7.787252268037223e-05
2165,attempts,2,7.787252268037223e-05
2166,winners,2,7.787252268037223e-05
2167,100m,2,7.787252268037223e-05
2168,ker,2,7.787252268037223e-05
2169,rohan,2,7.787252268037223e-05
2170,manav,2,7.787252268037223e-05
2171,odi,2,7.787252268037223e-05
2172,pranav,2,7.787252268037223e-05
2173,pun,2,7.787252268037223e-05
2174,04,2,7.787252268037223e-05
2175,simran,2,7.787252268037223e-05
2176,5000m,2,7.787252268037223e-05
2177,01,2,7.787252268037223e-05
2178,06,2,7.787252268037223e-05
2179,shravani,2,7.787252268037223e-05
2180,sc,2,7.787252268037223e-05
2181,praveen,2,7.787252268037223e-05
2182,extended,2,7.787252268037223e-05
2183,francisco,2,7.787252268037223e-05
2184,feuillasier,2,7.787252268037223e-05
2185,eighth,2,7.787252268037223e-05
2186,survived,2,7.787252268037223e-05
2187,captain,2,7.787252268037223e-05
2188,chettri,2,7.787252268037223e-05
2189,strikers,2,7.787252268037223e-05
2190,searing,2,7.787252268037223e-05
2191,headed,2,7.787252268037223e-05
2192,precise,2,7.787252268037223e-05
2193,centre,2,7.787252268037223e-05
2194,wide,2,7.787252268037223e-05
2195,renthlei,2,7.787252268037223e-05
2196,makes,2,7.787252268037223e-05
2197,92kg,2,7.787252268037223e-05
2198,hooda,2,7.787252268037223e-05
2199,biggest,2,7.787252268037223e-05
2200,known,2,7.787252268037223e-05
2201,quarterfinal,2,7.787252268037223e-05
2202,ending,2,7.787252268037223e-05
2203,stopped,2,7.787252268037223e-05
2204,attention,2,7.787252268037223e-05
2205,ace,2,7.787252268037223e-05
2206,wrestler,2,7.787252268037223e-05
2207,number,2,7.787252268037223e-05
2208,delayed,2,7.787252268037223e-05
2209,hours,2,7.787252268037223e-05
2210,decided,2,7.787252268037223e-05
2211,worth,2,7.787252268037223e-05
2212,margin,2,7.787252268037223e-05
2213,iri,2,7.787252268037223e-05
2214,gain,2,7.787252268037223e-05
2215,earn,2,7.787252268037223e-05
2216,purse,2,7.787252268037223e-05
2217,contenders,2,7.787252268037223e-05
2218,niki,2,7.787252268037223e-05
2219,poonacha,2,7.787252268037223e-05
2220,saketh,2,7.787252268037223e-05
2221,myneni,2,7.787252268037223e-05
2222,combo,2,7.787252268037223e-05
2223,holds,2,7.787252268037223e-05
2224,vettori,2,7.787252268037223e-05
2225,sort,2,7.787252268037223e-05
2226,vijay,2,7.787252268037223e-05
2227,jayawardene,2,7.787252268037223e-05
2228,loved,2,7.787252268037223e-05
2229,flower,2,7.787252268037223e-05
2230,code,2,7.787252268037223e-05
2231,steel,2,7.787252268037223e-05
2232,watch,2,7.787252268037223e-05
2233,producing,2,7.787252268037223e-05
2234,favourable,2,7.787252268037223e-05
2235,outcomes,2,7.787252268037223e-05
2236,low,2,7.787252268037223e-05
2237,interestingly,2,7.787252268037223e-05
2238,encounters,2,7.787252268037223e-05
2239,resulting,2,7.787252268037223e-05
2240,modi,2,7.787252268037223e-05
2241,leftie,2,7.787252268037223e-05
2242,approaches,2,7.787252268037223e-05
2243,climb,2,7.787252268037223e-05
2244,successive,2,7.787252268037223e-05
2245,saw,2,7.787252268037223e-05
2246,alliance,2,7.787252268037223e-05
2247,cusp,2,7.787252268037223e-05
2248,marcus,2,7.787252268037223e-05
2249,14th,2,7.787252268037223e-05
2250,assistance,2,7.787252268037223e-05
2251,guide,2,7.787252268037223e-05
2252,auqib,2,7.787252268037223e-05
2253,strikes,2,7.787252268037223e-05
2254,parakh,2,7.787252268037223e-05
2255,15b,2,7.787252268037223e-05
2256,porel,2,7.787252268037223e-05
2257,stubbs,2,7.787252268037223e-05
2258,bonus,2,7.787252268037223e-05
2259,primary,2,7.787252268037223e-05
2260,currency,2,7.787252268037223e-05
2261,lifts,2,7.787252268037223e-05
2262,maximum,2,7.787252268037223e-05
2263,reflecting,2,7.787252268037223e-05
2264,tell,2,7.787252268037223e-05
2265,willpower,2,7.787252268037223e-05
2266,faced,2,7.787252268037223e-05
2267,cramps,2,7.787252268037223e-05
2268,pain,2,7.787252268037223e-05
2269,legs,2,7.787252268037223e-05
2270,maintained,2,7.787252268037223e-05
2271,simple,2,7.787252268037223e-05
2272,whenever,2,7.787252268037223e-05
2273,shortest,2,7.787252268037223e-05
2274,fingers,2,7.787252268037223e-05
2275,crossed,2,7.787252268037223e-05
2276,extends,2,7.787252268037223e-05
2277,motivation,2,7.787252268037223e-05
2278,overrated,2,7.787252268037223e-05
2279,word,2,7.787252268037223e-05
2280,changed,2,7.787252268037223e-05
2281,marked,2,7.787252268037223e-05
2282,totals,2,7.787252268037223e-05
2283,execute,2,7.787252268037223e-05
2284,trying,2,7.787252268037223e-05
2285,nicely,2,7.787252268037223e-05
2286,edges,2,7.787252268037223e-05
2287,conference,2,7.787252268037223e-05
2288,social,2,7.787252268037223e-05
2289,mhatre,2,7.787252268037223e-05
2290,remainder,2,7.787252268037223e-05
2291,finally,2,7.787252268037223e-05
2292,facing,2,7.787252268037223e-05
2293,repeatedly,2,7.787252268037223e-05
2294,merely,2,7.787252268037223e-05
2295,flow,2,7.787252268037223e-05
2296,settle,2,7.787252268037223e-05
2297,hundred,2,7.787252268037223e-05
2298,explosive,2,7.787252268037223e-05
2299,4x100,2,7.787252268037223e-05
2300,disappointing,2,7.787252268037223e-05
2301,baton,2,7.787252268037223e-05
2302,depth,2,7.787252268037223e-05
2303,disqualified,2,7.787252268037223e-05
2304,gurindervir,2,7.787252268037223e-05
2305,animesh,2,7.787252268037223e-05
2306,ragul,2,7.787252268037223e-05
2307,created,2,7.787252268037223e-05
2308,composed,2,7.787252268037223e-05
2309,yi,2,7.787252268037223e-05
2310,nz,2,7.787252268037223e-05
2311,sa,2,7.787252268037223e-05
2312,richard,2,7.787252268037223e-05
2313,qualifying,2,7.787252268037223e-05
2314,asal,2,7.787252268037223e-05
2315,erratic,2,7.787252268037223e-05
2316,moody,2,7.787252268037223e-05
2317,11th,2,7.787252268037223e-05
2318,inconsistent,2,7.787252268037223e-05
2319,build,2,7.787252268037223e-05
2320,exposed,2,7.787252268037223e-05
2321,unavailable,2,7.787252268037223e-05
2322,hasaranga,2,7.787252268037223e-05
2323,mystery,2,7.787252268037223e-05
2324,chand,2,7.787252268037223e-05
2325,63kg,2,7.787252268037223e-05
2326,entrant,2,7.787252268037223e-05
2327,gained,2,7.787252268037223e-05
2328,kick,2,7.787252268037223e-05
2329,returns,2,7.787252268037223e-05
2330,above,2,7.787252268037223e-05
2331,hernandez,2,7.787252268037223e-05
2332,deadlock,2,7.787252268037223e-05
2333,amitabha,2,7.787252268037223e-05
2334,frustrating,2,7.787252268037223e-05
2335,lake,2,7.787252268037223e-05
2336,creating,2,7.787252268037223e-05
2337,giant,2,7.787252268037223e-05
2338,disciplined,2,7.787252268037223e-05
2339,warded,2,7.787252268037223e-05
2340,threat,2,7.787252268037223e-05
2341,seniors,2,7.787252268037223e-05
2342,supportive,2,7.787252268037223e-05
2343,spontaneous,2,7.787252268037223e-05
2344,wanted,2,7.787252268037223e-05
2345,sairaj,2,7.787252268037223e-05
2346,why,2,7.787252268037223e-05
2347,omkar,2,7.787252268037223e-05
2348,realising,2,7.787252268037223e-05
2349,extraordinary,2,7.787252268037223e-05
2350,varied,2,7.787252268037223e-05
2351,building,2,7.787252268037223e-05
2352,calculated,2,7.787252268037223e-05
2353,shane,2,7.787252268037223e-05
2354,watson,2,7.787252268037223e-05
2355,fine,2,7.787252268037223e-05
2356,plenty,2,7.787252268037223e-05
2357,option,2,7.787252268037223e-05
2358,allowing,2,7.787252268037223e-05
2359,concept,2,7.787252268037223e-05
2360,completing,2,7.787252268037223e-05
2361,t20s,2,7.787252268037223e-05
2362,surprise,2,7.787252268037223e-05
2363,list,2,7.787252268037223e-05
2364,recently,2,7.787252268037223e-05
2365,produce,2,7.787252268037223e-05
2366,ups,2,7.787252268037223e-05
2367,reducing,2,7.787252268037223e-05
2368,posting,2,7.787252268037223e-05
2369,overthink,2,7.787252268037223e-05
2370,overanalyse,2,7.787252268037223e-05
2371,hardly,2,7.787252268037223e-05
2372,struggling,2,7.787252268037223e-05
2373,nothing,2,7.787252268037223e-05
2374,downs,2,7.787252268037223e-05
2375,rubbed,2,7.787252268037223e-05
2376,tried,2,7.787252268037223e-05
2377,comfortable,2,7.787252268037223e-05
2378,role,2,7.787252268037223e-05
2379,battling,2,7.787252268037223e-05
2380,restricting,2,7.787252268037223e-05
2381,fence,2,7.787252268037223e-05
2382,bringing,2,7.787252268037223e-05
2383,acrobatic,2,7.787252268037223e-05
2384,edge,2,7.787252268037223e-05
2385,cramped,2,7.787252268037223e-05
2386,depart,2,7.787252268037223e-05
2387,brink,2,7.787252268037223e-05
2388,smaran,2,7.787252268037223e-05
2389,salil,2,7.787252268037223e-05
2390,arora,2,7.787252268037223e-05
2391,13b,2,7.787252268037223e-05
2392,facile,2,7.787252268037223e-05
2393,dembele,2,7.787252268037223e-05
2394,ligue,2,7.787252268037223e-05
2395,becomes,2,7.787252268037223e-05
2396,awards,2,7.787252268037223e-05
2397,organised,2,7.787252268037223e-05
2398,rackets,2,7.787252268037223e-05
2399,chinappa,2,7.787252268037223e-05
2400,seelan,2,7.787252268037223e-05
2401,baitha,2,7.787252268037223e-05
2402,seungmin,2,7.787252268037223e-05
2403,abdulloh,2,7.787252268037223e-05
2404,notice,2,7.787252268037223e-05
2405,president,2,7.787252268037223e-05
2406,immediately,2,7.787252268037223e-05
2407,someone,2,7.787252268037223e-05
2408,haryana,2,7.787252268037223e-05
2409,olympian,2,7.787252268037223e-05
2410,sonam,2,7.787252268037223e-05
2411,hansika,2,7.787252268037223e-05
2412,november,2,7.787252268037223e-05
2413,emerge,2,7.787252268037223e-05
2414,passivity,2,7.787252268037223e-05
2415,relied,2,7.787252268037223e-05
2416,till,2,7.787252268037223e-05
2417,schedule,2,7.787252268037223e-05
2418,umesh,2,7.787252268037223e-05
2419,65kg,2,7.787252268037223e-05
2420,chd,2,7.787252268037223e-05
2421,72kg,2,7.787252268037223e-05
2422,sscb,2,7.787252268037223e-05
2423,sunny,2,7.787252268037223e-05
2424,enters,2,7.787252268037223e-05
2425,pre,2,7.787252268037223e-05
2426,ronit,2,7.787252268037223e-05
2427,consistent,2,7.787252268037223e-05
2428,groundstrokes,2,7.787252268037223e-05
2429,outclass,2,7.787252268037223e-05
2430,rallies,2,7.787252268037223e-05
2431,helps,2,7.787252268037223e-05
2432,japanese,2,7.787252268037223e-05
2433,taiyo,2,7.787252268037223e-05
2434,yamanaka,2,7.787252268037223e-05
2435,digvijaypratap,2,7.787252268037223e-05
2436,mas,2,7.787252268037223e-05
2437,biryukov,2,7.787252268037223e-05
2438,joshua,2,7.787252268037223e-05
2439,charlton,2,7.787252268037223e-05
2440,amit,2,7.787252268037223e-05
2441,vales,2,7.787252268037223e-05
2442,isr,2,7.787252268037223e-05
2443,advances,2,7.787252268037223e-05
2444,seeds,2,7.787252268037223e-05
2445,putra,2,7.787252268037223e-05
2446,erwiansyah,2,7.787252268037223e-05
2447,hariharan,2,7.787252268037223e-05
2448,arjun,2,7.787252268037223e-05
2449,zhi,2,7.787252268037223e-05
2450,ray,2,7.787252268037223e-05
2451,chieh,2,7.787252268037223e-05
2452,panda,2,7.787252268037223e-05
2453,swetaparna,2,7.787252268037223e-05
2454,rutaparna,2,7.787252268037223e-05
2455,chu,2,7.787252268037223e-05
2456,yun,2,7.787252268037223e-05
2457,chih,2,7.787252268037223e-05
2458,chun,2,7.787252268037223e-05
2459,jaglan,2,7.787252268037223e-05
2460,tsai,2,7.787252268037223e-05
2461,fu,2,7.787252268037223e-05
2462,sung,2,7.787252268037223e-05
2463,hsuan,2,7.787252268037223e-05
2464,ina,2,7.787252268037223e-05
2465,member,2,7.787252268037223e-05
2466,laura,2,7.787252268037223e-05
2467,wolvaardt,2,7.787252268037223e-05
2468,fixtures,2,7.787252268037223e-05
2469,trafford,2,7.787252268037223e-05
2470,latter,2,7.787252268037223e-05
2471,antonio,2,7.787252268037223e-05
2472,wall,2,7.787252268037223e-05
2473,range,2,7.787252268037223e-05
2474,add,2,7.787252268037223e-05
2475,relegation,2,7.787252268037223e-05
2476,tel,2,7.787252268037223e-05
2477,leaves,2,7.787252268037223e-05
2478,future,2,7.787252268037223e-05
2479,penalty,2,7.787252268037223e-05
2480,defining,2,7.787252268037223e-05
2481,ensured,2,7.787252268037223e-05
2482,boss,2,7.787252268037223e-05
2483,bologna,2,7.787252268037223e-05
2484,rowe,2,7.787252268037223e-05
2485,leave,2,7.787252268037223e-05
2486,hansi,2,7.787252268037223e-05
2487,signed,2,7.787252268037223e-05
2488,liga,2,7.787252268037223e-05
2489,joined,2,7.787252268037223e-05
2490,man,2,7.787252268037223e-05
2491,person,2,7.787252268037223e-05
2492,fellow,2,7.787252268037223e-05
2493,people,2,7.787252268037223e-05
2494,cricketer,2,7.787252268037223e-05
2495,uk,2,7.787252268037223e-05
2496,englishman,2,7.787252268037223e-05
2497,performers,2,7.787252268037223e-05
2498,heavily,2,7.787252268037223e-05
2499,proper,2,7.787252268037223e-05
2500,award,2,7.787252268037223e-05
2501,misfiring,2,7.787252268037223e-05
2502,saini,2,7.787252268037223e-05
2503,leaked,2,7.787252268037223e-05
2504,worst,2,7.787252268037223e-05
2505,act,2,7.787252268037223e-05
2506,lone,2,7.787252268037223e-05
2507,dropped,2,7.787252268037223e-05
2508,improved,2,7.787252268037223e-05
2509,lack,2,7.787252268037223e-05
2510,covers,2,7.787252268037223e-05
2511,removed,2,7.787252268037223e-05
2512,midwicket,2,7.787252268037223e-05
2513,route,2,7.787252268037223e-05
2514,rinku,2,7.787252268037223e-05
2515,duffy,2,7.787252268037223e-05
2516,goalkeeper,2,7.787252268037223e-05
2517,grown,2,7.787252268037223e-05
2518,jwc,2,7.787252268037223e-05
2519,questioned,2,7.787252268037223e-05
2520,defined,2,7.787252268037223e-05
2521,aymeric,2,7.787252268037223e-05
2522,secretary,2,7.787252268037223e-05
2523,charges,2,7.787252268037223e-05
2524,officially,2,7.787252268037223e-05
2525,talent,2,7.787252268037223e-05
2526,hat,2,7.787252268037223e-05
2527,poncha,2,7.787252268037223e-05
2528,remember,2,7.787252268037223e-05
2529,entered,2,7.787252268037223e-05
2530,jinash,2,7.787252268037223e-05
2531,reyansh,2,7.787252268037223e-05
2532,guhan,2,7.787252268037223e-05
2533,arthi,2,7.787252268037223e-05
2534,retd,2,7.787252268037223e-05
2535,dinesh,2,7.787252268037223e-05
2536,ananya,2,7.787252268037223e-05
2537,advance,2,7.787252268037223e-05
2538,sgp,2,7.787252268037223e-05
2539,bansod,2,7.787252268037223e-05
2540,den,2,7.787252268037223e-05
2541,nishu,2,7.787252268037223e-05
2542,sided,2,7.787252268037223e-05
2543,kajal,2,7.787252268037223e-05
2544,vaishnavi,2,7.787252268037223e-05
2545,patil,2,7.787252268037223e-05
2546,62kg,2,7.787252268037223e-05
2547,metal,2,7.787252268037223e-05
2548,59kg,2,7.787252268037223e-05
2549,lookman,2,7.787252268037223e-05
2550,sorloth,2,7.787252268037223e-05
2551,kike,2,7.787252268037223e-05
2552,barja,2,7.787252268037223e-05
2553,newly,2,7.787252268037223e-05
2554,villarreal,2,7.787252268037223e-05
2555,papa,2,7.787252268037223e-05
2556,pga,2,7.787252268037223e-05
2557,say,2,7.787252268037223e-05
2558,feels,2,7.787252268037223e-05
2559,wards,2,7.787252268037223e-05
2560,tonya,2,7.787252268037223e-05
2561,wait,2,7.787252268037223e-05
2562,forrester,2,7.787252268037223e-05
2563,dipak,2,7.787252268037223e-05
2564,ragav,2,7.787252268037223e-05
2565,standout,2,7.787252268037223e-05
2566,asking,2,7.787252268037223e-05
2567,heavy,2,7.787252268037223e-05
2568,seeing,2,7.787252268037223e-05
2569,able,2,7.787252268037223e-05
2570,options,2,7.787252268037223e-05
2571,eased,2,7.787252268037223e-05
2572,azmatullah,2,7.787252268037223e-05
2573,chart,2,7.787252268037223e-05
2574,includes,2,7.787252268037223e-05
2575,raghu,2,7.787252268037223e-05
2576,backhand,2,7.787252268037223e-05
2577,sangamitra,2,7.787252268037223e-05
2578,anika,2,7.787252268037223e-05
2579,lasted,2,7.787252268037223e-05
2580,angel,2,7.787252268037223e-05
2581,amalie,2,7.787252268037223e-05
2582,schulz,2,7.787252268037223e-05
2583,xuan,2,7.787252268037223e-05
2584,su,2,7.787252268037223e-05
2585,pitchamon,2,7.787252268037223e-05
2586,opatniputh,2,7.787252268037223e-05
2587,tri,2,7.787252268037223e-05
2588,dambulla,2,7.787252268037223e-05
2589,wk,2,7.787252268037223e-05
2590,successor,2,7.787252268037223e-05
2591,imsac,2,7.787252268037223e-05
2592,unrestricted,2,7.787252268037223e-05
2593,motorcycle,2,7.787252268037223e-05
2594,67,1,3.893626134018611e-05
2595,76,1,3.893626134018611e-05
2596,79,1,3.893626134018611e-05
2597,80,1,3.893626134018611e-05
2598,83,1,3.893626134018611e-05
2599,95,1,3.893626134018611e-05
2600,101,1,3.893626134018611e-05
2601,104,1,3.893626134018611e-05
2602,107,1,3.893626134018611e-05
2603,108,1,3.893626134018611e-05
2604,109,1,3.893626134018611e-05
2605,110,1,3.893626134018611e-05
2606,112,1,3.893626134018611e-05
2607,113,1,3.893626134018611e-05
2608,116,1,3.893626134018611e-05
2609,119,1,3.893626134018611e-05
2610,123,1,3.893626134018611e-05
2611,124,1,3.893626134018611e-05
2612,126,1,3.893626134018611e-05
2613,128,1,3.893626134018611e-05
2614,130,1,3.893626134018611e-05
2615,132,1,3.893626134018611e-05
2616,136,1,3.893626134018611e-05
2617,138,1,3.893626134018611e-05
2618,140,1,3.893626134018611e-05
2619,141,1,3.893626134018611e-05
2620,145,1,3.893626134018611e-05
2621,151,1,3.893626134018611e-05
2622,155,1,3.893626134018611e-05
2623,160,1,3.893626134018611e-05
2624,161,1,3.893626134018611e-05
2625,164,1,3.893626134018611e-05
2626,170,1,3.893626134018611e-05
2627,185,1,3.893626134018611e-05
2628,186,1,3.893626134018611e-05
2629,188,1,3.893626134018611e-05
2630,193,1,3.893626134018611e-05
2631,194,1,3.893626134018611e-05
2632,196,1,3.893626134018611e-05
2633,201,1,3.893626134018611e-05
2634,207,1,3.893626134018611e-05
2635,208,1,3.893626134018611e-05
2636,209,1,3.893626134018611e-05
2637,219,1,3.893626134018611e-05
2638,223,1,3.893626134018611e-05
2639,232,1,3.893626134018611e-05
2640,236,1,3.893626134018611e-05
2641,240,1,3.893626134018611e-05
2642,244,1,3.893626134018611e-05
2643,256,1,3.893626134018611e-05
2644,264,1,3.893626134018611e-05
2645,265,1,3.893626134018611e-05
2646,268,1,3.893626134018611e-05
2647,282,1,3.893626134018611e-05
2648,286,1,3.893626134018611e-05
2649,288,1,3.893626134018611e-05
2650,289,1,3.893626134018611e-05
2651,294,1,3.893626134018611e-05
2652,304,1,3.893626134018611e-05
2653,317,1,3.893626134018611e-05
2654,321,1,3.893626134018611e-05
2655,337,1,3.893626134018611e-05
2656,340,1,3.893626134018611e-05
2657,363,1,3.893626134018611e-05
2658,364,1,3.893626134018611e-05
2659,380,1,3.893626134018611e-05
2660,389,1,3.893626134018611e-05
2661,416,1,3.893626134018611e-05
2662,423,1,3.893626134018611e-05
2663,430,1,3.893626134018611e-05
2664,431,1,3.893626134018611e-05
2665,442,1,3.893626134018611e-05
2666,456,1,3.893626134018611e-05
2667,462,1,3.893626134018611e-05
2668,468,1,3.893626134018611e-05
2669,475,1,3.893626134018611e-05
2670,477,1,3.893626134018611e-05
2671,481,1,3.893626134018611e-05
2672,494,1,3.893626134018611e-05
2673,515,1,3.893626134018611e-05
2674,519,1,3.893626134018611e-05
2675,527,1,3.893626134018611e-05
2676,593,1,3.893626134018611e-05
2677,660,1,3.893626134018611e-05
2678,685,1,3.893626134018611e-05
2679,732,1,3.893626134018611e-05
2680,736,1,3.893626134018611e-05
2681,768,1,3.893626134018611e-05
2682,847,1,3.893626134018611e-05
2683,896,1,3.893626134018611e-05
2684,927,1,3.893626134018611e-05
2685,1332,1,3.893626134018611e-05
2686,1614,1,3.893626134018611e-05
2687,2000,1,3.893626134018611e-05
2688,2006,1,3.893626134018611e-05
2689,2010,1,3.893626134018611e-05
2690,2014,1,3.893626134018611e-05
2691,2017,1,3.893626134018611e-05
2692,2020,1,3.893626134018611e-05
2693,2028,1,3.893626134018611e-05
2694,2030,1,3.893626134018611e-05
2695,reaping,1,3.893626134018611e-05
2696,fruits,1,3.893626134018611e-05
2697,extremelyhard,1,3.893626134018611e-05
2698,mirror,1,3.893626134018611e-05
2699,unless,1,3.893626134018611e-05
2700,yards,1,3.893626134018611e-05
2701,reap,1,3.893626134018611e-05
2702,benefits,1,3.893626134018611e-05
2703,discussions,1,3.893626134018611e-05
2704,extremely,1,3.893626134018611e-05
2705,unplayable,1,3.893626134018611e-05
2706,hailed,1,3.893626134018611e-05
2707,amazed,1,3.893626134018611e-05
2708,chemistry,1,3.893626134018611e-05
2709,rapport,1,3.893626134018611e-05
2710,sorted,1,3.893626134018611e-05
2711,minor,1,3.893626134018611e-05
2712,sridharan,1,3.893626134018611e-05
2713,mercy,1,3.893626134018611e-05
2714,minds,1,3.893626134018611e-05
2715,scenarios,1,3.893626134018611e-05
2716,surprised,1,3.893626134018611e-05
2717,fascinating,1,3.893626134018611e-05
2718,changing,1,3.893626134018611e-05
2719,equations,1,3.893626134018611e-05
2720,restless,1,3.893626134018611e-05
2721,anticipation,1,3.893626134018611e-05
2722,flavour,1,3.893626134018611e-05
2723,certainty,1,3.893626134018611e-05
2724,clearer,1,3.893626134018611e-05
2725,narrative,1,3.893626134018611e-05
2726,emboldened,1,3.893626134018611e-05
2727,unswerving,1,3.893626134018611e-05
2728,allies,1,3.893626134018611e-05
2729,passionate,1,3.893626134018611e-05
2730,fanbase,1,3.893626134018611e-05
2731,raring,1,3.893626134018611e-05
2732,pounce,1,3.893626134018611e-05
2733,surge,1,3.893626134018611e-05
2734,outing,1,3.893626134018611e-05
2735,begun,1,3.893626134018611e-05
2736,rediscover,1,3.893626134018611e-05
2737,restoring,1,3.893626134018611e-05
2738,mix,1,3.893626134018611e-05
2739,variation,1,3.893626134018611e-05
2740,inroads,1,3.893626134018611e-05
2741,energy,1,3.893626134018611e-05
2742,sustain,1,3.893626134018611e-05
2743,check,1,3.893626134018611e-05
2744,sky,1,3.893626134018611e-05
2745,guiding,1,3.893626134018611e-05
2746,aims,1,3.893626134018611e-05
2747,upward,1,3.893626134018611e-05
2748,albeit,1,3.893626134018611e-05
2749,varying,1,3.893626134018611e-05
2750,degrees,1,3.893626134018611e-05
2751,strengthen,1,3.893626134018611e-05
2752,securing,1,3.893626134018611e-05
2753,inspire,1,3.893626134018611e-05
2754,raise,1,3.893626134018611e-05
2755,languishing,1,3.893626134018611e-05
2756,determined,1,3.893626134018611e-05
2757,layer,1,3.893626134018611e-05
2758,intrigue,1,3.893626134018611e-05
2759,absorbing,1,3.893626134018611e-05
2760,shining,1,3.893626134018611e-05
2761,tepid,1,3.893626134018611e-05
2762,indication,1,3.893626134018611e-05
2763,reckons,1,3.893626134018611e-05
2764,product,1,3.893626134018611e-05
2765,spells,1,3.893626134018611e-05
2766,packing,1,3.893626134018611e-05
2767,peach,1,3.893626134018611e-05
2768,glimpses,1,3.893626134018611e-05
2769,achieve,1,3.893626134018611e-05
2770,actually,1,3.893626134018611e-05
2771,discussed,1,3.893626134018611e-05
2772,blank,1,3.893626134018611e-05
2773,executing,1,3.893626134018611e-05
2774,reason,1,3.893626134018611e-05
2775,joining,1,3.893626134018611e-05
2776,fact,1,3.893626134018611e-05
2777,mayank,1,3.893626134018611e-05
2778,okay,1,3.893626134018611e-05
2779,prospects,1,3.893626134018611e-05
2780,wear,1,3.893626134018611e-05
2781,tear,1,3.893626134018611e-05
2782,otherwise,1,3.893626134018611e-05
2783,oiled,1,3.893626134018611e-05
2784,machinery,1,3.893626134018611e-05
2785,melee,1,3.893626134018611e-05
2786,grips,1,3.893626134018611e-05
2787,outperform,1,3.893626134018611e-05
2788,rejuvenated,1,3.893626134018611e-05
2789,arrest,1,3.893626134018611e-05
2790,slide,1,3.893626134018611e-05
2791,bandwagon,1,3.893626134018611e-05
2792,chhattisgarh,1,3.893626134018611e-05
2793,capital,1,3.893626134018611e-05
2794,sample,1,3.893626134018611e-05
2795,indicates,1,3.893626134018611e-05
2796,blazing,1,3.893626134018611e-05
2797,fair,1,3.893626134018611e-05
2798,worry,1,3.893626134018611e-05
2799,missing,1,3.893626134018611e-05
2800,spasm,1,3.893626134018611e-05
2801,upcoming,1,3.893626134018611e-05
2802,flown,1,3.893626134018611e-05
2803,birth,1,3.893626134018611e-05
2804,affects,1,3.893626134018611e-05
2805,intense,1,3.893626134018611e-05
2806,causing,1,3.893626134018611e-05
2807,slight,1,3.893626134018611e-05
2808,drizzle,1,3.893626134018611e-05
2809,shut,1,3.893626134018611e-05
2810,shop,1,3.893626134018611e-05
2811,planned,1,3.893626134018611e-05
2812,matchday,1,3.893626134018611e-05
2813,mean,1,3.893626134018611e-05
2814,sizzle,1,3.893626134018611e-05
2815,amasses,1,3.893626134018611e-05
2816,bamboozles,1,3.893626134018611e-05
2817,jaisoorya,1,3.893626134018611e-05
2818,venkatesan,1,3.893626134018611e-05
2819,beneath,1,3.893626134018611e-05
2820,buzzing,1,3.893626134018611e-05
2821,halogen,1,3.893626134018611e-05
2822,glare,1,3.893626134018611e-05
2823,dementor,1,3.893626134018611e-05
2824,combine,1,3.893626134018611e-05
2825,velocity,1,3.893626134018611e-05
2826,ambush,1,3.893626134018611e-05
2827,alchemy,1,3.893626134018611e-05
2828,spelled,1,3.893626134018611e-05
2829,doom,1,3.893626134018611e-05
2830,sawai,1,3.893626134018611e-05
2831,mansingh,1,3.893626134018611e-05
2832,hurrying,1,3.893626134018611e-05
2833,bullied,1,3.893626134018611e-05
2834,jammed,1,3.893626134018611e-05
2835,kinetic,1,3.893626134018611e-05
2836,hornet,1,3.893626134018611e-05
2837,mode,1,3.893626134018611e-05
2838,loop,1,3.893626134018611e-05
2839,nor,1,3.893626134018611e-05
2840,parabolic,1,3.893626134018611e-05
2841,flight,1,3.893626134018611e-05
2842,fizz,1,3.893626134018611e-05
2843,seeking,1,3.893626134018611e-05
2844,stumps,1,3.893626134018611e-05
2845,street,1,3.893626134018611e-05
2846,predatory,1,3.893626134018611e-05
2847,trapped,1,3.893626134018611e-05
2848,plumb,1,3.893626134018611e-05
2849,perpendicular,1,3.893626134018611e-05
2850,grace,1,3.893626134018611e-05
2851,brutal,1,3.893626134018611e-05
2852,hack,1,3.893626134018611e-05
2853,bare,1,3.893626134018611e-05
2854,knuckle,1,3.893626134018611e-05
2855,midnight,1,3.893626134018611e-05
2856,magic,1,3.893626134018611e-05
2857,sorcery,1,3.893626134018611e-05
2858,signature,1,3.893626134018611e-05
2859,glass,1,3.893626134018611e-05
2860,cut,1,3.893626134018611e-05
2861,velvet,1,3.893626134018611e-05
2862,gloved,1,3.893626134018611e-05
2863,precision,1,3.893626134018611e-05
2864,banged,1,3.893626134018611e-05
2865,marched,1,3.893626134018611e-05
2866,knifed,1,3.893626134018611e-05
2867,toes,1,3.893626134018611e-05
2868,planted,1,3.893626134018611e-05
2869,maker,1,3.893626134018611e-05
2870,flashing,1,3.893626134018611e-05
2871,gloriously,1,3.893626134018611e-05
2872,driven,1,3.893626134018611e-05
2873,creamed,1,3.893626134018611e-05
2874,charged,1,3.893626134018611e-05
2875,fours,1,3.893626134018611e-05
2876,calm,1,3.893626134018611e-05
2877,proportion,1,3.893626134018611e-05
2878,quiet,1,3.893626134018611e-05
2879,craft,1,3.893626134018611e-05
2880,calibration,1,3.893626134018611e-05
2881,tempo,1,3.893626134018611e-05
2882,distilled,1,3.893626134018611e-05
2883,risk,1,3.893626134018611e-05
2884,shaving,1,3.893626134018611e-05
2885,unhurried,1,3.893626134018611e-05
2886,accumulation,1,3.893626134018611e-05
2887,shimron,1,3.893626134018611e-05
2888,dasun,1,3.893626134018611e-05
2889,fightback,1,3.893626134018611e-05
2890,clawed,1,3.893626134018611e-05
2891,stellar,1,3.893626134018611e-05
2892,azan,1,3.893626134018611e-05
2893,shaheen,1,3.893626134018611e-05
2894,ul,1,3.893626134018611e-05
2895,haq,1,3.893626134018611e-05
2896,1st,1,3.893626134018611e-05
2897,ifl,1,3.893626134018611e-05
2898,ss,1,3.893626134018611e-05
2899,live,1,3.893626134018611e-05
2900,telecast,1,3.893626134018611e-05
2901,kareem,1,3.893626134018611e-05
2902,torkey,1,3.893626134018611e-05
2903,crouin,1,3.893626134018611e-05
2904,ayazhan,1,3.893626134018611e-05
2905,marat,1,3.893626134018611e-05
2906,moldogazieva,1,3.893626134018611e-05
2907,jiya,1,3.893626134018611e-05
2908,sarvinoz,1,3.893626134018611e-05
2909,riskulova,1,3.893626134018611e-05
2910,diana,1,3.893626134018611e-05
2911,mendigarayeva,1,3.893626134018611e-05
2912,sezim,1,3.893626134018611e-05
2913,nurlubek,1,3.893626134018611e-05
2914,yuhui,1,3.893626134018611e-05
2915,cheon,1,3.893626134018611e-05
2916,zebiniso,1,3.893626134018611e-05
2917,abdullayeva,1,3.893626134018611e-05
2918,samal,1,3.893626134018611e-05
2919,tolepbergen,1,3.893626134018611e-05
2920,knishka,1,3.893626134018611e-05
2921,ardak,1,3.893626134018611e-05
2922,abdikhan,1,3.893626134018611e-05
2923,chiao,1,3.893626134018611e-05
2924,ying,1,3.893626134018611e-05
2925,chang,1,3.893626134018611e-05
2926,yasmin,1,3.893626134018611e-05
2927,jautkhanova,1,3.893626134018611e-05
2928,nurgul,1,3.893626134018611e-05
2929,sakhi,1,3.893626134018611e-05
2930,aashvi,1,3.893626134018611e-05
2931,zahro,1,3.893626134018611e-05
2932,daniyorova,1,3.893626134018611e-05
2933,manvi,1,3.893626134018611e-05
2934,kubanychbek,1,3.893626134018611e-05
2935,bolushov,1,3.893626134018611e-05
2936,shingen,1,3.893626134018611e-05
2937,kanai,1,3.893626134018611e-05
2938,emir,1,3.893626134018611e-05
2939,mukhit,1,3.893626134018611e-05
2940,karung,1,3.893626134018611e-05
2941,albertson,1,3.893626134018611e-05
2942,islam,1,3.893626134018611e-05
2943,suleimanogly,1,3.893626134018611e-05
2944,ranveer,1,3.893626134018611e-05
2945,ruzibek,1,3.893626134018611e-05
2946,miravotov,1,3.893626134018611e-05
2947,tjk,1,3.893626134018611e-05
2948,sabyrzhan,1,3.893626134018611e-05
2949,sagym,1,3.893626134018611e-05
2950,siddhant,1,3.893626134018611e-05
2951,bide,1,3.893626134018611e-05
2952,operated,1,3.893626134018611e-05
2953,machine,1,3.893626134018611e-05
2954,reminding,1,3.893626134018611e-05
2955,makers,1,3.893626134018611e-05
2956,value,1,3.893626134018611e-05
2957,slices,1,3.893626134018611e-05
2958,luck,1,3.893626134018611e-05
2959,nehal,1,3.893626134018611e-05
2960,wadhera,1,3.893626134018611e-05
2961,wretched,1,3.893626134018611e-05
2962,wares,1,3.893626134018611e-05
2963,approaching,1,3.893626134018611e-05
2964,entry,1,3.893626134018611e-05
2965,xi,1,3.893626134018611e-05
2966,interaction,1,3.893626134018611e-05
2967,rescued,1,3.893626134018611e-05
2968,sinking,1,3.893626134018611e-05
2969,thinking,1,3.893626134018611e-05
2970,negatively,1,3.893626134018611e-05
2971,sidelines,1,3.893626134018611e-05
2972,learning,1,3.893626134018611e-05
2973,watching,1,3.893626134018611e-05
2974,lad,1,3.893626134018611e-05
2975,revealed,1,3.893626134018611e-05
2976,meaningful,1,3.893626134018611e-05
2977,chats,1,3.893626134018611e-05
2978,frame,1,3.893626134018611e-05
2979,bhai,1,3.893626134018611e-05
2980,healthy,1,3.893626134018611e-05
2981,sir,1,3.893626134018611e-05
2982,talks,1,3.893626134018611e-05
2983,totally,1,3.893626134018611e-05
2984,understood,1,3.893626134018611e-05
2985,switched,1,3.893626134018611e-05
2986,contests,1,3.893626134018611e-05
2987,disciplines,1,3.893626134018611e-05
2988,wire,1,3.893626134018611e-05
2989,finely,1,3.893626134018611e-05
2990,poised,1,3.893626134018611e-05
2991,scorers,1,3.893626134018611e-05
2992,separated,1,3.893626134018611e-05
2993,hurtles,1,3.893626134018611e-05
2994,stretch,1,3.893626134018611e-05
2995,establish,1,3.893626134018611e-05
2996,outright,1,3.893626134018611e-05
2997,dominance,1,3.893626134018611e-05
2998,underscoring,1,3.893626134018611e-05
2999,nature,1,3.893626134018611e-05
3000,teammate,1,3.893626134018611e-05
3001,outings,1,3.893626134018611e-05
3002,breakout,1,3.893626134018611e-05
3003,narrow,1,3.893626134018611e-05
3004,separating,1,3.893626134018611e-05
3005,concludes,1,3.893626134018611e-05
3006,enthralling,1,3.893626134018611e-05
3007,spearhead,1,3.893626134018611e-05
3008,apiece,1,3.893626134018611e-05
3009,leaderboard,1,3.893626134018611e-05
3010,entirely,1,3.893626134018611e-05
3011,highlights,1,3.893626134018611e-05
3012,influence,1,3.893626134018611e-05
3013,performer,1,3.893626134018611e-05
3014,fluctuated,1,3.893626134018611e-05
3015,stakes,1,3.893626134018611e-05
3016,fiercely,1,3.893626134018611e-05
3017,until,1,3.893626134018611e-05
3018,ensuring,1,3.893626134018611e-05
3019,significance,1,3.893626134018611e-05
3020,dueto,1,3.893626134018611e-05
3021,krishnan,1,3.893626134018611e-05
3022,expensive,1,3.893626134018611e-05
3023,recruit,1,3.893626134018611e-05
3024,crore,1,3.893626134018611e-05
3025,eyeballs,1,3.893626134018611e-05
3026,fixed,1,3.893626134018611e-05
3027,exploits,1,3.893626134018611e-05
3028,patchy,1,3.893626134018611e-05
3029,coupled,1,3.893626134018611e-05
3030,firing,1,3.893626134018611e-05
3031,perth,1,3.893626134018611e-05
3032,liked,1,3.893626134018611e-05
3033,additional,1,3.893626134018611e-05
3034,awesome,1,3.893626134018611e-05
3035,else,1,3.893626134018611e-05
3036,performing,1,3.893626134018611e-05
3037,appeared,1,3.893626134018611e-05
3038,derailed,1,3.893626134018611e-05
3039,trot,1,3.893626134018611e-05
3040,lease,1,3.893626134018611e-05
3041,life,1,3.893626134018611e-05
3042,view,1,3.893626134018611e-05
3043,resurgence,1,3.893626134018611e-05
3044,argued,1,3.893626134018611e-05
3045,intact,1,3.893626134018611e-05
3046,whole,1,3.893626134018611e-05
3047,opined,1,3.893626134018611e-05
3048,owned,1,3.893626134018611e-05
3049,jockey,1,3.893626134018611e-05
3050,chantille,1,3.893626134018611e-05
3051,pledge,1,3.893626134018611e-05
3052,assurances,1,3.893626134018611e-05
3053,32s,1,3.893626134018611e-05
3054,girish,1,3.893626134018611e-05
3055,mehta,1,3.893626134018611e-05
3056,blest,1,3.893626134018611e-05
3057,trading,1,3.893626134018611e-05
3058,darius,1,3.893626134018611e-05
3059,byramji,1,3.893626134018611e-05
3060,rabindranath,1,3.893626134018611e-05
3061,tagore,1,3.893626134018611e-05
3062,jayanti,1,3.893626134018611e-05
3063,waitara,1,3.893626134018611e-05
3064,thessalian,1,3.893626134018611e-05
3065,hd,1,3.893626134018611e-05
3066,rapar,1,3.893626134018611e-05
3067,galloping,1,3.893626134018611e-05
3068,rep,1,3.893626134018611e-05
3069,rajendran,1,3.893626134018611e-05
3070,francis,1,3.893626134018611e-05
3071,irfan,1,3.893626134018611e-05
3072,ghatala,1,3.893626134018611e-05
3073,dupont,1,3.893626134018611e-05
3074,jalwa,1,3.893626134018611e-05
3075,asirvatham,1,3.893626134018611e-05
3076,razzmatazz,1,3.893626134018611e-05
3077,white,1,3.893626134018611e-05
3078,ramu,1,3.893626134018611e-05
3079,48s,1,3.893626134018611e-05
3080,mrs,1,3.893626134018611e-05
3081,mahima,1,3.893626134018611e-05
3082,shailesh,1,3.893626134018611e-05
3083,dayananda,1,3.893626134018611e-05
3084,pai,1,3.893626134018611e-05
3085,naveen,1,3.893626134018611e-05
3086,preben,1,3.893626134018611e-05
3087,gowda,1,3.893626134018611e-05
3088,kaardam,1,3.893626134018611e-05
3089,ricardo,1,3.893626134018611e-05
3090,71s,1,3.893626134018611e-05
3091,dean,1,3.893626134018611e-05
3092,stephens,1,3.893626134018611e-05
3093,memorial,1,3.893626134018611e-05
3094,ashwa,1,3.893626134018611e-05
3095,york,1,3.893626134018611e-05
3096,atman,1,3.893626134018611e-05
3097,nk,1,3.893626134018611e-05
3098,85s,1,3.893626134018611e-05
3099,daulat,1,3.893626134018611e-05
3100,chhabria,1,3.893626134018611e-05
3101,ranpise,1,3.893626134018611e-05
3102,flash,1,3.893626134018611e-05
3103,md,1,3.893626134018611e-05
3104,ashraf,1,3.893626134018611e-05
3105,reza,1,3.893626134018611e-05
3106,roadrunner,1,3.893626134018611e-05
3107,ebotse,1,3.893626134018611e-05
3108,shd,1,3.893626134018611e-05
3109,38s,1,3.893626134018611e-05
3110,vazifdar,1,3.893626134018611e-05
3111,rishad,1,3.893626134018611e-05
3112,kersi,1,3.893626134018611e-05
3113,vachha,1,3.893626134018611e-05
3114,mckeown,1,3.893626134018611e-05
3115,094,1,3.893626134018611e-05
3116,treble,1,3.893626134018611e-05
3117,false,1,3.893626134018611e-05
3118,rails,1,3.893626134018611e-05
3119,width,1,3.893626134018611e-05
3120,5m,1,3.893626134018611e-05
3121,600m,1,3.893626134018611e-05
3122,enjoyable,1,3.893626134018611e-05
3123,friya,1,3.893626134018611e-05
3124,lex,1,3.893626134018611e-05
3125,luthor,1,3.893626134018611e-05
3126,rayan,1,3.893626134018611e-05
3127,makoto,1,3.893626134018611e-05
3128,colchester,1,3.893626134018611e-05
3129,ash,1,3.893626134018611e-05
3130,higgs,1,3.893626134018611e-05
3131,boson,1,3.893626134018611e-05
3132,siddaraju,1,3.893626134018611e-05
3133,chinky,1,3.893626134018611e-05
3134,pinky,1,3.893626134018611e-05
3135,solitaire,1,3.893626134018611e-05
3136,wealth,1,3.893626134018611e-05
3137,rafique,1,3.893626134018611e-05
3138,agumbe,1,3.893626134018611e-05
3139,hangal,1,3.893626134018611e-05
3140,felisa,1,3.893626134018611e-05
3141,kabali,1,3.893626134018611e-05
3142,suhas,1,3.893626134018611e-05
3143,dynamic,1,3.893626134018611e-05
3144,mcqueen,1,3.893626134018611e-05
3145,scarlette,1,3.893626134018611e-05
3146,lady,1,3.893626134018611e-05
3147,shareef,1,3.893626134018611e-05
3148,eclipse,1,3.893626134018611e-05
3149,pulse,1,3.893626134018611e-05
3150,ashhad,1,3.893626134018611e-05
3151,asbar,1,3.893626134018611e-05
3152,basilica,1,3.893626134018611e-05
3153,mother,1,3.893626134018611e-05
3154,aquastic,1,3.893626134018611e-05
3155,corinthian,1,3.893626134018611e-05
3156,mystical,1,3.893626134018611e-05
3157,sassy,1,3.893626134018611e-05
3158,irish,1,3.893626134018611e-05
3159,coffee,1,3.893626134018611e-05
3160,stellantis,1,3.893626134018611e-05
3161,efficacy,1,3.893626134018611e-05
3162,victoria,1,3.893626134018611e-05
3163,doresaani,1,3.893626134018611e-05
3164,rozario,1,3.893626134018611e-05
3165,unforgettable,1,3.893626134018611e-05
3166,vikrant,1,3.893626134018611e-05
3167,oxytocin,1,3.893626134018611e-05
3168,stravinsky,1,3.893626134018611e-05
3169,chotipari,1,3.893626134018611e-05
3170,glorious,1,3.893626134018611e-05
3171,strides,1,3.893626134018611e-05
3172,darshan,1,3.893626134018611e-05
3173,divo,1,3.893626134018611e-05
3174,tr,1,3.893626134018611e-05
3175,verma,1,3.893626134018611e-05
3176,issued,1,3.893626134018611e-05
3177,agency,1,3.893626134018611e-05
3178,available,1,3.893626134018611e-05
3179,dope,1,3.893626134018611e-05
3180,reliably,1,3.893626134018611e-05
3181,pool,1,3.893626134018611e-05
3182,rtp,1,3.893626134018611e-05
3183,explain,1,3.893626134018611e-05
3184,reasons,1,3.893626134018611e-05
3185,promises,1,3.893626134018611e-05
3186,pay,1,3.893626134018611e-05
3187,gm,1,3.893626134018611e-05
3188,grandmaster,1,3.893626134018611e-05
3189,gupta,1,3.893626134018611e-05
3190,frustrated,1,3.893626134018611e-05
3191,resolved,1,3.893626134018611e-05
3192,initiated,1,3.893626134018611e-05
3193,seek,1,3.893626134018611e-05
3194,intervention,1,3.893626134018611e-05
3195,ministry,1,3.893626134018611e-05
3196,repeated,1,3.893626134018611e-05
3197,letters,1,3.893626134018611e-05
3198,payment,1,3.893626134018611e-05
3199,bank,1,3.893626134018611e-05
3200,frozen,1,3.893626134018611e-05
3201,infighting,1,3.893626134018611e-05
3202,shooters,1,3.893626134018611e-05
3203,kazakhstan,1,3.893626134018611e-05
3204,shooter,1,3.893626134018611e-05
3205,elimination,1,3.893626134018611e-05
3206,penny,1,3.893626134018611e-05
3207,perfect,1,3.893626134018611e-05
3208,fatima,1,3.893626134018611e-05
3209,galvez,1,3.893626134018611e-05
3210,zuzana,1,3.893626134018611e-05
3211,rehak,1,3.893626134018611e-05
3212,stefecekova,1,3.893626134018611e-05
3213,slovakia,1,3.893626134018611e-05
3214,bagged,1,3.893626134018611e-05
3215,shapath,1,3.893626134018611e-05
3216,bhradwaj,1,3.893626134018611e-05
3217,recovers,1,3.893626134018611e-05
3218,shaky,1,3.893626134018611e-05
3219,recovered,1,3.893626134018611e-05
3220,krzysztof,1,3.893626134018611e-05
3221,collected,1,3.893626134018611e-05
3222,halfway,1,3.893626134018611e-05
3223,slo,1,3.893626134018611e-05
3224,tehran,1,3.893626134018611e-05
3225,demanded,1,3.893626134018611e-05
3226,agree,1,3.893626134018611e-05
3227,amid,1,3.893626134018611e-05
3228,asia,1,3.893626134018611e-05
3229,war,1,3.893626134018611e-05
3230,retreat,1,3.893626134018611e-05
3231,beliefs,1,3.893626134018611e-05
3232,convictions,1,3.893626134018611e-05
3233,iranian,1,3.893626134018611e-05
3234,website,1,3.893626134018611e-05
3235,nationwide,1,3.893626134018611e-05
3236,preparatory,1,3.893626134018611e-05
3237,exercise,1,3.893626134018611e-05
3238,jumper,1,3.893626134018611e-05
3239,others,1,3.893626134018611e-05
3240,participation,1,3.893626134018611e-05
3241,mandatory,1,3.893626134018611e-05
3242,ranchi,1,3.893626134018611e-05
3243,july,1,3.893626134018611e-05
3244,august,1,3.893626134018611e-05
3245,potchefstroom,1,3.893626134018611e-05
3246,12m,1,3.893626134018611e-05
3247,pretoria,1,3.893626134018611e-05
3248,similar,1,3.893626134018611e-05
3249,shoots,1,3.893626134018611e-05
3250,caused,1,3.893626134018611e-05
3251,restriction,1,3.893626134018611e-05
3252,sabbatical,1,3.893626134018611e-05
3253,page,1,3.893626134018611e-05
3254,highlighted,1,3.893626134018611e-05
3255,failing,1,3.893626134018611e-05
3256,duty,1,3.893626134018611e-05
3257,resulted,1,3.893626134018611e-05
3258,negative,1,3.893626134018611e-05
3259,publicity,1,3.893626134018611e-05
3260,reputational,1,3.893626134018611e-05
3261,authorities,1,3.893626134018611e-05
3262,concerned,1,3.893626134018611e-05
3263,los,1,3.893626134018611e-05
3264,angeles,1,3.893626134018611e-05
3265,satisfy,1,3.893626134018611e-05
3266,render,1,3.893626134018611e-05
3267,prior,1,3.893626134018611e-05
3268,completion,1,3.893626134018611e-05
3269,date,1,3.893626134018611e-05
3270,camp,1,3.893626134018611e-05
3271,rampage,1,3.893626134018611e-05
3272,fiftyin,1,3.893626134018611e-05
3273,sequence,1,3.893626134018611e-05
3274,read,1,3.893626134018611e-05
3275,appears,1,3.893626134018611e-05
3276,ourselves,1,3.893626134018611e-05
3277,individuals,1,3.893626134018611e-05
3278,expectation,1,3.893626134018611e-05
3279,proud,1,3.893626134018611e-05
3280,badge,1,3.893626134018611e-05
3281,ian,1,3.893626134018611e-05
3282,equals,1,3.893626134018611e-05
3283,legendary,1,3.893626134018611e-05
3284,villiers,1,3.893626134018611e-05
3285,lock,1,3.893626134018611e-05
3286,horns,1,3.893626134018611e-05
3287,displaying,1,3.893626134018611e-05
3288,invincibility,1,3.893626134018611e-05
3289,trek,1,3.893626134018611e-05
3290,mount,1,3.893626134018611e-05
3291,degree,1,3.893626134018611e-05
3292,presently,1,3.893626134018611e-05
3293,navigating,1,3.893626134018611e-05
3294,rocky,1,3.893626134018611e-05
3295,path,1,3.893626134018611e-05
3296,mile,1,3.893626134018611e-05
3297,acres,1,3.893626134018611e-05
3298,confronting,1,3.893626134018611e-05
3299,aspirant,1,3.893626134018611e-05
3300,directionless,1,3.893626134018611e-05
3301,travel,1,3.893626134018611e-05
3302,picturesque,1,3.893626134018611e-05
3303,battlefield,1,3.893626134018611e-05
3304,northern,1,3.893626134018611e-05
3305,outfits,1,3.893626134018611e-05
3306,heaven,1,3.893626134018611e-05
3307,wielders,1,3.893626134018611e-05
3308,rack,1,3.893626134018611e-05
3309,mountain,1,3.893626134018611e-05
3310,peak,1,3.893626134018611e-05
3311,prowess,1,3.893626134018611e-05
3312,ers,1,3.893626134018611e-05
3313,blip,1,3.893626134018611e-05
3314,deal,1,3.893626134018611e-05
3315,pedigree,1,3.893626134018611e-05
3316,lungi,1,3.893626134018611e-05
3317,handle,1,3.893626134018611e-05
3318,directed,1,3.893626134018611e-05
3319,travails,1,3.893626134018611e-05
3320,cluster,1,3.893626134018611e-05
3321,department,1,3.893626134018611e-05
3322,agenda,1,3.893626134018611e-05
3323,centurion,1,3.893626134018611e-05
3324,sliver,1,3.893626134018611e-05
3325,alive,1,3.893626134018611e-05
3326,launched,1,3.893626134018611e-05
3327,hapless,1,3.893626134018611e-05
3328,repeat,1,3.893626134018611e-05
3329,filled,1,3.893626134018611e-05
3330,aim,1,3.893626134018611e-05
3331,survives,1,3.893626134018611e-05
3332,drama,1,3.893626134018611e-05
3333,controversial,1,3.893626134018611e-05
3334,fashion,1,3.893626134018611e-05
3335,hugely,1,3.893626134018611e-05
3336,contentious,1,3.893626134018611e-05
3337,disallow,1,3.893626134018611e-05
3338,callum,1,3.893626134018611e-05
3339,leandro,1,3.893626134018611e-05
3340,deflected,1,3.893626134018611e-05
3341,gasp,1,3.893626134018611e-05
3342,foul,1,3.893626134018611e-05
3343,gunners,1,3.893626134018611e-05
3344,fumble,1,3.893626134018611e-05
3345,chest,1,3.893626134018611e-05
3346,incident,1,3.893626134018611e-05
3347,claiming,1,3.893626134018611e-05
3348,fouls,1,3.893626134018611e-05
3349,declan,1,3.893626134018611e-05
3350,sarr,1,3.893626134018611e-05
3351,mateta,1,3.893626134018611e-05
3352,tarkowski,1,3.893626134018611e-05
3353,beto,1,3.893626134018611e-05
3354,anthony,1,3.893626134018611e-05
3355,flemming,1,3.893626134018611e-05
3356,aston,1,3.893626134018611e-05
3357,villa,1,3.893626134018611e-05
3358,barkley,1,3.893626134018611e-05
3359,watkins,1,3.893626134018611e-05
3360,anderson,1,3.893626134018611e-05
3361,barnes,1,3.893626134018611e-05
3362,verona,1,3.893626134018611e-05
3363,douvikas,1,3.893626134018611e-05
3364,produces,1,3.893626134018611e-05
3365,tricky,1,3.893626134018611e-05
3366,eliminates,1,3.893626134018611e-05
3367,engage,1,3.893626134018611e-05
3368,local,1,3.893626134018611e-05
3369,treated,1,3.893626134018611e-05
3370,called,1,3.893626134018611e-05
3371,eke,1,3.893626134018611e-05
3372,thrice,1,3.893626134018611e-05
3373,handicap,1,3.893626134018611e-05
3374,opted,1,3.893626134018611e-05
3375,rickleton,1,3.893626134018611e-05
3376,balloon,1,3.893626134018611e-05
3377,splice,1,3.893626134018611e-05
3378,knuckleball,1,3.893626134018611e-05
3379,rid,1,3.893626134018611e-05
3380,nicking,1,3.893626134018611e-05
3381,uneven,1,3.893626134018611e-05
3382,gritty,1,3.893626134018611e-05
3383,prioritised,1,3.893626134018611e-05
3384,gap,1,3.893626134018611e-05
3385,muscling,1,3.893626134018611e-05
3386,pinpoint,1,3.893626134018611e-05
3387,yorker,1,3.893626134018611e-05
3388,lower,1,3.893626134018611e-05
3389,couldn,1,3.893626134018611e-05
3390,modest,1,3.893626134018611e-05
3391,removing,1,3.893626134018611e-05
3392,skied,1,3.893626134018611e-05
3393,promoted,1,3.893626134018611e-05
3394,released,1,3.893626134018611e-05
3395,advent,1,3.893626134018611e-05
3396,sweeps,1,3.893626134018611e-05
3397,persevered,1,3.893626134018611e-05
3398,cramp,1,3.893626134018611e-05
3399,42b,1,3.893626134018611e-05
3400,5x6,1,3.893626134018611e-05
3401,onslaught,1,3.893626134018611e-05
3402,sound,1,3.893626134018611e-05
3403,whistle,1,3.893626134018611e-05
3404,reverberated,1,3.893626134018611e-05
3405,beyond,1,3.893626134018611e-05
3406,unmistakable,1,3.893626134018611e-05
3407,chord,1,3.893626134018611e-05
3408,masses,1,3.893626134018611e-05
3409,renewed,1,3.893626134018611e-05
3410,expression,1,3.893626134018611e-05
3411,breathtaking,1,3.893626134018611e-05
3412,stupendous,1,3.893626134018611e-05
3413,formidable,1,3.893626134018611e-05
3414,flowed,1,3.893626134018611e-05
3415,freely,1,3.893626134018611e-05
3416,rathi,1,3.893626134018611e-05
3417,castling,1,3.893626134018611e-05
3418,carnage,1,3.893626134018611e-05
3419,completely,1,3.893626134018611e-05
3420,seized,1,3.893626134018611e-05
3421,dismantling,1,3.893626134018611e-05
3422,monstrous,1,3.893626134018611e-05
3423,spared,1,3.893626134018611e-05
3424,tore,1,3.893626134018611e-05
3425,launching,1,3.893626134018611e-05
3426,drilling,1,3.893626134018611e-05
3427,plundered,1,3.893626134018611e-05
3428,bear,1,3.893626134018611e-05
3429,brunt,1,3.893626134018611e-05
3430,fearless,1,3.893626134018611e-05
3431,surged,1,3.893626134018611e-05
3432,brief,1,3.893626134018611e-05
3433,respite,1,3.893626134018611e-05
3434,thunderous,1,3.893626134018611e-05
3435,ovation,1,3.893626134018611e-05
3436,sensational,1,3.893626134018611e-05
3437,lay,1,3.893626134018611e-05
3438,figures,1,3.893626134018611e-05
3439,memorable,1,3.893626134018611e-05
3440,whistled,1,3.893626134018611e-05
3441,loudest,1,3.893626134018611e-05
3442,sarfaraz,1,3.893626134018611e-05
3443,raghuwanshi,1,3.893626134018611e-05
3444,18b,1,3.893626134018611e-05
3445,0b,1,3.893626134018611e-05
3446,prashant,1,3.893626134018611e-05
3447,wintrap,1,3.893626134018611e-05
3448,note,1,3.893626134018611e-05
3449,matching,1,3.893626134018611e-05
3450,silvana,1,3.893626134018611e-05
3451,stanco,1,3.893626134018611e-05
3452,mauro,1,3.893626134018611e-05
3453,filippis,1,3.893626134018611e-05
3454,italians,1,3.893626134018611e-05
3455,kun,1,3.893626134018611e-05
3456,pi,1,3.893626134018611e-05
3457,clinchesfrench,1,3.893626134018611e-05
3458,overtook,1,3.893626134018611e-05
3459,motogp,1,3.893626134018611e-05
3460,rider,1,3.893626134018611e-05
3461,spaniard,1,3.893626134018611e-05
3462,nipped,1,3.893626134018611e-05
3463,26th,1,3.893626134018611e-05
3464,gains,1,3.893626134018611e-05
3465,hasan,1,3.893626134018611e-05
3466,regain,1,3.893626134018611e-05
3467,affected,1,3.893626134018611e-05
3468,agha,1,3.893626134018611e-05
3469,rizwan,1,3.893626134018611e-05
3470,antalyaspor,1,3.893626134018611e-05
3471,istanbul,1,3.893626134018611e-05
3472,striker,1,3.893626134018611e-05
3473,nigerian,1,3.893626134018611e-05
3474,osimhen,1,3.893626134018611e-05
3475,directly,1,3.893626134018611e-05
3476,routing,1,3.893626134018611e-05
3477,juventus,1,3.893626134018611e-05
3478,1990s,1,3.893626134018611e-05
3479,twelve,1,3.893626134018611e-05
3480,longest,1,3.893626134018611e-05
3481,uts,1,3.893626134018611e-05
3482,stun,1,3.893626134018611e-05
3483,trio,1,3.893626134018611e-05
3484,kumari,1,3.893626134018611e-05
3485,bhakat,1,3.893626134018611e-05
3486,mohod,1,3.893626134018611e-05
3487,upstaged,1,3.893626134018611e-05
3488,consisting,1,3.893626134018611e-05
3489,jingyi,1,3.893626134018611e-05
3490,yuwei,1,3.893626134018611e-05
3491,qi,1,3.893626134018611e-05
3492,riding,1,3.893626134018611e-05
3493,inspiring,1,3.893626134018611e-05
3494,komalika,1,3.893626134018611e-05
3495,bari,1,3.893626134018611e-05
3496,beaten,1,3.893626134018611e-05
3497,honour,1,3.893626134018611e-05
3498,guatemala,1,3.893626134018611e-05
3499,olympians,1,3.893626134018611e-05
3500,rookie,1,3.893626134018611e-05
3501,responded,1,3.893626134018611e-05
3502,script,1,3.893626134018611e-05
3503,boosting,1,3.893626134018611e-05
3504,distraction,1,3.893626134018611e-05
3505,direction,1,3.893626134018611e-05
3506,simranjeet,1,3.893626134018611e-05
3507,achieved,1,3.893626134018611e-05
3508,kang,1,3.893626134018611e-05
3509,chaeyoung,1,3.893626134018611e-05
3510,jang,1,3.893626134018611e-05
3511,minhee,1,3.893626134018611e-05
3512,leaps,1,3.893626134018611e-05
3513,clocks,1,3.893626134018611e-05
3514,honours,1,3.893626134018611e-05
3515,breached,1,3.893626134018611e-05
3516,marks,1,3.893626134018611e-05
3517,forthcoming,1,3.893626134018611e-05
3518,served,1,3.893626134018611e-05
3519,assess,1,3.893626134018611e-05
3520,preparedness,1,3.893626134018611e-05
3521,77m,1,3.893626134018611e-05
3522,hurdler,1,3.893626134018611e-05
3523,shy,1,3.893626134018611e-05
3524,krishik,1,3.893626134018611e-05
3525,january,1,3.893626134018611e-05
3526,hardest,1,3.893626134018611e-05
3527,clock,1,3.893626134018611e-05
3528,ram,1,3.893626134018611e-05
3529,tamil,1,3.893626134018611e-05
3530,nadu,1,3.893626134018611e-05
3531,30m,1,3.893626134018611e-05
3532,surpass,1,3.893626134018611e-05
3533,29m,1,3.893626134018611e-05
3534,tejaswin,1,3.893626134018611e-05
3535,shankar,1,3.893626134018611e-05
3536,height,1,3.893626134018611e-05
3537,prakash,1,3.893626134018611e-05
3538,82s,1,3.893626134018611e-05
3539,wb,1,3.893626134018611e-05
3540,sandosh,1,3.893626134018611e-05
3541,eeshan,1,3.893626134018611e-05
3542,mendis,1,3.893626134018611e-05
3543,sadanand,1,3.893626134018611e-05
3544,jhr,1,3.893626134018611e-05
3545,eugene,1,3.893626134018611e-05
3546,shelton,1,3.893626134018611e-05
3547,mahendra,1,3.893626134018611e-05
3548,santa,1,3.893626134018611e-05
3549,mohamed,1,3.893626134018611e-05
3550,haonif,1,3.893626134018611e-05
3551,pramod,1,3.893626134018611e-05
3552,gurav,1,3.893626134018611e-05
3553,aravinth,1,3.893626134018611e-05
3554,arumugam,1,3.893626134018611e-05
3555,20s,1,3.893626134018611e-05
3556,dhanush,1,3.893626134018611e-05
3557,adithan,1,3.893626134018611e-05
3558,rathish,1,3.893626134018611e-05
3559,pan,1,3.893626134018611e-05
3560,javelin,1,3.893626134018611e-05
3561,murad,1,3.893626134018611e-05
3562,guj,1,3.893626134018611e-05
3563,98s,1,3.893626134018611e-05
3564,pranam,1,3.893626134018611e-05
3565,devendra,1,3.893626134018611e-05
3566,42s,1,3.893626134018611e-05
3567,aryan,1,3.893626134018611e-05
3568,kashyap,1,3.893626134018611e-05
3569,95s,1,3.893626134018611e-05
3570,subhas,1,3.893626134018611e-05
3571,navy,1,3.893626134018611e-05
3572,santhosh,1,3.893626134018611e-05
3573,ncoe,1,3.893626134018611e-05
3574,thiruvanthapuram,1,3.893626134018611e-05
3575,kumaran,1,3.893626134018611e-05
3576,66m,1,3.893626134018611e-05
3577,akshaya,1,3.893626134018611e-05
3578,mariya,1,3.893626134018611e-05
3579,nivetha,1,3.893626134018611e-05
3580,prakruthi,1,3.893626134018611e-05
3581,roopa,1,3.893626134018611e-05
3582,rao,1,3.893626134018611e-05
3583,07,1,3.893626134018611e-05
3584,kiruthika,1,3.893626134018611e-05
3585,srabani,1,3.893626134018611e-05
3586,nanda,1,3.893626134018611e-05
3587,giridharan,1,3.893626134018611e-05
3588,ravikumar,1,3.893626134018611e-05
3589,bhate,1,3.893626134018611e-05
3590,78s,1,3.893626134018611e-05
3591,lovely,1,3.893626134018611e-05
3592,rajput,1,3.893626134018611e-05
3593,anu,1,3.893626134018611e-05
3594,aarti,1,3.893626134018611e-05
3595,pawara,1,3.893626134018611e-05
3596,sherin,1,3.893626134018611e-05
3597,07m,1,3.893626134018611e-05
3598,abhinaya,1,3.893626134018611e-05
3599,71m,1,3.893626134018611e-05
3600,discus,1,3.893626134018611e-05
3601,nidhi,1,3.893626134018611e-05
3602,rani,1,3.893626134018611e-05
3603,82m,1,3.893626134018611e-05
3604,pole,1,3.893626134018611e-05
3605,vault,1,3.893626134018611e-05
3606,baranica,1,3.893626134018611e-05
3607,elangovan,1,3.893626134018611e-05
3608,10m,1,3.893626134018611e-05
3609,jayasankar,1,3.893626134018611e-05
3610,96m,1,3.893626134018611e-05
3611,triple,1,3.893626134018611e-05
3612,ilango,1,3.893626134018611e-05
3613,52m,1,3.893626134018611e-05
3614,rolls,1,3.893626134018611e-05
3615,chandran,1,3.893626134018611e-05
3616,kochi,1,3.893626134018611e-05
3617,jawaharlal,1,3.893626134018611e-05
3618,conceding,1,3.893626134018611e-05
3619,bounced,1,3.893626134018611e-05
3620,substitute,1,3.893626134018611e-05
3621,roy,1,3.893626134018611e-05
3622,yard,1,3.893626134018611e-05
3623,piledriver,1,3.893626134018611e-05
3624,lived,1,3.893626134018611e-05
3625,42nd,1,3.893626134018611e-05
3626,bottom,1,3.893626134018611e-05
3627,ingenuity,1,3.893626134018611e-05
3628,kevin,1,3.893626134018611e-05
3629,flank,1,3.893626134018611e-05
3630,padam,1,3.893626134018611e-05
3631,brilliance,1,3.893626134018611e-05
3632,saves,1,3.893626134018611e-05
3633,thwart,1,3.893626134018611e-05
3634,dispossessed,1,3.893626134018611e-05
3635,ferddy,1,3.893626134018611e-05
3636,lallamawa,1,3.893626134018611e-05
3637,ranger,1,3.893626134018611e-05
3638,brushed,1,3.893626134018611e-05
3639,near,1,3.893626134018611e-05
3640,threaded,1,3.893626134018611e-05
3641,defenders,1,3.893626134018611e-05
3642,59th,1,3.893626134018611e-05
3643,ungainly,1,3.893626134018611e-05
3644,72minute,1,3.893626134018611e-05
3645,amends,1,3.893626134018611e-05
3646,chipped,1,3.893626134018611e-05
3647,74th,1,3.893626134018611e-05
3648,guwahati,1,3.893626134018611e-05
3649,northeast,1,3.893626134018611e-05
3650,jairo,1,3.893626134018611e-05
3651,og,1,3.893626134018611e-05
3652,lalbiakdika,1,3.893626134018611e-05
3653,chennaiyin,1,3.893626134018611e-05
3654,86kg,1,3.893626134018611e-05
3655,stranded,1,3.893626134018611e-05
3656,dubai,1,3.893626134018611e-05
3657,airport,1,3.893626134018611e-05
3658,sujeet,1,3.893626134018611e-05
3659,kalkal,1,3.893626134018611e-05
3660,severe,1,3.893626134018611e-05
3661,flooding,1,3.893626134018611e-05
3662,bishkek,1,3.893626134018611e-05
3663,dominating,1,3.893626134018611e-05
3664,raja,1,3.893626134018611e-05
3665,vansh,1,3.893626134018611e-05
3666,happened,1,3.893626134018611e-05
3667,lesser,1,3.893626134018611e-05
3668,125kg,1,3.893626134018611e-05
3669,pushpender,1,3.893626134018611e-05
3670,suffering,1,3.893626134018611e-05
3671,chances,1,3.893626134018611e-05
3672,repechage,1,3.893626134018611e-05
3673,incidentally,1,3.893626134018611e-05
3674,protest,1,3.893626134018611e-05
3675,calendar,1,3.893626134018611e-05
3676,supposed,1,3.893626134018611e-05
3677,attract,1,3.893626134018611e-05
3678,entries,1,3.893626134018611e-05
3679,altogether,1,3.893626134018611e-05
3680,morning,1,3.893626134018611e-05
3681,pips,1,3.893626134018611e-05
3682,content,1,3.893626134018611e-05
3683,nerve,1,3.893626134018611e-05
3684,tour,1,3.893626134018611e-05
3685,notable,1,3.893626134018611e-05
3686,boysenter,1,3.893626134018611e-05
3687,kiyan,1,3.893626134018611e-05
3688,iqbal,1,3.893626134018611e-05
3689,uae,1,3.893626134018611e-05
3690,zhaksylyk,1,3.893626134018611e-05
3691,yermekuly,1,3.893626134018611e-05
3692,pothina,1,3.893626134018611e-05
3693,aziretali,1,3.893626134018611e-05
3694,sanzharbekov,1,3.893626134018611e-05
3695,jasurbek,1,3.893626134018611e-05
3696,khayrullaev,1,3.893626134018611e-05
3697,adizbek,1,3.893626134018611e-05
3698,ilkhombekov,1,3.893626134018611e-05
3699,mansur,1,3.893626134018611e-05
3700,abdukhamitov,1,3.893626134018611e-05
3701,nongpoknganba,1,3.893626134018611e-05
3702,meitei,1,3.893626134018611e-05
3703,oina,1,3.893626134018611e-05
3704,sardor,1,3.893626134018611e-05
3705,omonboev,1,3.893626134018611e-05
3706,parshant,1,3.893626134018611e-05
3707,amirmahdi,1,3.893626134018611e-05
3708,shad,1,3.893626134018611e-05
3709,nurislam,1,3.893626134018611e-05
3710,baktubayev,1,3.893626134018611e-05
3711,harshvardhan,1,3.893626134018611e-05
3712,jeena,1,3.893626134018611e-05
3713,seyyedariyamohammad,1,3.893626134018611e-05
3714,mousa,1,3.893626134018611e-05
3715,hyeonseok,1,3.893626134018611e-05
3716,yoo,1,3.893626134018611e-05
3717,mukhammadali,1,3.893626134018611e-05
3718,berdikulov,1,3.893626134018611e-05
3719,ibrokhim,1,3.893626134018611e-05
3720,mirzakarimov,1,3.893626134018611e-05
3721,sushant,1,3.893626134018611e-05
3722,jayani,1,3.893626134018611e-05
3723,commences,1,3.893626134018611e-05
3724,offers,1,3.893626134018611e-05
3725,likes,1,3.893626134018611e-05
3726,use,1,3.893626134018611e-05
3727,week,1,3.893626134018611e-05
3728,stirring,1,3.893626134018611e-05
3729,ladder,1,3.893626134018611e-05
3730,krish,1,3.893626134018611e-05
3731,formerly,1,3.893626134018611e-05
3732,billing,1,3.893626134018611e-05
3733,scotland,1,3.893626134018611e-05
3734,russian,1,3.893626134018611e-05
3735,barred,1,3.893626134018611e-05
3736,guns,1,3.893626134018611e-05
3737,daniel,1,3.893626134018611e-05
3738,encouraged,1,3.893626134018611e-05
3739,pick,1,3.893626134018611e-05
3740,pieces,1,3.893626134018611e-05
3741,sitting,1,3.893626134018611e-05
3742,dahiya,1,3.893626134018611e-05
3743,accurate,1,3.893626134018611e-05
3744,reflection,1,3.893626134018611e-05
3745,commitment,1,3.893626134018611e-05
3746,unbelievable,1,3.893626134018611e-05
3747,mahela,1,3.893626134018611e-05
3748,reprimanded,1,3.893626134018611e-05
3749,penalised,1,3.893626134018611e-05
3750,andy,1,3.893626134018611e-05
3751,fined,1,3.893626134018611e-05
3752,respectively,1,3.893626134018611e-05
3753,fee,1,3.893626134018611e-05
3754,demerit,1,3.893626134018611e-05
3755,relates,1,3.893626134018611e-05
3756,using,1,3.893626134018611e-05
3757,gesture,1,3.893626134018611e-05
3758,obscene,1,3.893626134018611e-05
3759,offensive,1,3.893626134018611e-05
3760,insulting,1,3.893626134018611e-05
3761,reassuring,1,3.893626134018611e-05
3762,operate,1,3.893626134018611e-05
3763,ideological,1,3.893626134018611e-05
3764,stray,1,3.893626134018611e-05
3765,predetermined,1,3.893626134018611e-05
3766,routes,1,3.893626134018611e-05
3767,suited,1,3.893626134018611e-05
3768,surprises,1,3.893626134018611e-05
3769,stuck,1,3.893626134018611e-05
3770,methods,1,3.893626134018611e-05
3771,template,1,3.893626134018611e-05
3772,steadily,1,3.893626134018611e-05
3773,assured,1,3.893626134018611e-05
3774,rounded,1,3.893626134018611e-05
3775,contrast,1,3.893626134018611e-05
3776,relies,1,3.893626134018611e-05
3777,compensate,1,3.893626134018611e-05
3778,relative,1,3.893626134018611e-05
3779,shortcomings,1,3.893626134018611e-05
3780,direct,1,3.893626134018611e-05
3781,philosophy,1,3.893626134018611e-05
3782,reigned,1,3.893626134018611e-05
3783,supreme,1,3.893626134018611e-05
3784,buck,1,3.893626134018611e-05
3785,likelihood,1,3.893626134018611e-05
3786,03,1,3.893626134018611e-05
3787,boasts,1,3.893626134018611e-05
3788,acting,1,3.893626134018611e-05
3789,glue,1,3.893626134018611e-05
3790,thrived,1,3.893626134018611e-05
3791,diverging,1,3.893626134018611e-05
3792,primacy,1,3.893626134018611e-05
3793,philosophies,1,3.893626134018611e-05
3794,coup,1,3.893626134018611e-05
3795,stitch,1,3.893626134018611e-05
3796,recover,1,3.893626134018611e-05
3797,apply,1,3.893626134018611e-05
3798,touches,1,3.893626134018611e-05
3799,freefall,1,3.893626134018611e-05
3800,upstage,1,3.893626134018611e-05
3801,trumps,1,3.893626134018611e-05
3802,condemn,1,3.893626134018611e-05
3803,haunted,1,3.893626134018611e-05
3804,influencing,1,3.893626134018611e-05
3805,severely,1,3.893626134018611e-05
3806,punished,1,3.893626134018611e-05
3807,handing,1,3.893626134018611e-05
3808,reprieve,1,3.893626134018611e-05
3809,spill,1,3.893626134018611e-05
3810,ben,1,3.893626134018611e-05
3811,special,1,3.893626134018611e-05
3812,liking,1,3.893626134018611e-05
3813,stitched,1,3.893626134018611e-05
3814,halted,1,3.893626134018611e-05
3815,smash,1,3.893626134018611e-05
3816,groundwork,1,3.893626134018611e-05
3817,engineered,1,3.893626134018611e-05
3818,miserly,1,3.893626134018611e-05
3819,knocks,1,3.893626134018611e-05
3820,variations,1,3.893626134018611e-05
3821,effective,1,3.893626134018611e-05
3822,track,1,3.893626134018611e-05
3823,blood,1,3.893626134018611e-05
3824,breaking,1,3.893626134018611e-05
3825,sweeper,1,3.893626134018611e-05
3826,blazed,1,3.893626134018611e-05
3827,abishek,1,3.893626134018611e-05
3828,tristan,1,3.893626134018611e-05
3829,30b,1,3.893626134018611e-05
3830,8x4,1,3.893626134018611e-05
3831,froma,1,3.893626134018611e-05
3832,changes,1,3.893626134018611e-05
3833,alters,1,3.893626134018611e-05
3834,stroke,1,3.893626134018611e-05
3835,clearest,1,3.893626134018611e-05
3836,measure,1,3.893626134018611e-05
3837,ambition,1,3.893626134018611e-05
3838,reliable,1,3.893626134018611e-05
3839,indicator,1,3.893626134018611e-05
3840,walks,1,3.893626134018611e-05
3841,045,1,3.893626134018611e-05
3842,confined,1,3.893626134018611e-05
3843,woven,1,3.893626134018611e-05
3844,exception,1,3.893626134018611e-05
3845,clearing,1,3.893626134018611e-05
3846,frequently,1,3.893626134018611e-05
3847,standing,1,3.893626134018611e-05
3848,minded,1,3.893626134018611e-05
3849,follows,1,3.893626134018611e-05
3850,contributors,1,3.893626134018611e-05
3851,story,1,3.893626134018611e-05
3852,anchors,1,3.893626134018611e-05
3853,topping,1,3.893626134018611e-05
3854,captured,1,3.893626134018611e-05
3855,rewriting,1,3.893626134018611e-05
3856,bats,1,3.893626134018611e-05
3857,rode,1,3.893626134018611e-05
3858,excruciating,1,3.893626134018611e-05
3859,pins,1,3.893626134018611e-05
3860,worse,1,3.893626134018611e-05
3861,surrender,1,3.893626134018611e-05
3862,tense,1,3.893626134018611e-05
3863,painful,1,3.893626134018611e-05
3864,calf,1,3.893626134018611e-05
3865,glutes,1,3.893626134018611e-05
3866,cramping,1,3.893626134018611e-05
3867,sure,1,3.893626134018611e-05
3868,reporters,1,3.893626134018611e-05
3869,cherished,1,3.893626134018611e-05
3870,situations,1,3.893626134018611e-05
3871,donned,1,3.893626134018611e-05
3872,sliding,1,3.893626134018611e-05
3873,pecking,1,3.893626134018611e-05
3874,harbour,1,3.893626134018611e-05
3875,aspirations,1,3.893626134018611e-05
3876,dreamt,1,3.893626134018611e-05
3877,najmul,1,3.893626134018611e-05
3878,hossain,1,3.893626134018611e-05
3879,haque,1,3.893626134018611e-05
3880,grew,1,3.893626134018611e-05
3881,rahim,1,3.893626134018611e-05
3882,flawless,1,3.893626134018611e-05
3883,raised,1,3.893626134018611e-05
3884,afridi,1,3.893626134018611e-05
3885,medium,1,3.893626134018611e-05
3886,adds,1,3.893626134018611e-05
3887,debut,1,3.893626134018611e-05
3888,aesthetically,1,3.893626134018611e-05
3889,pleasing,1,3.893626134018611e-05
3890,wrinkles,1,3.893626134018611e-05
3891,demanding,1,3.893626134018611e-05
3892,delicate,1,3.893626134018611e-05
3893,effectiveness,1,3.893626134018611e-05
3894,barely,1,3.893626134018611e-05
3895,diminished,1,3.893626134018611e-05
3896,glimpse,1,3.893626134018611e-05
3897,otherworldly,1,3.893626134018611e-05
3898,accuracy,1,3.893626134018611e-05
3899,extract,1,3.893626134018611e-05
3900,riveting,1,3.893626134018611e-05
3901,incentive,1,3.893626134018611e-05
3902,driving,1,3.893626134018611e-05
3903,slightly,1,3.893626134018611e-05
3904,maybe,1,3.893626134018611e-05
3905,cliche,1,3.893626134018611e-05
3906,wanting,1,3.893626134018611e-05
3907,tired,1,3.893626134018611e-05
3908,translates,1,3.893626134018611e-05
3909,field,1,3.893626134018611e-05
3910,debuted,1,3.893626134018611e-05
3911,mental,1,3.893626134018611e-05
3912,aspect,1,3.893626134018611e-05
3913,accepting,1,3.893626134018611e-05
3914,differently,1,3.893626134018611e-05
3915,helping,1,3.893626134018611e-05
3916,relevant,1,3.893626134018611e-05
3917,elucidated,1,3.893626134018611e-05
3918,conversation,1,3.893626134018611e-05
3919,uttar,1,3.893626134018611e-05
3920,pradesh,1,3.893626134018611e-05
3921,operating,1,3.893626134018611e-05
3922,loftiest,1,3.893626134018611e-05
3923,tumbling,1,3.893626134018611e-05
3924,regularly,1,3.893626134018611e-05
3925,crease,1,3.893626134018611e-05
3926,column,1,3.893626134018611e-05
3927,swinging,1,3.893626134018611e-05
3928,sign,1,3.893626134018611e-05
3929,fortnight,1,3.893626134018611e-05
3930,casually,1,3.893626134018611e-05
3931,mentioned,1,3.893626134018611e-05
3932,clip,1,3.893626134018611e-05
3933,pages,1,3.893626134018611e-05
3934,carry,1,3.893626134018611e-05
3935,soundtrack,1,3.893626134018611e-05
3936,echoing,1,3.893626134018611e-05
3937,misfortune,1,3.893626134018611e-05
3938,scream,1,3.893626134018611e-05
3939,inevitability,1,3.893626134018611e-05
3940,flashes,1,3.893626134018611e-05
3941,menace,1,3.893626134018611e-05
3942,attacking,1,3.893626134018611e-05
3943,instinct,1,3.893626134018611e-05
3944,nudging,1,3.893626134018611e-05
3945,resembles,1,3.893626134018611e-05
3946,importantly,1,3.893626134018611e-05
3947,burdened,1,3.893626134018611e-05
3948,pursuing,1,3.893626134018611e-05
3949,excess,1,3.893626134018611e-05
3950,afternoon,1,3.893626134018611e-05
3951,uninhibited,1,3.893626134018611e-05
3952,equalling,1,3.893626134018611e-05
3953,does,1,3.893626134018611e-05
3954,blindly,1,3.893626134018611e-05
3955,method,1,3.893626134018611e-05
3956,base,1,3.893626134018611e-05
3957,stable,1,3.893626134018611e-05
3958,identifies,1,3.893626134018611e-05
3959,commits,1,3.893626134018611e-05
3960,fully,1,3.893626134018611e-05
3961,evidence,1,3.893626134018611e-05
3962,representing,1,3.893626134018611e-05
3963,syed,1,3.893626134018611e-05
3964,mushtaq,1,3.893626134018611e-05
3965,tripura,1,3.893626134018611e-05
3966,arriving,1,3.893626134018611e-05
3967,services,1,3.893626134018611e-05
3968,compelling,1,3.893626134018611e-05
3969,perhaps,1,3.893626134018611e-05
3970,precisely,1,3.893626134018611e-05
3971,identity,1,3.893626134018611e-05
3972,represents,1,3.893626134018611e-05
3973,spectrum,1,3.893626134018611e-05
3974,instinctive,1,3.893626134018611e-05
3975,unapologetically,1,3.893626134018611e-05
3976,4x100m,1,3.893626134018611e-05
3977,trailed,1,3.893626134018611e-05
3978,accomplished,1,3.893626134018611e-05
3979,4x400m,1,3.893626134018611e-05
3980,continental,1,3.893626134018611e-05
3981,global,1,3.893626134018611e-05
3982,exchanges,1,3.893626134018611e-05
3983,lane,1,3.893626134018611e-05
3984,infringement,1,3.893626134018611e-05
3985,setbacks,1,3.893626134018611e-05
3986,reinforced,1,3.893626134018611e-05
3987,quartet,1,3.893626134018611e-05
3988,exchange,1,3.893626134018611e-05
3989,ironically,1,3.893626134018611e-05
3990,kujur,1,3.893626134018611e-05
3991,manikanta,1,3.893626134018611e-05
3992,hoblidhar,1,3.893626134018611e-05
3993,amlan,1,3.893626134018611e-05
3994,borgohain,1,3.893626134018611e-05
3995,persisted,1,3.893626134018611e-05
3996,gaborone,1,3.893626134018611e-05
3997,botswana,1,3.893626134018611e-05
3998,heats,1,3.893626134018611e-05
3999,santosh,1,3.893626134018611e-05
4000,raut,1,3.893626134018611e-05
4001,handled,1,3.893626134018611e-05
4002,oversees,1,3.893626134018611e-05
4003,programme,1,3.893626134018611e-05
4004,believes,1,3.893626134018611e-05
4005,greater,1,3.893626134018611e-05
4006,refinements,1,3.893626134018611e-05
4007,hadn,1,3.893626134018611e-05
4008,travelled,1,3.893626134018611e-05
4009,alone,1,3.893626134018611e-05
4010,standard,1,3.893626134018611e-05
4011,inevitable,1,3.893626134018611e-05
4012,pointing,1,3.893626134018611e-05
4013,inexperience,1,3.893626134018611e-05
4014,tamilarasu,1,3.893626134018611e-05
4015,disrupted,1,3.893626134018611e-05
4016,choice,1,3.893626134018611e-05
4017,risky,1,3.893626134018611e-05
4018,saudi,1,3.893626134018611e-05
4019,arabia,1,3.893626134018611e-05
4020,briton,1,3.893626134018611e-05
4021,kohar,1,3.893626134018611e-05
4022,mirabai,1,3.893626134018611e-05
4023,chanu,1,3.893626134018611e-05
4024,occasion,1,3.893626134018611e-05
4025,177kg,1,3.893626134018611e-05
4026,78kg,1,3.893626134018611e-05
4027,99kg,1,3.893626134018611e-05
4028,193kg,1,3.893626134018611e-05
4029,112kg,1,3.893626134018611e-05
4030,fang,1,3.893626134018611e-05
4031,ling,1,3.893626134018611e-05
4032,kochar,1,3.893626134018611e-05
4033,retains,1,3.893626134018611e-05
4034,council,1,3.893626134018611e-05
4035,annual,1,3.893626134018611e-05
4036,review,1,3.893626134018611e-05
4037,retained,1,3.893626134018611e-05
4038,elite,1,3.893626134018611e-05
4039,jeff,1,3.893626134018611e-05
4040,crowe,1,3.893626134018611e-05
4041,ranjan,1,3.893626134018611e-05
4042,madugalle,1,3.893626134018611e-05
4043,andrew,1,3.893626134018611e-05
4044,pycroft,1,3.893626134018611e-05
4045,zim,1,3.893626134018611e-05
4046,richie,1,3.893626134018611e-05
4047,richardson,1,3.893626134018611e-05
4048,wi,1,3.893626134018611e-05
4049,javagal,1,3.893626134018611e-05
4050,srinath,1,3.893626134018611e-05
4051,dharmasena,1,3.893626134018611e-05
4052,gaffaney,1,3.893626134018611e-05
4053,adrian,1,3.893626134018611e-05
4054,holdstock,1,3.893626134018611e-05
4055,illingworth,1,3.893626134018611e-05
4056,kettleborough,1,3.893626134018611e-05
4057,menon,1,3.893626134018611e-05
4058,allahuddien,1,3.893626134018611e-05
4059,paleker,1,3.893626134018611e-05
4060,ahsan,1,3.893626134018611e-05
4061,raza,1,3.893626134018611e-05
4062,pak,1,3.893626134018611e-05
4063,paul,1,3.893626134018611e-05
4064,reiffel,1,3.893626134018611e-05
4065,sharfuddoula,1,3.893626134018611e-05
4066,ibne,1,3.893626134018611e-05
4067,shahid,1,3.893626134018611e-05
4068,ban,1,3.893626134018611e-05
4069,tucker,1,3.893626134018611e-05
4070,wharf,1,3.893626134018611e-05
4071,tigresses,1,3.893626134018611e-05
4072,lose,1,3.893626134018611e-05
4073,afc,1,3.893626134018611e-05
4074,suzhou,1,3.893626134018611e-05
4075,booked,1,3.893626134018611e-05
4076,morocco,1,3.893626134018611e-05
4077,qinyi,1,3.893626134018611e-05
4078,yuxi,1,3.893626134018611e-05
4079,qixian,1,3.893626134018611e-05
4080,thrashed,1,3.893626134018611e-05
4081,loses,1,3.893626134018611e-05
4082,egyptian,1,3.893626134018611e-05
4083,mostafa,1,3.893626134018611e-05
4084,compatriots,1,3.893626134018611e-05
4085,paper,1,3.893626134018611e-05
4086,send,1,3.893626134018611e-05
4087,shivers,1,3.893626134018611e-05
4088,forgettable,1,3.893626134018611e-05
4089,nosedived,1,3.893626134018611e-05
4090,blistering,1,3.893626134018611e-05
4091,hitter,1,3.893626134018611e-05
4092,armoury,1,3.893626134018611e-05
4093,tom,1,3.893626134018611e-05
4094,admitted,1,3.893626134018611e-05
4095,hurt,1,3.893626134018611e-05
4096,broad,1,3.893626134018611e-05
4097,lens,1,3.893626134018611e-05
4098,required,1,3.893626134018611e-05
4099,spoke,1,3.893626134018611e-05
4100,lankan,1,3.893626134018611e-05
4101,wanindu,1,3.893626134018611e-05
4102,puzzle,1,3.893626134018611e-05
4103,stack,1,3.893626134018611e-05
4104,rakhi,1,3.893626134018611e-05
4105,navya,1,3.893626134018611e-05
4106,diya,1,3.893626134018611e-05
4107,jyoti,1,3.893626134018611e-05
4108,vanshika,1,3.893626134018611e-05
4109,gurseerat,1,3.893626134018611e-05
4110,mamta,1,3.893626134018611e-05
4111,murlidhar,1,3.893626134018611e-05
4112,manjunath,1,3.893626134018611e-05
4113,lamani,1,3.893626134018611e-05
4114,ishika,1,3.893626134018611e-05
4115,harnoor,1,3.893626134018611e-05
4116,cropper,1,3.893626134018611e-05
4117,office,1,3.893626134018611e-05
4118,tall,1,3.893626134018611e-05
4119,song,1,3.893626134018611e-05
4120,landed,1,3.893626134018611e-05
4121,percentage,1,3.893626134018611e-05
4122,cash,1,3.893626134018611e-05
4123,weapon,1,3.893626134018611e-05
4124,awkward,1,3.893626134018611e-05
4125,shoulder,1,3.893626134018611e-05
4126,czech,1,3.893626134018611e-05
4127,republic,1,3.893626134018611e-05
4128,adjacent,1,3.893626134018611e-05
4129,grit,1,3.893626134018611e-05
4130,serbia,1,3.893626134018611e-05
4131,mex,1,3.893626134018611e-05
4132,fails,1,3.893626134018611e-05
4133,goalless,1,3.893626134018611e-05
4134,entertaining,1,3.893626134018611e-05
4135,disappointment,1,3.893626134018611e-05
4136,archrival,1,3.893626134018611e-05
4137,penetration,1,3.893626134018611e-05
4138,hour,1,3.893626134018611e-05
4139,bipin,1,3.893626134018611e-05
4140,miguel,1,3.893626134018611e-05
4141,custodian,1,3.893626134018611e-05
4142,threatening,1,3.893626134018611e-05
4143,dani,1,3.893626134018611e-05
4144,ramirez,1,3.893626134018611e-05
4145,booster,1,3.893626134018611e-05
4146,anytime,1,3.893626134018611e-05
4147,consider,1,3.893626134018611e-05
4148,myself,1,3.893626134018611e-05
4149,sharper,1,3.893626134018611e-05
4150,plan,1,3.893626134018611e-05
4151,quota,1,3.893626134018611e-05
4152,timeout,1,3.893626134018611e-05
4153,seaming,1,3.893626134018611e-05
4154,suitable,1,3.893626134018611e-05
4155,reckoned,1,3.893626134018611e-05
4156,tight,1,3.893626134018611e-05
4157,camaraderie,1,3.893626134018611e-05
4158,reflected,1,3.893626134018611e-05
4159,thing,1,3.893626134018611e-05
4160,changer,1,3.893626134018611e-05
4161,balancing,1,3.893626134018611e-05
4162,free,1,3.893626134018611e-05
4163,ofkkr,1,3.893626134018611e-05
4164,ride,1,3.893626134018611e-05
4165,wave,1,3.893626134018611e-05
4166,exhilarating,1,3.893626134018611e-05
4167,adopted,1,3.893626134018611e-05
4168,breathing,1,3.893626134018611e-05
4169,vying,1,3.893626134018611e-05
4170,positives,1,3.893626134018611e-05
4171,leaking,1,3.893626134018611e-05
4172,quietly,1,3.893626134018611e-05
4173,places,1,3.893626134018611e-05
4174,struggle,1,3.893626134018611e-05
4175,conjured,1,3.893626134018611e-05
4176,characteristic,1,3.893626134018611e-05
4177,concerted,1,3.893626134018611e-05
4178,comparatively,1,3.893626134018611e-05
4179,imperfections,1,3.893626134018611e-05
4180,shake,1,3.893626134018611e-05
4181,carrying,1,3.893626134018611e-05
4182,inch,1,3.893626134018611e-05
4183,coveted,1,3.893626134018611e-05
4184,noisy,1,3.893626134018611e-05
4185,capacity,1,3.893626134018611e-05
4186,obsolete,1,3.893626134018611e-05
4187,overhauled,1,3.893626134018611e-05
4188,jaitley,1,3.893626134018611e-05
4189,unconquerable,1,3.893626134018611e-05
4190,authority,1,3.893626134018611e-05
4191,reduced,1,3.893626134018611e-05
4192,landmark,1,3.893626134018611e-05
4193,footnote,1,3.893626134018611e-05
4194,conditioned,1,3.893626134018611e-05
4195,audience,1,3.893626134018611e-05
4196,expect,1,3.893626134018611e-05
4197,statistical,1,3.893626134018611e-05
4198,anomaly,1,3.893626134018611e-05
4199,unimaginable,1,3.893626134018611e-05
4200,smashing,1,3.893626134018611e-05
4201,wankhede,1,3.893626134018611e-05
4202,pursued,1,3.893626134018611e-05
4203,hunted,1,3.893626134018611e-05
4204,factors,1,3.893626134018611e-05
4205,converged,1,3.893626134018611e-05
4206,revolution,1,3.893626134018611e-05
4207,pitches,1,3.893626134018611e-05
4208,venues,1,3.893626134018611e-05
4209,flatter,1,3.893626134018611e-05
4210,lateral,1,3.893626134018611e-05
4211,seam,1,3.893626134018611e-05
4212,smaller,1,3.893626134018611e-05
4213,dimensions,1,3.893626134018611e-05
4214,increased,1,3.893626134018611e-05
4215,extend,1,3.893626134018611e-05
4216,aided,1,3.893626134018611e-05
4217,dependence,1,3.893626134018611e-05
4218,tailenders,1,3.893626134018611e-05
4219,relatively,1,3.893626134018611e-05
4220,measured,1,3.893626134018611e-05
4221,relentless,1,3.893626134018611e-05
4222,consequences,1,3.893626134018611e-05
4223,profound,1,3.893626134018611e-05
4224,captains,1,3.893626134018611e-05
4225,comfort,1,3.893626134018611e-05
4226,ceased,1,3.893626134018611e-05
4227,exist,1,3.893626134018611e-05
4228,thick,1,3.893626134018611e-05
4229,glory,1,3.893626134018611e-05
4230,dwell,1,3.893626134018611e-05
4231,hence,1,3.893626134018611e-05
4232,emphasised,1,3.893626134018611e-05
4233,brood,1,3.893626134018611e-05
4234,disappointed,1,3.893626134018611e-05
4235,learnings,1,3.893626134018611e-05
4236,bag,1,3.893626134018611e-05
4237,although,1,3.893626134018611e-05
4238,remained,1,3.893626134018611e-05
4239,corner,1,3.893626134018611e-05
4240,qualify,1,3.893626134018611e-05
4241,wound,1,3.893626134018611e-05
4242,appearance,1,3.893626134018611e-05
4243,crucially,1,3.893626134018611e-05
4244,acing,1,3.893626134018611e-05
4245,nerves,1,3.893626134018611e-05
4246,basics,1,3.893626134018611e-05
4247,understanding,1,3.893626134018611e-05
4248,onto,1,3.893626134018611e-05
4249,indeed,1,3.893626134018611e-05
4250,rip,1,3.893626134018611e-05
4251,defend,1,3.893626134018611e-05
4252,style,1,3.893626134018611e-05
4253,gutsy,1,3.893626134018611e-05
4254,invaluable,1,3.893626134018611e-05
4255,irrepressible,1,3.893626134018611e-05
4256,outclassed,1,3.893626134018611e-05
4257,marauding,1,3.893626134018611e-05
4258,anticipated,1,3.893626134018611e-05
4259,stormed,1,3.893626134018611e-05
4260,convincing,1,3.893626134018611e-05
4261,ripped,1,3.893626134018611e-05
4262,ill,1,3.893626134018611e-05
4263,fated,1,3.893626134018611e-05
4264,sluggish,1,3.893626134018611e-05
4265,chokehold,1,3.893626134018611e-05
4266,equally,1,3.893626134018611e-05
4267,quicks,1,3.893626134018611e-05
4268,construct,1,3.893626134018611e-05
4269,southpaws,1,3.893626134018611e-05
4270,wrest,1,3.893626134018611e-05
4271,polished,1,3.893626134018611e-05
4272,drive,1,3.893626134018611e-05
4273,blooded,1,3.893626134018611e-05
4274,slash,1,3.893626134018611e-05
4275,sweep,1,3.893626134018611e-05
4276,wrist,1,3.893626134018611e-05
4277,rocketed,1,3.893626134018611e-05
4278,textbook,1,3.893626134018611e-05
4279,tweaked,1,3.893626134018611e-05
4280,scoops,1,3.893626134018611e-05
4281,slog,1,3.893626134018611e-05
4282,ensure,1,3.893626134018611e-05
4283,outdid,1,3.893626134018611e-05
4284,counterparts,1,3.893626134018611e-05
4285,extracting,1,3.893626134018611e-05
4286,sticky,1,3.893626134018611e-05
4287,teed,1,3.893626134018611e-05
4288,suffocating,1,3.893626134018611e-05
4289,constricting,1,3.893626134018611e-05
4290,menacing,1,3.893626134018611e-05
4291,whisper,1,3.893626134018611e-05
4292,chopping,1,3.893626134018611e-05
4293,fending,1,3.893626134018611e-05
4294,outswinger,1,3.893626134018611e-05
4295,smothered,1,3.893626134018611e-05
4296,resistance,1,3.893626134018611e-05
4297,pat,1,3.893626134018611e-05
4298,9b,1,3.893626134018611e-05
4299,hinge,1,3.893626134018611e-05
4300,st,1,3.893626134018611e-05
4301,bowls,1,3.893626134018611e-05
4302,nahid,1,3.893626134018611e-05
4303,eventful,1,3.893626134018611e-05
4304,mirpur,1,3.893626134018611e-05
4305,bundled,1,3.893626134018611e-05
4306,prising,1,3.893626134018611e-05
4307,decl,1,3.893626134018611e-05
4308,voted,1,3.893626134018611e-05
4309,saint,1,3.893626134018611e-05
4310,germain,1,3.893626134018611e-05
4311,ousmane,1,3.893626134018611e-05
4312,zlatan,1,3.893626134018611e-05
4313,ibrahimovic,1,3.893626134018611e-05
4314,srfi,1,3.893626134018611e-05
4315,technologies,1,3.893626134018611e-05
4316,isa,1,3.893626134018611e-05
4317,talents,1,3.893626134018611e-05
4318,punches,1,3.893626134018611e-05
4319,unanimous,1,3.893626134018611e-05
4320,book,1,3.893626134018611e-05
4321,nuraliev,1,3.893626134018611e-05
4322,nella,1,3.893626134018611e-05
4323,suld,1,3.893626134018611e-05
4324,usukhbaatar,1,3.893626134018611e-05
4325,mgl,1,3.893626134018611e-05
4326,abdulbosit,1,3.893626134018611e-05
4327,yursunboev,1,3.893626134018611e-05
4328,abduvohid,1,3.893626134018611e-05
4329,abdumajidov,1,3.893626134018611e-05
4330,rendering,1,3.893626134018611e-05
4331,serving,1,3.893626134018611e-05
4332,procedure,1,3.893626134018611e-05
4333,reply,1,3.893626134018611e-05
4334,formed,1,3.893626134018611e-05
4335,decides,1,3.893626134018611e-05
4336,criteria,1,3.893626134018611e-05
4337,ineligibility,1,3.893626134018611e-05
4338,checks,1,3.893626134018611e-05
4339,eligibility,1,3.893626134018611e-05
4340,jumping,1,3.893626134018611e-05
4341,weights,1,3.893626134018611e-05
4342,ad,1,3.893626134018611e-05
4343,hoc,1,3.893626134018611e-05
4344,conducted,1,3.893626134018611e-05
4345,grimaced,1,3.893626134018611e-05
4346,bang,1,3.893626134018611e-05
4347,grappler,1,3.893626134018611e-05
4348,umeshfor,1,3.893626134018611e-05
4349,stuns,1,3.893626134018611e-05
4350,withdraws,1,3.893626134018611e-05
4351,rohtak,1,3.893626134018611e-05
4352,hiatus,1,3.893626134018611e-05
4353,armyman,1,3.893626134018611e-05
4354,resumed,1,3.893626134018611e-05
4355,plans,1,3.893626134018611e-05
4356,effected,1,3.893626134018611e-05
4357,takedown,1,3.893626134018611e-05
4358,yesterday,1,3.893626134018611e-05
4359,today,1,3.893626134018611e-05
4360,difficult,1,3.893626134018611e-05
4361,manage,1,3.893626134018611e-05
4362,food,1,3.893626134018611e-05
4363,endurance,1,3.893626134018611e-05
4364,difficulty,1,3.893626134018611e-05
4365,hot,1,3.893626134018611e-05
4366,humid,1,3.893626134018611e-05
4367,malik,1,3.893626134018611e-05
4368,underwent,1,3.893626134018611e-05
4369,knee,1,3.893626134018611e-05
4370,surgery,1,3.893626134018611e-05
4371,lamba,1,3.893626134018611e-05
4372,injuring,1,3.893626134018611e-05
4373,herself,1,3.893626134018611e-05
4374,sanjeev,1,3.893626134018611e-05
4375,sushil,1,3.893626134018611e-05
4376,vinay,1,3.893626134018611e-05
4377,gaurav,1,3.893626134018611e-05
4378,duhoon,1,3.893626134018611e-05
4379,77kg,1,3.893626134018611e-05
4380,baisla,1,3.893626134018611e-05
4381,87kg,1,3.893626134018611e-05
4382,tejpal,1,3.893626134018611e-05
4383,sagar,1,3.893626134018611e-05
4384,97kg,1,3.893626134018611e-05
4385,ashish,1,3.893626134018611e-05
4386,abhimanu,1,3.893626134018611e-05
4387,130kg,1,3.893626134018611e-05
4388,mehar,1,3.893626134018611e-05
4389,vipin,1,3.893626134018611e-05
4390,relieved,1,3.893626134018611e-05
4391,stayed,1,3.893626134018611e-05
4392,wimbledon,1,3.893626134018611e-05
4393,finalist,1,3.893626134018611e-05
4394,normally,1,3.893626134018611e-05
4395,travels,1,3.893626134018611e-05
4396,faster,1,3.893626134018611e-05
4397,unforced,1,3.893626134018611e-05
4398,tentative,1,3.893626134018611e-05
4399,volleys,1,3.893626134018611e-05
4400,familiar,1,3.893626134018611e-05
4401,mitsuki,1,3.893626134018611e-05
4402,wei,1,3.893626134018611e-05
4403,kuan,1,3.893626134018611e-05
4404,ryotaro,1,3.893626134018611e-05
4405,taguchi,1,3.893626134018611e-05
4406,aditya,1,3.893626134018611e-05
4407,vishal,1,3.893626134018611e-05
4408,balsekar,1,3.893626134018611e-05
4409,satwik,1,3.893626134018611e-05
4410,chiragpair,1,3.893626134018611e-05
4411,stiff,1,3.893626134018611e-05
4412,defeating,1,3.893626134018611e-05
4413,indonesia,1,3.893626134018611e-05
4414,maulana,1,3.893626134018611e-05
4415,thrilling,1,3.893626134018611e-05
4416,siblings,1,3.893626134018611e-05
4417,zii,1,3.893626134018611e-05
4418,jia,1,3.893626134018611e-05
4419,taipei,1,3.893626134018611e-05
4420,ketklieng,1,3.893626134018611e-05
4421,shahapurkar,1,3.893626134018611e-05
4422,maula,1,3.893626134018611e-05
4423,england,1,3.893626134018611e-05
4424,tazmin,1,3.893626134018611e-05
4425,brits,1,3.893626134018611e-05
4426,nadine,1,3.893626134018611e-05
4427,klerk,1,3.893626134018611e-05
4428,annerie,1,3.893626134018611e-05
4429,dercksen,1,3.893626134018611e-05
4430,shabnim,1,3.893626134018611e-05
4431,ismail,1,3.893626134018611e-05
4432,sinalo,1,3.893626134018611e-05
4433,jafta,1,3.893626134018611e-05
4434,marizanne,1,3.893626134018611e-05
4435,kapp,1,3.893626134018611e-05
4436,ayabonga,1,3.893626134018611e-05
4437,khaka,1,3.893626134018611e-05
4438,sune,1,3.893626134018611e-05
4439,luus,1,3.893626134018611e-05
4440,karabo,1,3.893626134018611e-05
4441,meso,1,3.893626134018611e-05
4442,nonkululeko,1,3.893626134018611e-05
4443,mlaba,1,3.893626134018611e-05
4444,kayla,1,3.893626134018611e-05
4445,reyneke,1,3.893626134018611e-05
4446,tumi,1,3.893626134018611e-05
4447,sekhukhune,1,3.893626134018611e-05
4448,chloe,1,3.893626134018611e-05
4449,tryon,1,3.893626134018611e-05
4450,dane,1,3.893626134018611e-05
4451,van,1,3.893626134018611e-05
4452,niekerk,1,3.893626134018611e-05
4453,edgbaston,1,3.893626134018611e-05
4454,netherlands,1,3.893626134018611e-05
4455,bristol,1,3.893626134018611e-05
4456,lord,1,3.893626134018611e-05
4457,barren,1,3.893626134018611e-05
4458,denies,1,3.893626134018611e-05
4459,possession,1,3.893626134018611e-05
4460,compact,1,3.893626134018611e-05
4461,habas,1,3.893626134018611e-05
4462,severing,1,3.893626134018611e-05
4463,enalty,1,3.893626134018611e-05
4464,unable,1,3.893626134018611e-05
4465,periods,1,3.893626134018611e-05
4466,asif,1,3.893626134018611e-05
4467,sergio,1,3.893626134018611e-05
4468,lobera,1,3.893626134018611e-05
4469,introduced,1,3.893626134018611e-05
4470,maclaren,1,3.893626134018611e-05
4471,subhasish,1,3.893626134018611e-05
4472,bose,1,3.893626134018611e-05
4473,sharpness,1,3.893626134018611e-05
4474,frustrate,1,3.893626134018611e-05
4475,occasions,1,3.893626134018611e-05
4476,interval,1,3.893626134018611e-05
4477,efforts,1,3.893626134018611e-05
4478,forwards,1,3.893626134018611e-05
4479,breakthrough,1,3.893626134018611e-05
4480,keepsthe,1,3.893626134018611e-05
4481,brewing,1,3.893626134018611e-05
4482,agencies,1,3.893626134018611e-05
4483,mathys,1,3.893626134018611e-05
4484,hero,1,3.893626134018611e-05
4485,villain,1,3.893626134018611e-05
4486,hanging,1,3.893626134018611e-05
4487,ease,1,3.893626134018611e-05
4488,tension,1,3.893626134018611e-05
4489,hotspur,1,3.893626134018611e-05
4490,attempted,1,3.893626134018611e-05
4491,clearance,1,3.893626134018611e-05
4492,wolves,1,3.893626134018611e-05
4493,relegated,1,3.893626134018611e-05
4494,inferior,1,3.893626134018611e-05
4495,roberto,1,3.893626134018611e-05
4496,zerbi,1,3.893626134018611e-05
4497,appointed,1,3.893626134018611e-05
4498,march,1,3.893626134018611e-05
4499,interim,1,3.893626134018611e-05
4500,igor,1,3.893626134018611e-05
4501,tudor,1,3.893626134018611e-05
4502,dating,1,3.893626134018611e-05
4503,chelsea,1,3.893626134018611e-05
4504,whereas,1,3.893626134018611e-05
4505,jonathan,1,3.893626134018611e-05
4506,lashed,1,3.893626134018611e-05
4507,volley,1,3.893626134018611e-05
4508,conte,1,3.893626134018611e-05
4509,calvert,1,3.893626134018611e-05
4510,lewin,1,3.893626134018611e-05
4511,di,1,3.893626134018611e-05
4512,lorenzo,1,3.893626134018611e-05
4513,santos,1,3.893626134018611e-05
4514,bernardeschi,1,3.893626134018611e-05
4515,orsolini,1,3.893626134018611e-05
4516,rayo,1,3.893626134018611e-05
4517,vallecano,1,3.893626134018611e-05
4518,alemao,1,3.893626134018611e-05
4519,girona,1,3.893626134018611e-05
4520,stuani,1,3.893626134018611e-05
4521,euro,1,3.893626134018611e-05
4522,leagues,1,3.893626134018611e-05
4523,triumphant,1,3.893626134018611e-05
4524,barca,1,3.893626134018611e-05
4525,confirmed,1,3.893626134018611e-05
4526,sundaywith,1,3.893626134018611e-05
4527,happy,1,3.893626134018611e-05
4528,visit,1,3.893626134018611e-05
4529,summer,1,3.893626134018611e-05
4530,copa,1,3.893626134018611e-05
4531,cups,1,3.893626134018611e-05
4532,achieving,1,3.893626134018611e-05
4533,feat,1,3.893626134018611e-05
4534,kieron,1,3.893626134018611e-05
4535,pollard,1,3.893626134018611e-05
4536,hales,1,3.893626134018611e-05
4537,warner,1,3.893626134018611e-05
4538,calmer,1,3.893626134018611e-05
4539,met,1,3.893626134018611e-05
4540,knows,1,3.893626134018611e-05
4541,standards,1,3.893626134018611e-05
4542,jasprit,1,3.893626134018611e-05
4543,ropes,1,3.893626134018611e-05
4544,macneil,1,3.893626134018611e-05
4545,awarded,1,3.893626134018611e-05
4546,getter,1,3.893626134018611e-05
4547,col,1,3.893626134018611e-05
4548,nayudu,1,3.893626134018611e-05
4549,woes,1,3.893626134018611e-05
4550,paceroverton,1,3.893626134018611e-05
4551,assessment,1,3.893626134018611e-05
4552,grappled,1,3.893626134018611e-05
4553,closed,1,3.893626134018611e-05
4554,cornerstone,1,3.893626134018611e-05
4555,reputation,1,3.893626134018611e-05
4556,leaned,1,3.893626134018611e-05
4557,metronomic,1,3.893626134018611e-05
4558,skillset,1,3.893626134018611e-05
4559,seize,1,3.893626134018611e-05
4560,snared,1,3.893626134018611e-05
4561,derail,1,3.893626134018611e-05
4562,unchanged,1,3.893626134018611e-05
4563,persisting,1,3.893626134018611e-05
4564,nagging,1,3.893626134018611e-05
4565,maximised,1,3.893626134018611e-05
4566,dampness,1,3.893626134018611e-05
4567,targeting,1,3.893626134018611e-05
4568,slanting,1,3.893626134018611e-05
4569,unerring,1,3.893626134018611e-05
4570,exponents,1,3.893626134018611e-05
4571,modern,1,3.893626134018611e-05
4572,theme,1,3.893626134018611e-05
4573,pointed,1,3.893626134018611e-05
4574,utilise,1,3.893626134018611e-05
4575,allows,1,3.893626134018611e-05
4576,state,1,3.893626134018611e-05
4577,inevitably,1,3.893626134018611e-05
4578,perilous,1,3.893626134018611e-05
4579,aimsto,1,3.893626134018611e-05
4580,snap,1,3.893626134018611e-05
4581,desperate,1,3.893626134018611e-05
4582,turnaround,1,3.893626134018611e-05
4583,slumped,1,3.893626134018611e-05
4584,slip,1,3.893626134018611e-05
4585,scrap,1,3.893626134018611e-05
4586,fifties,1,3.893626134018611e-05
4587,reminiscent,1,3.893626134018611e-05
4588,backbone,1,3.893626134018611e-05
4589,lapses,1,3.893626134018611e-05
4590,cost,1,3.893626134018611e-05
4591,lining,1,3.893626134018611e-05
4592,delivering,1,3.893626134018611e-05
4593,horrid,1,3.893626134018611e-05
4594,speaks,1,3.893626134018611e-05
4595,peaking,1,3.893626134018611e-05
4596,gonsalves,1,3.893626134018611e-05
4597,odds,1,3.893626134018611e-05
4598,favour,1,3.893626134018611e-05
4599,reckoning,1,3.893626134018611e-05
4600,listless,1,3.893626134018611e-05
4601,mood,1,3.893626134018611e-05
4602,dampener,1,3.893626134018611e-05
4603,cruel,1,3.893626134018611e-05
4604,rut,1,3.893626134018611e-05
4605,nailed,1,3.893626134018611e-05
4606,adding,1,3.893626134018611e-05
4607,profligate,1,3.893626134018611e-05
4608,shoddy,1,3.893626134018611e-05
4609,hurting,1,3.893626134018611e-05
4610,unstoppable,1,3.893626134018611e-05
4611,rousing,1,3.893626134018611e-05
4612,cracks,1,3.893626134018611e-05
4613,masked,1,3.893626134018611e-05
4614,weaknesses,1,3.893626134018611e-05
4615,outbatting,1,3.893626134018611e-05
4616,opponents,1,3.893626134018611e-05
4617,19th,1,3.893626134018611e-05
4618,rivals,1,3.893626134018611e-05
4619,uncovered,1,3.893626134018611e-05
4620,downward,1,3.893626134018611e-05
4621,spiral,1,3.893626134018611e-05
4622,holes,1,3.893626134018611e-05
4623,plug,1,3.893626134018611e-05
4624,departments,1,3.893626134018611e-05
4625,approximately,1,3.893626134018611e-05
4626,conceded,1,3.893626134018611e-05
4627,requires,1,3.893626134018611e-05
4628,immediate,1,3.893626134018611e-05
4629,repair,1,3.893626134018611e-05
4630,scalped,1,3.893626134018611e-05
4631,par,1,3.893626134018611e-05
4632,taker,1,3.893626134018611e-05
4633,posed,1,3.893626134018611e-05
4634,trusted,1,3.893626134018611e-05
4635,spite,1,3.893626134018611e-05
4636,specialist,1,3.893626134018611e-05
4637,harmful,1,3.893626134018611e-05
4638,massively,1,3.893626134018611e-05
4639,downfall,1,3.893626134018611e-05
4640,butter,1,3.893626134018611e-05
4641,fingered,1,3.893626134018611e-05
4642,fielders,1,3.893626134018611e-05
4643,dire,1,3.893626134018611e-05
4644,harbours,1,3.893626134018611e-05
4645,masterful,1,3.893626134018611e-05
4646,powers,1,3.893626134018611e-05
4647,duck,1,3.893626134018611e-05
4648,roars,1,3.893626134018611e-05
4649,wristy,1,3.893626134018611e-05
4650,doubts,1,3.893626134018611e-05
4651,vanished,1,3.893626134018611e-05
4652,thin,1,3.893626134018611e-05
4653,nought,1,3.893626134018611e-05
4654,stamped,1,3.893626134018611e-05
4655,overhaul,1,3.893626134018611e-05
4656,pulling,1,3.893626134018611e-05
4657,helmet,1,3.893626134018611e-05
4658,fierce,1,3.893626134018611e-05
4659,slap,1,3.893626134018611e-05
4660,rovman,1,3.893626134018611e-05
4661,powell,1,3.893626134018611e-05
4662,guilty,1,3.893626134018611e-05
4663,dropping,1,3.893626134018611e-05
4664,dolly,1,3.893626134018611e-05
4665,pressed,1,3.893626134018611e-05
4666,accelerator,1,3.893626134018611e-05
4667,considerable,1,3.893626134018611e-05
4668,brisk,1,3.893626134018611e-05
4669,room,1,3.893626134018611e-05
4670,wicketkeeper,1,3.893626134018611e-05
4671,undone,1,3.893626134018611e-05
4672,skidded,1,3.893626134018611e-05
4673,flowing,1,3.893626134018611e-05
4674,settled,1,3.893626134018611e-05
4675,acceleration,1,3.893626134018611e-05
4676,introduction,1,3.893626134018611e-05
4677,collecting,1,3.893626134018611e-05
4678,untroubled,1,3.893626134018611e-05
4679,hander,1,3.893626134018611e-05
4680,sporadic,1,3.893626134018611e-05
4681,proactive,1,3.893626134018611e-05
4682,respectable,1,3.893626134018611e-05
4683,inadequate,1,3.893626134018611e-05
4684,guard,1,3.893626134018611e-05
4685,24b,1,3.893626134018611e-05
4686,29b,1,3.893626134018611e-05
4687,60b,1,3.893626134018611e-05
4688,11x4,1,3.893626134018611e-05
4689,pandey,1,3.893626134018611e-05
4690,saurabh,1,3.893626134018611e-05
4691,anukul,1,3.893626134018611e-05
4692,questions,1,3.893626134018611e-05
4693,foreigners,1,3.893626134018611e-05
4694,askswhy,1,3.893626134018611e-05
4695,aren,1,3.893626134018611e-05
4696,chosen,1,3.893626134018611e-05
4697,uthra,1,3.893626134018611e-05
4698,ganesan,1,3.893626134018611e-05
4699,apparently,1,3.893626134018611e-05
4700,isn,1,3.893626134018611e-05
4701,renew,1,3.893626134018611e-05
4702,appointment,1,3.893626134018611e-05
4703,heard,1,3.893626134018611e-05
4704,dilip,1,3.893626134018611e-05
4705,tirkey,1,3.893626134018611e-05
4706,craig,1,3.893626134018611e-05
4707,fulton,1,3.893626134018611e-05
4708,prefers,1,3.893626134018611e-05
4709,coordination,1,3.893626134018611e-05
4710,developing,1,3.893626134018611e-05
4711,streamlined,1,3.893626134018611e-05
4712,uniform,1,3.893626134018611e-05
4713,structure,1,3.893626134018611e-05
4714,coordinate,1,3.893626134018611e-05
4715,zero,1,3.893626134018611e-05
4716,doesn,1,3.893626134018611e-05
4717,announcement,1,3.893626134018611e-05
4718,expressed,1,3.893626134018611e-05
4719,associated,1,3.893626134018611e-05
4720,various,1,3.893626134018611e-05
4721,european,1,3.893626134018611e-05
4722,officials,1,3.893626134018611e-05
4723,refused,1,3.893626134018611e-05
4724,speak,1,3.893626134018611e-05
4725,general,1,3.893626134018611e-05
4726,bhola,1,3.893626134018611e-05
4727,nath,1,3.893626134018611e-05
4728,wish,1,3.893626134018611e-05
4729,comment,1,3.893626134018611e-05
4730,refutes,1,3.893626134018611e-05
4731,refuted,1,3.893626134018611e-05
4732,removal,1,3.893626134018611e-05
4733,stating,1,3.893626134018611e-05
4734,term,1,3.893626134018611e-05
4735,concluded,1,3.893626134018611e-05
4736,protocol,1,3.893626134018611e-05
4737,advertised,1,3.893626134018611e-05
4738,applicants,1,3.893626134018611e-05
4739,shortlisted,1,3.893626134018611e-05
4740,finalised,1,3.893626134018611e-05
4741,merit,1,3.893626134018611e-05
4742,based,1,3.893626134018611e-05
4743,distinguished,1,3.893626134018611e-05
4744,selected,1,3.893626134018611e-05
4745,shortly,1,3.893626134018611e-05
4746,statement,1,3.893626134018611e-05
4747,furthered,1,3.893626134018611e-05
4748,reconsider,1,3.893626134018611e-05
4749,conveyed,1,3.893626134018611e-05
4750,collectively,1,3.893626134018611e-05
4751,vision,1,3.893626134018611e-05
4752,government,1,3.893626134018611e-05
4753,pathway,1,3.893626134018611e-05
4754,grassroots,1,3.893626134018611e-05
4755,interests,1,3.893626134018611e-05
4756,dons,1,3.893626134018611e-05
4757,busy,1,3.893626134018611e-05
4758,designing,1,3.893626134018611e-05
4759,mentoring,1,3.893626134018611e-05
4760,partnering,1,3.893626134018611e-05
4761,cyrus,1,3.893626134018611e-05
4762,wrong,1,3.893626134018611e-05
4763,involvement,1,3.893626134018611e-05
4764,sought,1,3.893626134018611e-05
4765,permission,1,3.893626134018611e-05
4766,dipika,1,3.893626134018611e-05
4767,pallikal,1,3.893626134018611e-05
4768,original,1,3.893626134018611e-05
4769,walkover,1,3.893626134018611e-05
4770,limited,1,3.893626134018611e-05
4771,sparring,1,3.893626134018611e-05
4772,excited,1,3.893626134018611e-05
4773,happen,1,3.893626134018611e-05
4774,pairs,1,3.893626134018611e-05
4775,byes,1,3.893626134018611e-05
4776,akashay,1,3.893626134018611e-05
4777,parthiban,1,3.893626134018611e-05
4778,vidik,1,3.893626134018611e-05
4779,karkashe,1,3.893626134018611e-05
4780,sonwani,1,3.893626134018611e-05
4781,shinde,1,3.893626134018611e-05
4782,avhad,1,3.893626134018611e-05
4783,surana,1,3.893626134018611e-05
4784,agarwal,1,3.893626134018611e-05
4785,robin,1,3.893626134018611e-05
4786,kriya,1,3.893626134018611e-05
4787,saravanan,1,3.893626134018611e-05
4788,nandikasree,1,3.893626134018611e-05
4789,loh,1,3.893626134018611e-05
4790,kean,1,3.893626134018611e-05
4791,yew,1,3.893626134018611e-05
4792,kodai,1,3.893626134018611e-05
4793,naraoka,1,3.893626134018611e-05
4794,koki,1,3.893626134018611e-05
4795,watanabe,1,3.893626134018611e-05
4796,tharun,1,3.893626134018611e-05
4797,mannepalli,1,3.893626134018611e-05
4798,teh,1,3.893626134018611e-05
4799,tung,1,3.893626134018611e-05
4800,ciou,1,3.893626134018611e-05
4801,tong,1,3.893626134018611e-05
4802,pornpawee,1,3.893626134018611e-05
4803,chochuwong,1,3.893626134018611e-05
4804,unnati,1,3.893626134018611e-05
4805,anmol,1,3.893626134018611e-05
4806,kharb,1,3.893626134018611e-05
4807,hina,1,3.893626134018611e-05
4808,akechi,1,3.893626134018611e-05
4809,natsuki,1,3.893626134018611e-05
4810,nidaira,1,3.893626134018611e-05
4811,wen,1,3.893626134018611e-05
4812,zhang,1,3.893626134018611e-05
4813,thalita,1,3.893626134018611e-05
4814,wiryawan,1,3.893626134018611e-05
4815,isharani,1,3.893626134018611e-05
4816,baruah,1,3.893626134018611e-05
4817,ashith,1,3.893626134018611e-05
4818,surya,1,3.893626134018611e-05
4819,amrutha,1,3.893626134018611e-05
4820,pramuthesh,1,3.893626134018611e-05
4821,mathias,1,3.893626134018611e-05
4822,christiansen,1,3.893626134018611e-05
4823,alexandra,1,3.893626134018611e-05
4824,boje,1,3.893626134018611e-05
4825,tanisha,1,3.893626134018611e-05
4826,crasto,1,3.893626134018611e-05
4827,kapila,1,3.893626134018611e-05
4828,supak,1,3.893626134018611e-05
4829,jomkoh,1,3.893626134018611e-05
4830,ornnicha,1,3.893626134018611e-05
4831,jongsathapornparn,1,3.893626134018611e-05
4832,ruthvika,1,3.893626134018611e-05
4833,gadde,1,3.893626134018611e-05
4834,downpooja,1,3.893626134018611e-05
4835,levelled,1,3.893626134018611e-05
4836,gathered,1,3.893626134018611e-05
4837,reclaim,1,3.893626134018611e-05
4838,rendered,1,3.893626134018611e-05
4839,lop,1,3.893626134018611e-05
4840,recorded,1,3.893626134018611e-05
4841,participant,1,3.893626134018611e-05
4842,ankush,1,3.893626134018611e-05
4843,rachana,1,3.893626134018611e-05
4844,nisha,1,3.893626134018611e-05
4845,naina,1,3.893626134018611e-05
4846,sito,1,3.893626134018611e-05
4847,dishun,1,3.893626134018611e-05
4848,68kg,1,3.893626134018611e-05
4849,anshu,1,3.893626134018611e-05
4850,bhateri,1,3.893626134018611e-05
4851,bipasha,1,3.893626134018611e-05
4852,riya,1,3.893626134018611e-05
4853,kaushik,1,3.893626134018611e-05
4854,qualifies,1,3.893626134018611e-05
4855,cl,1,3.893626134018611e-05
4856,consolidated,1,3.893626134018611e-05
4857,guarantee,1,3.893626134018611e-05
4858,english,1,3.893626134018611e-05
4859,ademola,1,3.893626134018611e-05
4860,15th,1,3.893626134018611e-05
4861,javi,1,3.893626134018611e-05
4862,galan,1,3.893626134018611e-05
4863,carded,1,3.893626134018611e-05
4864,handball,1,3.893626134018611e-05
4865,alexander,1,3.893626134018611e-05
4866,norwegian,1,3.893626134018611e-05
4867,aitor,1,3.893626134018611e-05
4868,fernandez,1,3.893626134018611e-05
4869,tighter,1,3.893626134018611e-05
4870,91pts,1,3.893626134018611e-05
4871,celta,1,3.893626134018611e-05
4872,vigo,1,3.893626134018611e-05
4873,jutgla,1,3.893626134018611e-05
4874,levante,1,3.893626134018611e-05
4875,arriaga,1,3.893626134018611e-05
4876,fuente,1,3.893626134018611e-05
4877,brugue,1,3.893626134018611e-05
4878,fornals,1,3.893626134018611e-05
4879,fort,1,3.893626134018611e-05
4880,osasuma,1,3.893626134018611e-05
4881,fluent,1,3.893626134018611e-05
4882,fairly,1,3.893626134018611e-05
4883,ranks,1,3.893626134018611e-05
4884,composure,1,3.893626134018611e-05
4885,excelled,1,3.893626134018611e-05
4886,forehand,1,3.893626134018611e-05
4887,midway,1,3.893626134018611e-05
4888,illness,1,3.893626134018611e-05
4889,dependable,1,3.893626134018611e-05
4890,wane,1,3.893626134018611e-05
4891,premature,1,3.893626134018611e-05
4892,inspires,1,3.893626134018611e-05
4893,philadelphia,1,3.893626134018611e-05
4894,scottie,1,3.893626134018611e-05
4895,feelings,1,3.893626134018611e-05
4896,inspiration,1,3.893626134018611e-05
4897,masters,1,3.893626134018611e-05
4898,heritage,1,3.893626134018611e-05
4899,doral,1,3.893626134018611e-05
4900,hurts,1,3.893626134018611e-05
4901,30th,1,3.893626134018611e-05
4902,cabinet,1,3.893626134018611e-05
4903,bags,1,3.893626134018611e-05
4904,88kg,1,3.893626134018611e-05
4905,194kg,1,3.893626134018611e-05
4906,jinlan,1,3.893626134018611e-05
4907,zhao,1,3.893626134018611e-05
4908,216kg,1,3.893626134018611e-05
4909,vietnam,1,3.893626134018611e-05
4910,hoai,1,3.893626134018611e-05
4911,huong,1,3.893626134018611e-05
4912,nguyen,1,3.893626134018611e-05
4913,195kg,1,3.893626134018611e-05
4914,tomar,1,3.893626134018611e-05
4915,woman,1,3.893626134018611e-05
4916,land,1,3.893626134018611e-05
4917,keen,1,3.893626134018611e-05
4918,mega,1,3.893626134018611e-05
4919,kids,1,3.893626134018611e-05
4920,sisolia,1,3.893626134018611e-05
4921,meerut,1,3.893626134018611e-05
4922,district,1,3.893626134018611e-05
4923,hoping,1,3.893626134018611e-05
4924,arjuna,1,3.893626134018611e-05
4925,witnessing,1,3.893626134018611e-05
4926,boost,1,3.893626134018611e-05
4927,fondly,1,3.893626134018611e-05
4928,remembers,1,3.893626134018611e-05
4929,famous,1,3.893626134018611e-05
4930,verbeek,1,3.893626134018611e-05
4931,learn,1,3.893626134018611e-05
4932,guruji,1,3.893626134018611e-05
4933,forget,1,3.893626134018611e-05
4934,wrap,1,3.893626134018611e-05
4935,applied,1,3.893626134018611e-05
4936,technique,1,3.893626134018611e-05
4937,pinned,1,3.893626134018611e-05
4938,backing,1,3.893626134018611e-05
4939,surreal,1,3.893626134018611e-05
4940,fitness,1,3.893626134018611e-05
4941,resolve,1,3.893626134018611e-05
4942,eventual,1,3.893626134018611e-05
4943,ayako,1,3.893626134018611e-05
4944,shoda,1,3.893626134018611e-05
4945,trainees,1,3.893626134018611e-05
4946,inspired,1,3.893626134018611e-05
4947,stories,1,3.893626134018611e-05
4948,heed,1,3.893626134018611e-05
4949,advice,1,3.893626134018611e-05
4950,seat,1,3.893626134018611e-05
4951,house,1,3.893626134018611e-05
4952,ducks,1,3.893626134018611e-05
4953,easy,1,3.893626134018611e-05
4954,involved,1,3.893626134018611e-05
4955,kind,1,3.893626134018611e-05
4956,rued,1,3.893626134018611e-05
4957,unavailability,1,3.893626134018611e-05
4958,fracture,1,3.893626134018611e-05
4959,dian,1,3.893626134018611e-05
4960,destructive,1,3.893626134018611e-05
4961,backs,1,3.893626134018611e-05
4962,brevisto,1,3.893626134018611e-05
4963,hopeful,1,3.893626134018611e-05
4964,acutely,1,3.893626134018611e-05
4965,avoid,1,3.893626134018611e-05
4966,complacency,1,3.893626134018611e-05
4967,ekana,1,3.893626134018611e-05
4968,prevailed,1,3.893626134018611e-05
4969,thereby,1,3.893626134018611e-05
4970,army,1,3.893626134018611e-05
4971,progressing,1,3.893626134018611e-05
4972,knockouts,1,3.893626134018611e-05
4973,daunting,1,3.893626134018611e-05
4974,twin,1,3.893626134018611e-05
4975,setback,1,3.893626134018611e-05
4976,areas,1,3.893626134018611e-05
4977,concern,1,3.893626134018611e-05
4978,straightforward,1,3.893626134018611e-05
4979,stretching,1,3.893626134018611e-05
4980,sorts,1,3.893626134018611e-05
4981,proves,1,3.893626134018611e-05
4982,costly,1,3.893626134018611e-05
4983,strength,1,3.893626134018611e-05
4984,unburdened,1,3.893626134018611e-05
4985,expectations,1,3.893626134018611e-05
4986,cheer,1,3.893626134018611e-05
4987,khaleel,1,3.893626134018611e-05
4988,nathan,1,3.893626134018611e-05
4989,ellis,1,3.893626134018611e-05
4990,niggles,1,3.893626134018611e-05
4991,nursing,1,3.893626134018611e-05
4992,unfortunate,1,3.893626134018611e-05
4993,zealand,1,3.893626134018611e-05
4994,pattern,1,3.893626134018611e-05
4995,strain,1,3.893626134018611e-05
4996,blind,1,3.893626134018611e-05
4997,recovery,1,3.893626134018611e-05
4998,professional,1,3.893626134018611e-05
4999,slow,1,3.893626134018611e-05
5000,youngsters,1,3.893626134018611e-05
5001,stepped,1,3.893626134018611e-05
5002,wouldn,1,3.893626134018611e-05
5003,repaying,1,3.893626134018611e-05
5004,faith,1,3.893626134018611e-05
5005,waxed,1,3.893626134018611e-05
5006,lyrical,1,3.893626134018611e-05
5007,fortunate,1,3.893626134018611e-05
5008,ridiculously,1,3.893626134018611e-05
5009,australian,1,3.893626134018611e-05
5010,soorayavanshi,1,3.893626134018611e-05
5011,explosion,1,3.893626134018611e-05
5012,blowing,1,3.893626134018611e-05
5013,navigate,1,3.893626134018611e-05
5014,displayed,1,3.893626134018611e-05
5015,immense,1,3.893626134018611e-05
5016,maturity,1,3.893626134018611e-05
5017,exceptional,1,3.893626134018611e-05
5018,lanky,1,3.893626134018611e-05
5019,tallied,1,3.893626134018611e-05
5020,impressed,1,3.893626134018611e-05
5021,nipping,1,3.893626134018611e-05
5022,initially,1,3.893626134018611e-05
5023,bhuvi,1,3.893626134018611e-05
5024,astute,1,3.893626134018611e-05
5025,paced,1,3.893626134018611e-05
5026,angles,1,3.893626134018611e-05
5027,uncomfortable,1,3.893626134018611e-05
5028,belonged,1,3.893626134018611e-05
5029,cool,1,3.893626134018611e-05
5030,mounting,1,3.893626134018611e-05
5031,squandered,1,3.893626134018611e-05
5032,gut,1,3.893626134018611e-05
5033,needing,1,3.893626134018611e-05
5034,believing,1,3.893626134018611e-05
5035,ruthurford,1,3.893626134018611e-05
5036,inventive,1,3.893626134018611e-05
5037,switch,1,3.893626134018611e-05
5038,nudged,1,3.893626134018611e-05
5039,pummel,1,3.893626134018611e-05
5040,depositing,1,3.893626134018611e-05
5041,duly,1,3.893626134018611e-05
5042,ideal,1,3.893626134018611e-05
5043,strive,1,3.893626134018611e-05
5044,tailspin,1,3.893626134018611e-05
5045,prospect,1,3.893626134018611e-05
5046,flurry,1,3.893626134018611e-05
5047,reprieves,1,3.893626134018611e-05
5048,dragged,1,3.893626134018611e-05
5049,srinivas,1,3.893626134018611e-05
5050,ongoing,1,3.893626134018611e-05
5051,explosiveness,1,3.893626134018611e-05
5052,dasher,1,3.893626134018611e-05
5053,blockbuster,1,3.893626134018611e-05
5054,microcosm,1,3.893626134018611e-05
5055,display,1,3.893626134018611e-05
5056,risks,1,3.893626134018611e-05
5057,shine,1,3.893626134018611e-05
5058,amassed,1,3.893626134018611e-05
5059,closest,1,3.893626134018611e-05
5060,belligerent,1,3.893626134018611e-05
5061,smack,1,3.893626134018611e-05
5062,dominate,1,3.893626134018611e-05
5063,stats,1,3.893626134018611e-05
5064,numbers,1,3.893626134018611e-05
5065,soaring,1,3.893626134018611e-05
5066,22b,1,3.893626134018611e-05
5067,vishnu,1,3.893626134018611e-05
5068,vinod,1,3.893626134018611e-05
5069,xavier,1,3.893626134018611e-05
5070,26b,1,3.893626134018611e-05
5071,21b,1,3.893626134018611e-05
5072,narayana,1,3.893626134018611e-05
5073,71kg,1,3.893626134018611e-05
5074,314kg,1,3.893626134018611e-05
5075,174kg,1,3.893626134018611e-05
5076,ju,1,3.893626134018611e-05
5077,ri,1,3.893626134018611e-05
5078,351kg,1,3.893626134018611e-05
5079,jian,1,3.893626134018611e-05
5080,335kg,1,3.893626134018611e-05
5081,flying,1,3.893626134018611e-05
5082,feelat,1,3.893626134018611e-05
5083,fixturesat,1,3.893626134018611e-05
5084,talisman,1,3.893626134018611e-05
5085,verge,1,3.893626134018611e-05
5086,recording,1,3.893626134018611e-05
5087,culminating,1,3.893626134018611e-05
5088,question,1,3.893626134018611e-05
5089,entering,1,3.893626134018611e-05
5090,whether,1,3.893626134018611e-05
5091,wonder,1,3.893626134018611e-05
5092,sit,1,3.893626134018611e-05
5093,atop,1,3.893626134018611e-05
5094,chinnaswamy,1,3.893626134018611e-05
5095,unlike,1,3.893626134018611e-05
5096,adaptability,1,3.893626134018611e-05
5097,surpassing,1,3.893626134018611e-05
5098,internationals,1,3.893626134018611e-05
5099,blue,1,3.893626134018611e-05
5100,decades,1,3.893626134018611e-05
5101,underlining,1,3.893626134018611e-05
5102,longevity,1,3.893626134018611e-05
5103,volume,1,3.893626134018611e-05
5104,shaping,1,3.893626134018611e-05
5105,quickly,1,3.893626134018611e-05
5106,increasingly,1,3.893626134018611e-05
5107,characteristics,1,3.893626134018611e-05
5108,strongest,1,3.893626134018611e-05
5109,combinationmakes,1,3.893626134018611e-05
5110,semifinal,1,3.893626134018611e-05
5111,combining,1,3.893626134018611e-05
5112,triathlon,1,3.893626134018611e-05
5113,fittingly,1,3.893626134018611e-05
5114,meyappan,1,3.893626134018611e-05
5115,kalaivanan,1,3.893626134018611e-05
5116,shanmugham,1,3.893626134018611e-05
5117,roshan,1,3.893626134018611e-05
5118,rajkumar,1,3.893626134018611e-05
5119,nirupama,1,3.893626134018611e-05
5120,shameena,1,3.893626134018611e-05
5121,riaz,1,3.893626134018611e-05
5122,scalp,1,3.893626134018611e-05
5123,fledgling,1,3.893626134018611e-05
5124,saved,1,3.893626134018611e-05
5125,breaker,1,3.893626134018611e-05
5126,sealed,1,3.893626134018611e-05
5127,counter,1,3.893626134018611e-05
5128,servers,1,3.893626134018611e-05
5129,suddenly,1,3.893626134018611e-05
5130,countering,1,3.893626134018611e-05
5131,serb,1,3.893626134018611e-05
5132,grigoriy,1,3.893626134018611e-05
5133,lomakin,1,3.893626134018611e-05
5134,sergey,1,3.893626134018611e-05
5135,betov,1,3.893626134018611e-05
5136,jeevan,1,3.893626134018611e-05
5137,nedunchezhiyan,1,3.893626134018611e-05
5138,sinha,1,3.893626134018611e-05
5139,jeffrey,1,3.893626134018611e-05
5140,chuan,1,3.893626134018611e-05
5141,adil,1,3.893626134018611e-05
5142,kalyanpur,1,3.893626134018611e-05
5143,pugilists,1,3.893626134018611e-05
5144,closely,1,3.893626134018611e-05
5145,triumphed,1,3.893626134018611e-05
5146,odina,1,3.893626134018611e-05
5147,yusupova,1,3.893626134018611e-05
5148,nurzhanat,1,3.893626134018611e-05
5149,beknazar,1,3.893626134018611e-05
5150,bominakhon,1,3.893626134018611e-05
5151,han,1,3.893626134018611e-05
5152,hsi,1,3.893626134018611e-05
5153,abd,1,3.893626134018611e-05
5154,sabrina,1,3.893626134018611e-05
5155,adilkhanova,1,3.893626134018611e-05
5156,mukaddas,1,3.893626134018611e-05
5157,zokirova,1,3.893626134018611e-05
5158,aiaru,1,3.893626134018611e-05
5159,faizullayeva,1,3.893626134018611e-05
5160,ulugbekova,1,3.893626134018611e-05
5161,khonzodabegim,1,3.893626134018611e-05
5162,baratova,1,3.893626134018611e-05
5163,sayat,1,3.893626134018611e-05
5164,rakhymberdi,1,3.893626134018611e-05
5165,fayozbek,1,3.893626134018611e-05
5166,noraliev,1,3.893626134018611e-05
5167,beibarys,1,3.893626134018611e-05
5168,koishybay,1,3.893626134018611e-05
5169,javohir,1,3.893626134018611e-05
5170,nematjonov,1,3.893626134018611e-05
5171,karimjonov,1,3.893626134018611e-05
5172,amanzhan,1,3.893626134018611e-05
5173,zhanay,1,3.893626134018611e-05
5174,shuttlers,1,3.893626134018611e-05
5175,advanced,1,3.893626134018611e-05
5176,bdminton,1,3.893626134018611e-05
5177,denmark,1,3.893626134018611e-05
5178,akane,1,3.893626134018611e-05
5179,yamaguchi,1,3.893626134018611e-05
5180,kunlavut,1,3.893626134018611e-05
5181,vitidsarn,1,3.893626134018611e-05
5182,takumi,1,3.893626134018611e-05
5183,nomura,1,3.893626134018611e-05
5184,yuichi,1,3.893626134018611e-05
5185,shimogami,1,3.893626134018611e-05
5186,crashed,1,3.893626134018611e-05
5187,lasting,1,3.893626134018611e-05
5188,banod,1,3.893626134018611e-05
5189,exited,1,3.893626134018611e-05
5190,sees,1,3.893626134018611e-05
5191,string,1,3.893626134018611e-05
5192,captivating,1,3.893626134018611e-05
5193,superior,1,3.893626134018611e-05
5194,suffered,1,3.893626134018611e-05
5195,figure,1,3.893626134018611e-05
5196,hurdle,1,3.893626134018611e-05
5197,vitoria,1,3.893626134018611e-05
5198,semenyo,1,3.893626134018611e-05
5199,marmoush,1,3.893626134018611e-05
5200,savinho,1,3.893626134018611e-05
5201,espanyol,1,3.893626134018611e-05
5202,milla,1,3.893626134018611e-05
5203,garcia,1,3.893626134018611e-05
5204,bilbao,1,3.893626134018611e-05
5205,gerard,1,3.893626134018611e-05
5206,mikautadze,1,3.893626134018611e-05
5207,sevilla,1,3.893626134018611e-05
5208,oso,1,3.893626134018611e-05
5209,salas,1,3.893626134018611e-05
5210,adams,1,3.893626134018611e-05
5211,diabate,1,3.893626134018611e-05
5212,getafe,1,3.893626134018611e-05
5213,satriano,1,3.893626134018611e-05
5214,romero,1,3.893626134018611e-05
5215,mallorca,1,3.893626134018611e-05
5216,mascarell,1,3.893626134018611e-05
5217,clinches,1,3.893626134018611e-05
5218,rome,1,3.893626134018611e-05
5219,milan,1,3.893626134018611e-05
5220,beating,1,3.893626134018611e-05
5221,lazio,1,3.893626134018611e-05
5222,alongside,1,3.893626134018611e-05
5223,21st,1,3.893626134018611e-05
5224,adam,1,3.893626134018611e-05
5225,marusic,1,3.893626134018611e-05
5226,lautaro,1,3.893626134018611e-05
5227,martinez,1,3.893626134018611e-05
5228,tap,1,3.893626134018611e-05
5229,teenage,1,3.893626134018611e-05
5230,prodigy,1,3.893626134018611e-05
5231,nation,1,3.893626134018611e-05
5232,galle,1,3.893626134018611e-05
5233,slated,1,3.893626134018611e-05
5234,riyan,1,3.893626134018611e-05
5235,vice,1,3.893626134018611e-05
5236,badoni,1,3.893626134018611e-05
5237,kushagra,1,3.893626134018611e-05
5238,vipraj,1,3.893626134018611e-05
5239,nigam,1,3.893626134018611e-05
5240,yudhvir,1,3.893626134018611e-05
5241,confirming,1,3.893626134018611e-05
5242,tenure,1,3.893626134018611e-05
5243,frederic,1,3.893626134018611e-05
5244,pipped,1,3.893626134018611e-05
5245,colleague,1,3.893626134018611e-05
5246,vast,1,3.893626134018611e-05
5247,coached,1,3.893626134018611e-05
5248,verdict,1,3.893626134018611e-05
5249,hemanth,1,3.893626134018611e-05
5250,mantra,1,3.893626134018611e-05
5251,motor,1,3.893626134018611e-05
5252,appeals,1,3.893626134018611e-05
5253,restored,1,3.893626134018611e-05
5254,mmsc,1,3.893626134018611e-05
5255,fmsci,1,3.893626134018611e-05
5256,drag,1,3.893626134018611e-05
5257,controversy,1,3.893626134018611e-05
5258,stemmed,1,3.893626134018611e-05
5259,alleged,1,3.893626134018611e-05
5260,contested,1,3.893626134018611e-05
5261,maintaining,1,3.893626134018611e-05
5262,ruling,1,3.893626134018611e-05
5263,restores,1,3.893626134018611e-05
5264,madras,1,3.893626134018611e-05
5265,historic,1,3.893626134018611e-05
5266,decorated,1,3.893626134018611e-05
5267,wheeler,1,3.893626134018611e-05
5268,motorsport,1,3.893626134018611e-05
