unique_word_id,word,frequency,posterior_probability
1,the,1397,0.061253124040864644
2,in,614,0.02692155917043013
3,to,601,0.026351558731968254
4,of,563,0.02468540360415662
5,and,545,0.02389617222782479
6,on,298,0.013066163897049152
7,said,218,0.009558468891129917
8,that,215,0.009426930328407945
9,for,208,0.009120007015390012
10,mr,182,0.00798000613846626
11,with,180,0.00789231376331828
12,as,162,0.007103082386986452
13,is,154,0.006752312886394528
14,he,131,0.005743850572192748
15,it,127,0.005568465821896786
16,has,118,0.0051738501337308725
17,was,116,0.005086157758582891
18,by,112,0.0049107730082869295
19,from,98,0.004296926382251064
20,at,96,0.004209234007103082
21,his,80,0.0035076950059192355
22,an,79,0.0034638488183452447
23,war,77,0.003376156443197264
24,have,77,0.003376156443197264
25,iran,77,0.003376156443197264
26,had,76,0.0033323102556232736
27,were,72,0.0031569255053273118
28,not,70,0.003069233130179331
29,minister,70,0.003069233130179331
30,after,69,0.0030253869426053403
31,but,68,0.00298154075503135
32,its,66,0.002893848379883369
33,are,65,0.002850002192309379
34,president,64,0.002806156004735388
35,israeli,63,0.0027623098171613977
36,trump,59,0.0025869250668654363
37,over,58,0.0025430788792914455
38,israel,56,0.0024553865041434648
39,people,56,0.0024553865041434648
40,we,55,0.0024115403165694744
41,two,52,0.002280001753847503
42,prime,50,0.002192309378699522
43,they,49,0.002148463191125532
44,would,49,0.002148463191125532
45,this,48,0.002104617003551541
46,government,46,0.0020169246284035603
47,be,46,0.0020169246284035603
48,starmer,46,0.0020169246284035603
49,been,46,0.0020169246284035603
50,which,45,0.00197307844082957
51,will,44,0.0019292322532555794
52,also,44,0.0019292322532555794
53,france,43,0.001885386065681589
54,year,43,0.001885386065681589
55,more,43,0.001885386065681589
56,some,41,0.001797693690533608
57,party,40,0.0017538475029596177
58,killed,38,0.0016661551278116368
59,their,38,0.0016661551278116368
60,one,38,0.0016661551278116368
61,labour,38,0.0016661551278116368
62,west,38,0.0016661551278116368
63,while,37,0.0016223089402376462
64,afp,37,0.0016223089402376462
65,who,37,0.0016223089402376462
66,during,37,0.0016223089402376462
67,country,36,0.0015784627526636559
68,than,36,0.0015784627526636559
69,she,36,0.0015784627526636559
70,no,35,0.0015346165650896655
71,russia,35,0.0015346165650896655
72,washington,35,0.0015346165650896655
73,three,34,0.001490770377515675
74,last,34,0.001490770377515675
75,agence,33,0.0014469241899416846
76,presse,33,0.0014469241899416846
77,military,33,0.0014469241899416846
78,foreign,32,0.001403078002367694
79,new,32,0.001403078002367694
80,lula,31,0.0013592318147937037
81,between,30,0.0013153856272197133
82,health,29,0.0012715394396457227
83,group,29,0.0012715394396457227
84,told,29,0.0012715394396457227
85,day,28,0.0012276932520717324
86,years,28,0.0012276932520717324
87,state,28,0.0012276932520717324
88,where,28,0.0012276932520717324
89,may,28,0.0012276932520717324
90,all,27,0.001183847064497742
91,right,27,0.001183847064497742
92,says,27,0.001183847064497742
93,since,27,0.001183847064497742
94,against,27,0.001183847064497742
95,russian,26,0.0011400008769237515
96,ukrainian,26,0.0011400008769237515
97,ceasefire,26,0.0011400008769237515
98,our,26,0.0011400008769237515
99,least,26,0.0011400008769237515
100,other,26,0.0011400008769237515
101,there,26,0.0011400008769237515
102,into,26,0.0011400008769237515
103,former,26,0.0011400008769237515
104,far,26,0.0011400008769237515
105,leader,26,0.0011400008769237515
106,through,26,0.0011400008769237515
107,china,26,0.0011400008769237515
108,palestinian,26,0.0011400008769237515
109,ukraine,25,0.001096154689349761
110,up,25,0.001096154689349761
111,out,25,0.001096154689349761
112,under,25,0.001096154689349761
113,among,25,0.001096154689349761
114,when,25,0.001096154689349761
115,attacks,24,0.0010523085017757705
116,them,24,0.0010523085017757705
117,including,24,0.0010523085017757705
118,according,24,0.0010523085017757705
119,or,24,0.0010523085017757705
120,home,24,0.0010523085017757705
121,before,24,0.0010523085017757705
122,long,23,0.0010084623142017802
123,security,23,0.0010084623142017802
124,support,23,0.0010084623142017802
125,any,23,0.0010084623142017802
126,talks,23,0.0010084623142017802
127,end,22,0.0009646161266277897
128,eu,22,0.0009646161266277897
129,about,22,0.0009646161266277897
130,official,22,0.0009646161266277897
131,now,22,0.0009646161266277897
132,thursday,22,0.0009646161266277897
133,elections,22,0.0009646161266277897
134,police,22,0.0009646161266277897
135,attack,22,0.0009646161266277897
136,meeting,22,0.0009646161266277897
137,lebanon,21,0.0009207699390537992
138,chief,21,0.0009207699390537992
139,million,21,0.0009207699390537992
140,pakistan,21,0.0009207699390537992
141,officials,21,0.0009207699390537992
142,bank,21,0.0009207699390537992
143,justice,21,0.0009207699390537992
144,saturday,20,0.0008769237514798089
145,first,20,0.0008769237514798089
146,both,20,0.0008769237514798089
147,ministry,20,0.0008769237514798089
148,public,20,0.0008769237514798089
149,leadership,20,0.0008769237514798089
150,several,20,0.0008769237514798089
151,could,20,0.0008769237514798089
152,many,20,0.0008769237514798089
153,ms,20,0.0008769237514798089
154,most,19,0.0008330775639058184
155,national,19,0.0008330775639058184
156,sri,19,0.0008330775639058184
157,secretary,19,0.0008330775639058184
158,uae,19,0.0008330775639058184
159,wednesday,19,0.0008330775639058184
160,beijing,19,0.0008330775639058184
161,her,19,0.0008330775639058184
162,if,18,0.0007892313763318279
163,gaza,18,0.0007892313763318279
164,friday,18,0.0007892313763318279
165,being,18,0.0007892313763318279
166,political,18,0.0007892313763318279
167,conflict,18,0.0007892313763318279
168,violence,18,0.0007892313763318279
169,what,18,0.0007892313763318279
170,region,18,0.0007892313763318279
171,drones,18,0.0007892313763318279
172,visit,18,0.0007892313763318279
173,summit,18,0.0007892313763318279
174,countries,18,0.0007892313763318279
175,workers,18,0.0007892313763318279
176,made,17,0.0007453851887578375
177,recent,17,0.0007453851887578375
178,back,17,0.0007453851887578375
179,time,17,0.0007453851887578375
180,leaders,17,0.0007453851887578375
181,donald,17,0.0007453851887578375
182,strikes,17,0.0007453851887578375
183,media,17,0.0007453851887578375
184,accused,17,0.0007453851887578375
185,civilians,17,0.0007453851887578375
186,another,17,0.0007453851887578375
187,sites,17,0.0007453851887578375
188,moscow,16,0.000701539001183847
189,just,16,0.000701539001183847
190,world,16,0.000701539001183847
191,despite,16,0.000701539001183847
192,post,16,0.000701539001183847
193,week,16,0.000701539001183847
194,international,16,0.000701539001183847
195,did,16,0.000701539001183847
196,economic,16,0.000701539001183847
197,left,16,0.000701539001183847
198,across,16,0.000701539001183847
199,those,16,0.000701539001183847
200,part,16,0.000701539001183847
201,sunday,16,0.000701539001183847
202,rare,16,0.000701539001183847
203,united,16,0.000701539001183847
204,chinese,16,0.000701539001183847
205,tuesday,16,0.000701539001183847
206,brazil,16,0.000701539001183847
207,later,15,0.0006576928136098567
208,south,15,0.0006576928136098567
209,old,15,0.0006576928136098567
210,press,15,0.0006576928136098567
211,iranian,15,0.0006576928136098567
212,tehran,15,0.0006576928136098567
213,key,15,0.0006576928136098567
214,sent,15,0.0006576928136098567
215,days,15,0.0006576928136098567
216,must,15,0.0006576928136098567
217,can,15,0.0006576928136098567
218,say,15,0.0006576928136098567
219,power,15,0.0006576928136098567
220,trade,15,0.0006576928136098567
221,announced,15,0.0006576928136098567
222,ahead,15,0.0006576928136098567
223,even,15,0.0006576928136098567
224,these,15,0.0006576928136098567
225,brazilian,14,0.0006138466260358662
226,senior,14,0.0006138466260358662
227,month,14,0.0006138466260358662
228,parliament,14,0.0006138466260358662
229,called,14,0.0006138466260358662
230,still,14,0.0006138466260358662
231,committee,14,0.0006138466260358662
232,monday,14,0.0006138466260358662
233,council,14,0.0006138466260358662
234,streeting,14,0.0006138466260358662
235,settlements,14,0.0006138466260358662
236,only,13,0.0005700004384618757
237,added,13,0.0005700004384618757
238,southern,13,0.0005700004384618757
239,air,13,0.0005700004384618757
240,latest,13,0.0005700004384618757
241,top,13,0.0005700004384618757
242,place,13,0.0005700004384618757
243,office,13,0.0005700004384618757
244,amid,13,0.0005700004384618757
245,abbas,13,0.0005700004384618757
246,forces,13,0.0005700004384618757
247,local,13,0.0005700004384618757
248,settlement,13,0.0005700004384618757
249,al,13,0.0005700004384618757
250,led,13,0.0005700004384618757
251,british,13,0.0005700004384618757
252,syria,13,0.0005700004384618757
253,judiciary,13,0.0005700004384618757
254,sides,13,0.0005700004384618757
255,saying,13,0.0005700004384618757
256,like,13,0.0005700004384618757
257,do,13,0.0005700004384618757
258,such,13,0.0005700004384618757
259,major,13,0.0005700004384618757
260,return,13,0.0005700004384618757
261,territory,13,0.0005700004384618757
262,africa,13,0.0005700004384618757
263,30,12,0.0005261542508878853
264,putin,12,0.0005261542508878853
265,soldiers,12,0.0005261542508878853
266,authorities,12,0.0005261542508878853
267,kyiv,12,0.0005261542508878853
268,men,12,0.0005261542508878853
269,american,12,0.0005261542508878853
270,expected,12,0.0005261542508878853
271,within,12,0.0005261542508878853
272,truce,12,0.0005261542508878853
273,reform,12,0.0005261542508878853
274,take,12,0.0005261542508878853
275,lanka,12,0.0005261542508878853
276,court,12,0.0005261542508878853
277,him,12,0.0005261542508878853
278,global,12,0.0005261542508878853
279,palestinians,12,0.0005261542508878853
280,prisoners,12,0.0005261542508878853
281,defence,12,0.0005261542508878853
282,deputy,12,0.0005261542508878853
283,energy,12,0.0005261542508878853
284,indian,12,0.0005261542508878853
285,10,11,0.00048230806331389485
286,fighting,11,0.00048230806331389485
287,victory,11,0.00048230806331389485
288,central,11,0.00048230806331389485
289,well,11,0.00048230806331389485
290,peace,11,0.00048230806331389485
291,deal,11,0.00048230806331389485
292,agreement,11,0.00048230806331389485
293,very,11,0.00048230806331389485
294,because,11,0.00048230806331389485
295,so,11,0.00048230806331389485
296,four,11,0.00048230806331389485
297,alleged,11,0.00048230806331389485
298,response,11,0.00048230806331389485
299,news,11,0.00048230806331389485
300,election,11,0.00048230806331389485
301,though,11,0.00048230806331389485
302,change,11,0.00048230806331389485
303,already,11,0.00048230806331389485
304,groups,11,0.00048230806331389485
305,february,11,0.00048230806331389485
306,april,11,0.00048230806331389485
307,without,11,0.00048230806331389485
308,considered,11,0.00048230806331389485
309,netanyahu,11,0.00048230806331389485
310,hamas,11,0.00048230806331389485
311,adding,11,0.00048230806331389485
312,down,11,0.00048230806331389485
313,xi,11,0.00048230806331389485
314,tariffs,11,0.00048230806331389485
315,held,11,0.00048230806331389485
316,ties,11,0.00048230806331389485
317,white,11,0.00048230806331389485
318,step,11,0.00048230806331389485
319,us,11,0.00048230806331389485
320,main,11,0.00048230806331389485
321,around,11,0.00048230806331389485
322,cooperation,11,0.00048230806331389485
323,movement,11,0.00048230806331389485
324,occupied,11,0.00048230806331389485
325,2024,10,0.00043846187573990444
326,move,10,0.00043846187573990444
327,hezbollah,10,0.00043846187573990444
328,associated,10,0.00043846187573990444
329,speech,10,0.00043846187573990444
330,european,10,0.00043846187573990444
331,proposal,10,0.00043846187573990444
332,came,10,0.00043846187573990444
333,oil,10,0.00043846187573990444
334,congo,10,0.00043846187573990444
335,east,10,0.00043846187573990444
336,statement,10,0.00043846187573990444
337,french,10,0.00043846187573990444
338,fight,10,0.00043846187573990444
339,villages,10,0.00043846187573990444
340,report,10,0.00043846187573990444
341,issue,10,0.00043846187573990444
342,go,10,0.00043846187573990444
343,months,10,0.00043846187573990444
344,others,10,0.00043846187573990444
345,law,10,0.00043846187573990444
346,states,10,0.00043846187573990444
347,included,10,0.00043846187573990444
348,continue,10,0.00043846187573990444
349,seven,10,0.00043846187573990444
350,minerals,10,0.00043846187573990444
351,house,10,0.00043846187573990444
352,policy,10,0.00043846187573990444
353,never,10,0.00043846187573990444
354,troops,10,0.00043846187573990444
355,influence,10,0.00043846187573990444
356,future,10,0.00043846187573990444
357,children,10,0.00043846187573990444
358,sharma,10,0.00043846187573990444
359,qom,10,0.00043846187573990444
360,2022,9,0.00039461568816591397
361,army,9,0.00039461568816591397
362,backed,9,0.00039461568816591397
363,described,9,0.00039461568816591397
364,rule,9,0.00039461568816591397
365,decades,9,0.00039461568816591397
366,following,9,0.00039461568816591397
367,near,9,0.00039461568816591397
368,activists,9,0.00039461568816591397
369,prison,9,0.00039461568816591397
370,rights,9,0.00039461568816591397
371,taken,9,0.00039461568816591397
372,aid,9,0.00039461568816591397
373,case,9,0.00039461568816591397
374,centre,9,0.00039461568816591397
375,control,9,0.00039461568816591397
376,seen,9,0.00039461568816591397
377,officers,9,0.00039461568816591397
378,run,9,0.00039461568816591397
379,social,9,0.00039461568816591397
380,full,9,0.00039461568816591397
381,began,9,0.00039461568816591397
382,possible,9,0.00039461568816591397
383,criminal,9,0.00039461568816591397
384,died,9,0.00039461568816591397
385,known,9,0.00039461568816591397
386,partner,9,0.00039461568816591397
387,000,9,0.00039461568816591397
388,set,9,0.00039461568816591397
389,taiwan,9,0.00039461568816591397
390,nation,9,0.00039461568816591397
391,agenda,9,0.00039461568816591397
392,early,9,0.00039461568816591397
393,however,9,0.00039461568816591397
394,senate,9,0.00039461568816591397
395,five,9,0.00039461568816591397
396,damaged,9,0.00039461568816591397
397,palace,9,0.00039461568816591397
398,remains,9,0.00039461568816591397
399,challenge,9,0.00039461568816591397
400,niger,9,0.00039461568816591397
401,area,9,0.00039461568816591397
402,term,9,0.00039461568816591397
403,whose,9,0.00039461568816591397
404,living,9,0.00039461568816591397
405,burnham,9,0.00039461568816591397
406,executive,9,0.00039461568816591397
407,border,9,0.00039461568816591397
408,rumours,9,0.00039461568816591397
409,fear,9,0.00039461568816591397
410,malla,9,0.00039461568816591397
411,contest,9,0.00039461568816591397
412,fatah,9,0.00039461568816591397
413,14,8,0.0003507695005919235
414,90,8,0.0003507695005919235
415,2025,8,0.0003507695005919235
416,weeks,8,0.0003507695005919235
417,korea,8,0.0003507695005919235
418,cause,8,0.0003507695005919235
419,hold,8,0.0003507695005919235
420,beirut,8,0.0003507695005919235
421,claimed,8,0.0003507695005919235
422,ap,8,0.0003507695005919235
423,administration,8,0.0003507695005919235
424,building,8,0.0003507695005919235
425,clashes,8,0.0003507695005919235
426,tensions,8,0.0003507695005919235
427,agency,8,0.0003507695005919235
428,strait,8,0.0003507695005919235
429,launched,8,0.0003507695005919235
430,ago,8,0.0003507695005919235
431,calls,8,0.0003507695005919235
432,democratic,8,0.0003507695005919235
433,warned,8,0.0003507695005919235
434,areas,8,0.0003507695005919235
435,sanctions,8,0.0003507695005919235
436,protests,8,0.0003507695005919235
437,earlier,8,0.0003507695005919235
438,killing,8,0.0003507695005919235
439,supreme,8,0.0003507695005919235
440,negotiations,8,0.0003507695005919235
441,uranium,8,0.0003507695005919235
442,benjamin,8,0.0003507695005919235
443,members,8,0.0003507695005919235
444,militants,8,0.0003507695005919235
445,afghanistan,8,0.0003507695005919235
446,late,8,0.0003507695005919235
447,hours,8,0.0003507695005919235
448,front,8,0.0003507695005919235
449,hantavirus,8,0.0003507695005919235
450,coming,8,0.0003507695005919235
451,something,8,0.0003507695005919235
452,relations,8,0.0003507695005919235
453,itself,8,0.0003507695005919235
454,see,8,0.0003507695005919235
455,parts,8,0.0003507695005919235
456,plan,8,0.0003507695005919235
457,access,8,0.0003507695005919235
458,ministers,8,0.0003507695005919235
459,king,8,0.0003507695005919235
460,life,8,0.0003507695005919235
461,body,8,0.0003507695005919235
462,recovery,8,0.0003507695005919235
463,mps,8,0.0003507695005919235
464,remittances,8,0.0003507695005919235
465,you,8,0.0003507695005919235
466,lebanese,8,0.0003507695005919235
467,streets,8,0.0003507695005919235
468,arab,8,0.0003507695005919235
469,sloutskin,8,0.0003507695005919235
470,conference,8,0.0003507695005919235
471,13,7,0.0003069233130179331
472,force,7,0.0003069233130179331
473,address,7,0.0003069233130179331
474,previous,7,0.0003069233130179331
475,allies,7,0.0003069233130179331
476,operation,7,0.0003069233130179331
477,believe,7,0.0003069233130179331
478,meanwhile,7,0.0003069233130179331
479,reuters,7,0.0003069233130179331
480,took,7,0.0003069233130179331
481,my,7,0.0003069233130179331
482,gulf,7,0.0003069233130179331
483,challenging,7,0.0003069233130179331
484,blockade,7,0.0003069233130179331
485,araghchi,7,0.0003069233130179331
486,hormuz,7,0.0003069233130179331
487,rubio,7,0.0003069233130179331
488,london,7,0.0003069233130179331
489,hard,7,0.0003069233130179331
490,anti,7,0.0003069233130179331
491,england,7,0.0003069233130179331
492,vowed,7,0.0003069233130179331
493,remain,7,0.0003069233130179331
494,cuba,7,0.0003069233130179331
495,further,7,0.0003069233130179331
496,crisis,7,0.0003069233130179331
497,india,7,0.0003069233130179331
498,capital,7,0.0003069233130179331
499,due,7,0.0003069233130179331
500,death,7,0.0003069233130179331
501,losses,7,0.0003069233130179331
502,province,7,0.0003069233130179331
503,opened,7,0.0003069233130179331
504,ship,7,0.0003069233130179331
505,reported,7,0.0003069233130179331
506,strategic,7,0.0003069233130179331
507,point,7,0.0003069233130179331
508,think,7,0.0003069233130179331
509,taliban,7,0.0003069233130179331
510,hundreds,7,0.0003069233130179331
511,families,7,0.0003069233130179331
512,islands,7,0.0003069233130179331
513,outbreak,7,0.0003069233130179331
514,going,7,0.0003069233130179331
515,matter,7,0.0003069233130179331
516,europe,7,0.0003069233130179331
517,diplomatic,7,0.0003069233130179331
518,asia,7,0.0003069233130179331
519,role,7,0.0003069233130179331
520,policies,7,0.0003069233130179331
521,intelligence,7,0.0003069233130179331
522,earth,7,0.0003069233130179331
523,too,7,0.0003069233130179331
524,next,7,0.0003069233130179331
525,used,7,0.0003069233130179331
526,repeatedly,7,0.0003069233130179331
527,critical,7,0.0003069233130179331
528,pressure,7,0.0003069233130179331
529,know,7,0.0003069233130179331
530,process,7,0.0003069233130179331
531,yet,7,0.0003069233130179331
532,asked,7,0.0003069233130179331
533,zelenskyy,7,0.0003069233130179331
534,changes,7,0.0003069233130179331
535,stability,7,0.0003069233130179331
536,concern,7,0.0003069233130179331
537,how,7,0.0003069233130179331
538,lost,7,0.0003069233130179331
539,wes,7,0.0003069233130179331
540,residents,7,0.0003069233130179331
541,argued,7,0.0003069233130179331
542,thousands,7,0.0003069233130179331
543,re,7,0.0003069233130179331
544,arms,7,0.0003069233130179331
545,behind,7,0.0003069233130179331
546,general,7,0.0003069233130179331
547,employment,7,0.0003069233130179331
548,senator,7,0.0003069233130179331
549,constitutional,7,0.0003069233130179331
550,tradition,7,0.0003069233130179331
551,judge,7,0.0003069233130179331
552,wanted,7,0.0003069233130179331
553,parade,6,0.00026307712544394263
554,red,6,0.00026307712544394263
555,measures,6,0.00026307712544394263
556,today,6,0.00026307712544394263
557,bloc,6,0.00026307712544394263
558,off,6,0.00026307712544394263
559,drone,6,0.00026307712544394263
560,man,6,0.00026307712544394263
561,flotilla,6,0.00026307712544394263
562,bound,6,0.00026307712544394263
563,drug,6,0.00026307712544394263
564,eastern,6,0.00026307712544394263
565,leaving,6,0.00026307712544394263
566,lankan,6,0.00026307712544394263
567,crime,6,0.00026307712544394263
568,ending,6,0.00026307712544394263
569,lawmakers,6,0.00026307712544394263
570,use,6,0.00026307712544394263
571,renewed,6,0.00026307712544394263
572,send,6,0.00026307712544394263
573,keir,6,0.00026307712544394263
574,wrote,6,0.00026307712544394263
575,wales,6,0.00026307712544394263
576,mp,6,0.00026307712544394263
577,failed,6,0.00026307712544394263
578,deadly,6,0.00026307712544394263
579,dozens,6,0.00026307712544394263
580,sources,6,0.00026307712544394263
581,economy,6,0.00026307712544394263
582,island,6,0.00026307712544394263
583,paris,6,0.00026307712544394263
584,march,6,0.00026307712544394263
585,able,6,0.00026307712544394263
586,every,6,0.00026307712544394263
587,project,6,0.00026307712544394263
588,claims,6,0.00026307712544394263
589,assad,6,0.00026307712544394263
590,crimes,6,0.00026307712544394263
591,directly,6,0.00026307712544394263
592,again,6,0.00026307712544394263
593,markets,6,0.00026307712544394263
594,period,6,0.00026307712544394263
595,stood,6,0.00026307712544394263
596,victims,6,0.00026307712544394263
597,much,6,0.00026307712544394263
598,afghan,6,0.00026307712544394263
599,often,6,0.00026307712544394263
600,high,6,0.00026307712544394263
601,october,6,0.00026307712544394263
602,put,6,0.00026307712544394263
603,population,6,0.00026307712544394263
604,spent,6,0.00026307712544394263
605,asian,6,0.00026307712544394263
606,number,6,0.00026307712544394263
607,show,6,0.00026307712544394263
608,won,6,0.00026307712544394263
609,job,6,0.00026307712544394263
610,earths,6,0.00026307712544394263
611,trip,6,0.00026307712544394263
612,democracy,6,0.00026307712544394263
613,table,6,0.00026307712544394263
614,system,6,0.00026307712544394263
615,growing,6,0.00026307712544394263
616,reserves,6,0.00026307712544394263
617,potential,6,0.00026307712544394263
618,domestic,6,0.00026307712544394263
619,given,6,0.00026307712544394263
620,denied,6,0.00026307712544394263
621,should,6,0.00026307712544394263
622,inside,6,0.00026307712544394263
623,jewish,6,0.00026307712544394263
624,royal,6,0.00026307712544394263
625,restoration,6,0.00026307712544394263
626,northern,6,0.00026307712544394263
627,greater,6,0.00026307712544394263
628,comes,6,0.00026307712544394263
629,here,6,0.00026307712544394263
630,epstein,6,0.00026307712544394263
631,rayner,6,0.00026307712544394263
632,settlers,6,0.00026307712544394263
633,village,6,0.00026307712544394263
634,panic,6,0.00026307712544394263
635,videos,6,0.00026307712544394263
636,churches,6,0.00026307712544394263
637,spread,6,0.00026307712544394263
638,became,6,0.00026307712544394263
639,syrians,6,0.00026307712544394263
640,abroad,6,0.00026307712544394263
641,get,6,0.00026307712544394263
642,overseas,6,0.00026307712544394263
643,nur,6,0.00026307712544394263
644,japan,6,0.00026307712544394263
645,recommendation,6,0.00026307712544394263
646,standing,6,0.00026307712544394263
647,burkina,6,0.00026307712544394263
648,infrastructure,6,0.00026307712544394263
649,indians,6,0.00026307712544394263
650,dela,6,0.00026307712544394263
651,rosa,6,0.00026307712544394263
652,goldmintz,6,0.00026307712544394263
653,missiles,6,0.00026307712544394263
654,plasse,6,0.00026307712544394263
655,retrial,6,0.00026307712544394263
656,23,5,0.00021923093786995222
657,nato,5,0.00021923093786995222
658,vladimir,5,0.00021923093786995222
659,second,5,0.00021923093786995222
660,compared,5,0.00021923093786995222
661,display,5,0.00021923093786995222
662,nearly,5,0.00021923093786995222
663,strike,5,0.00021923093786995222
664,great,5,0.00021923093786995222
665,special,5,0.00021923093786995222
666,armed,5,0.00021923093786995222
667,forward,5,0.00021923093786995222
668,way,5,0.00021923093786995222
669,jerusalem,5,0.00021923093786995222
670,pacific,5,0.00021923093786995222
671,trafficking,5,0.00021923093786995222
672,temple,5,0.00021923093786995222
673,hungary,5,0.00021923093786995222
674,become,5,0.00021923093786995222
675,nationalist,5,0.00021923093786995222
676,votes,5,0.00021923093786995222
677,union,5,0.00021923093786995222
678,naval,5,0.00021923093786995222
679,waiting,5,0.00021923093786995222
680,position,5,0.00021923093786995222
681,pakistani,5,0.00021923093786995222
682,question,5,0.00021923093786995222
683,incident,5,0.00021923093786995222
684,vice,5,0.00021923093786995222
685,efforts,5,0.00021923093786995222
686,voters,5,0.00021923093786995222
687,historic,5,0.00021923093786995222
688,gains,5,0.00021923093786995222
689,trust,5,0.00021923093786995222
690,deliver,5,0.00021923093786995222
691,largest,5,0.00021923093786995222
692,company,5,0.00021923093786995222
693,taking,5,0.00021923093786995222
694,corruption,5,0.00021923093786995222
695,opposition,5,0.00021923093786995222
696,six,5,0.00021923093786995222
697,figures,5,0.00021923093786995222
698,organised,5,0.00021923093786995222
699,nine,5,0.00021923093786995222
700,quit,5,0.00021923093786995222
701,significant,5,0.00021923093786995222
702,linked,5,0.00021923093786995222
703,nations,5,0.00021923093786995222
704,seeks,5,0.00021923093786995222
705,kuwait,5,0.00021923093786995222
706,focus,5,0.00021923093786995222
707,nuclear,5,0.00021923093786995222
708,soon,5,0.00021923093786995222
709,stop,5,0.00021923093786995222
710,platform,5,0.00021923093786995222
711,powerful,5,0.00021923093786995222
712,head,5,0.00021923093786995222
713,fire,5,0.00021923093786995222
714,blamed,5,0.00021923093786995222
715,responsibility,5,0.00021923093786995222
716,accept,5,0.00021923093786995222
717,struck,5,0.00021923093786995222
718,want,5,0.00021923093786995222
719,chaos,5,0.00021923093786995222
720,each,5,0.00021923093786995222
721,personnel,5,0.00021923093786995222
722,suicide,5,0.00021923093786995222
723,triggered,5,0.00021923093786995222
724,using,5,0.00021923093786995222
725,bodies,5,0.00021923093786995222
726,wounded,5,0.00021923093786995222
727,terrorists,5,0.00021923093786995222
728,factions,5,0.00021923093786995222
729,returned,5,0.00021923093786995222
730,low,5,0.00021923093786995222
731,serious,5,0.00021923093786995222
732,thought,5,0.00021923093786995222
733,push,5,0.00021923093786995222
734,likely,5,0.00021923093786995222
735,experts,5,0.00021923093786995222
736,then,5,0.00021923093786995222
737,include,5,0.00021923093786995222
738,young,5,0.00021923093786995222
739,arrived,5,0.00021923093786995222
740,released,5,0.00021923093786995222
741,statements,5,0.00021923093786995222
742,fears,5,0.00021923093786995222
743,working,5,0.00021923093786995222
744,wrong,5,0.00021923093786995222
745,organisations,5,0.00021923093786995222
746,supply,5,0.00021923093786995222
747,clear,5,0.00021923093786995222
748,attempt,5,0.00021923093786995222
749,legal,5,0.00021923093786995222
750,participation,5,0.00021923093786995222
751,vote,5,0.00021923093786995222
752,start,5,0.00021923093786995222
753,african,5,0.00021923093786995222
754,cultural,5,0.00021923093786995222
755,broken,5,0.00021923093786995222
756,unesco,5,0.00021923093786995222
757,work,5,0.00021923093786995222
758,centres,5,0.00021923093786995222
759,volodymyr,5,0.00021923093786995222
760,wang,5,0.00021923093786995222
761,products,5,0.00021923093786995222
762,relationship,5,0.00021923093786995222
763,safe,5,0.00021923093786995222
764,university,5,0.00021923093786995222
765,stay,5,0.00021923093786995222
766,needed,5,0.00021923093786995222
767,until,5,0.00021923093786995222
768,mayor,5,0.00021923093786995222
769,manchester,5,0.00021923093786995222
770,towards,5,0.00021923093786995222
771,brussels,5,0.00021923093786995222
772,settler,5,0.00021923093786995222
773,palestine,5,0.00021923093786995222
774,speak,5,0.00021923093786995222
775,spreading,5,0.00021923093786995222
776,illness,5,0.00021923093786995222
777,crowded,5,0.00021923093786995222
778,evening,5,0.00021923093786995222
779,different,5,0.00021923093786995222
780,online,5,0.00021923093786995222
781,civil,5,0.00021923093786995222
782,commitment,5,0.00021923093786995222
783,euros,5,0.00021923093786995222
784,reforms,5,0.00021923093786995222
785,conditions,5,0.00021923093786995222
786,migration,5,0.00021923093786995222
787,junior,5,0.00021923093786995222
788,grave,5,0.00021923093786995222
789,service,5,0.00021923093786995222
790,stand,5,0.00021923093786995222
791,middle,5,0.00021923093786995222
792,name,5,0.00021923093786995222
793,nepal,5,0.00021923093786995222
794,seniority,5,0.00021923093786995222
795,majority,5,0.00021923093786995222
796,current,5,0.00021923093786995222
797,breaking,5,0.00021923093786995222
798,files,5,0.00021923093786995222
799,junta,5,0.00021923093786995222
800,sahel,5,0.00021923093786995222
801,faso,5,0.00021923093786995222
802,mali,5,0.00021923093786995222
803,research,5,0.00021923093786995222
804,volunteers,5,0.00021923093786995222
805,sharbat,5,0.00021923093786995222
806,city,5,0.00021923093786995222
807,secret,5,0.00021923093786995222
808,emirates,5,0.00021923093786995222
809,temples,5,0.00021923093786995222
810,cambodia,5,0.00021923093786995222
811,jails,5,0.00021923093786995222
812,land,5,0.00021923093786995222
813,sa,5,0.00021923093786995222
814,solomon,5,0.00021923093786995222
815,uri,5,0.00021923093786995222
816,tzafon,5,0.00021923093786995222
817,12,4,0.00017538475029596175
818,20,4,0.00017538475029596175
819,80,4,0.00017538475029596175
820,100,4,0.00017538475029596175
821,2023,4,0.00017538475029596175
822,2026,4,0.00017538475029596175
823,germany,4,0.00017538475029596175
824,kremlin,4,0.00017538475029596175
825,agreed,4,0.00017538475029596175
826,units,4,0.00017538475029596175
827,north,4,0.00017538475029596175
828,past,4,0.00017538475029596175
829,carrying,4,0.00017538475029596175
830,issues,4,0.00017538475029596175
831,persons,4,0.00017538475029596175
832,am,4,0.00017538475029596175
833,detention,4,0.00017538475029596175
834,targeting,4,0.00017538475029596175
835,arrested,4,0.00017538475029596175
836,highest,4,0.00017538475029596175
837,involving,4,0.00017538475029596175
838,peter,4,0.00017538475029596175
839,magyar,4,0.00017538475029596175
840,newly,4,0.00017538475029596175
841,speaker,4,0.00017538475029596175
842,flag,4,0.00017538475029596175
843,fired,4,0.00017538475029596175
844,diplomacy,4,0.00017538475029596175
845,wake,4,0.00017538475029596175
846,call,4,0.00017538475029596175
847,turkish,4,0.00017538475029596175
848,actions,4,0.00017538475029596175
849,action,4,0.00017538475029596175
850,seeking,4,0.00017538475029596175
851,marco,4,0.00017538475029596175
852,allow,4,0.00017538475029596175
853,final,4,0.00017538475029596175
854,spokesperson,4,0.00017538475029596175
855,met,4,0.00017538475029596175
856,promised,4,0.00017538475029596175
857,parties,4,0.00017538475029596175
858,biggest,4,0.00017538475029596175
859,resign,4,0.00017538475029596175
860,uk,4,0.00017538475029596175
861,scotland,4,0.00017538475029596175
862,cabinet,4,0.00017538475029596175
863,britain,4,0.00017538475029596175
864,doing,4,0.00017538475029596175
865,hope,4,0.00017538475029596175
866,mission,4,0.00017538475029596175
867,wave,4,0.00017538475029596175
868,republic,4,0.00017538475029596175
869,havana,4,0.00017538475029596175
870,decision,4,0.00017538475029596175
871,revolutionary,4,0.00017538475029596175
872,remarks,4,0.00017538475029596175
873,fuel,4,0.00017538475029596175
874,escalating,4,0.00017538475029596175
875,rajapaksa,4,0.00017538475029596175
876,summoned,4,0.00017538475029596175
877,dead,4,0.00017538475029596175
878,appear,4,0.00017538475029596175
879,prosecutors,4,0.00017538475029596175
880,custody,4,0.00017538475029596175
881,fascist,4,0.00017538475029596175
882,detained,4,0.00017538475029596175
883,formed,4,0.00017538475029596175
884,weapons,4,0.00017538475029596175
885,protest,4,0.00017538475029596175
886,ban,4,0.00017538475029596175
887,safety,4,0.00017538475029596175
888,suspicion,4,0.00017538475029596175
889,concerns,4,0.00017538475029596175
890,civilian,4,0.00017538475029596175
891,landmark,4,0.00017538475029596175
892,target,4,0.00017538475029596175
893,hit,4,0.00017538475029596175
894,shipping,4,0.00017538475029596175
895,playing,4,0.00017538475029596175
896,longer,4,0.00017538475029596175
897,operations,4,0.00017538475029596175
898,largely,4,0.00017538475029596175
899,trying,4,0.00017538475029596175
900,might,4,0.00017538475029596175
901,brokered,4,0.00017538475029596175
902,khan,4,0.00017538475029596175
903,although,4,0.00017538475029596175
904,effect,4,0.00017538475029596175
905,same,4,0.00017538475029596175
906,intense,4,0.00017538475029596175
907,heavy,4,0.00017538475029596175
908,gathered,4,0.00017538475029596175
909,silence,4,0.00017538475029596175
910,carried,4,0.00017538475029596175
911,broke,4,0.00017538475029596175
912,seeing,4,0.00017538475029596175
913,ali,4,0.00017538475029596175
914,condemned,4,0.00017538475029596175
915,ttp,4,0.00017538475029596175
916,sparked,4,0.00017538475029596175
917,complex,4,0.00017538475029596175
918,argentina,4,0.00017538475029596175
919,leave,4,0.00017538475029596175
920,away,4,0.00017538475029596175
921,mediator,4,0.00017538475029596175
922,jinping,4,0.00017538475029596175
923,continuing,4,0.00017538475029596175
924,exports,4,0.00017538475029596175
925,come,4,0.00017538475029596175
926,born,4,0.00017538475029596175
927,growth,4,0.00017538475029596175
928,similar,4,0.00017538475029596175
929,less,4,0.00017538475029596175
930,homes,4,0.00017538475029596175
931,candidate,4,0.00017538475029596175
932,whether,4,0.00017538475029596175
933,sovereignty,4,0.00017538475029596175
934,room,4,0.00017538475029596175
935,help,4,0.00017538475029596175
936,g7,4,0.00017538475029596175
937,prepared,4,0.00017538475029596175
938,condition,4,0.00017538475029596175
939,things,4,0.00017538475029596175
940,terrorist,4,0.00017538475029596175
941,having,4,0.00017538475029596175
942,real,4,0.00017538475029596175
943,competition,4,0.00017538475029596175
944,bill,4,0.00017538475029596175
945,approved,4,0.00017538475029596175
946,sure,4,0.00017538475029596175
947,arrival,4,0.00017538475029596175
948,biennale,4,0.00017538475029596175
949,jury,4,0.00017538475029596175
950,row,4,0.00017538475029596175
951,outside,4,0.00017538475029596175
952,culture,4,0.00017538475029596175
953,woman,4,0.00017538475029596175
954,co,4,0.00017538475029596175
955,stopping,4,0.00017538475029596175
956,heritage,4,0.00017538475029596175
957,damage,4,0.00017538475029596175
958,listed,4,0.00017538475029596175
959,allowed,4,0.00017538475029596175
960,begin,4,0.00017538475029596175
961,focused,4,0.00017538475029596175
962,need,4,0.00017538475029596175
963,situation,4,0.00017538475029596175
964,century,4,0.00017538475029596175
965,shadow,4,0.00017538475029596175
966,affected,4,0.00017538475029596175
967,historically,4,0.00017538475029596175
968,fartousi,4,0.00017538475029596175
969,funding,4,0.00017538475029596175
970,simply,4,0.00017538475029596175
971,street,4,0.00017538475029596175
972,becoming,4,0.00017538475029596175
973,acting,4,0.00017538475029596175
974,declining,4,0.00017538475029596175
975,common,4,0.00017538475029596175
976,views,4,0.00017538475029596175
977,alongside,4,0.00017538475029596175
978,sriram,4,0.00017538475029596175
979,lakshman,4,0.00017538475029596175
980,lasted,4,0.00017538475029596175
981,assembly,4,0.00017538475029596175
982,angela,4,0.00017538475029596175
983,andy,4,0.00017538475029596175
984,turning,4,0.00017538475029596175
985,diplomat,4,0.00017538475029596175
986,along,4,0.00017538475029596175
987,demands,4,0.00017538475029596175
988,dubbed,4,0.00017538475029596175
989,mailen,4,0.00017538475029596175
990,speaking,4,0.00017538475029596175
991,tshopo,4,0.00017538475029596175
992,pages,4,0.00017538475029596175
993,publicly,4,0.00017538475029596175
994,communities,4,0.00017538475029596175
995,telling,4,0.00017538475029596175
996,hearing,4,0.00017538475029596175
997,nothing,4,0.00017538475029596175
998,organization,4,0.00017538475029596175
999,alliance,4,0.00017538475029596175
1000,instability,4,0.00017538475029596175
1001,ground,4,0.00017538475029596175
1002,questions,4,0.00017538475029596175
1003,kenya,4,0.00017538475029596175
1004,kingdom,4,0.00017538475029596175
1005,bolster,4,0.00017538475029596175
1006,syrian,4,0.00017538475029596175
1007,half,4,0.00017538475029596175
1008,pledged,4,0.00017538475029596175
1009,anyone,4,0.00017538475029596175
1010,ambassador,4,0.00017538475029596175
1011,morning,4,0.00017538475029596175
1012,per,4,0.00017538475029596175
1013,resigned,4,0.00017538475029596175
1014,provide,4,0.00017538475029596175
1015,multiple,4,0.00017538475029596175
1016,lives,4,0.00017538475029596175
1017,july,4,0.00017538475029596175
1018,partners,4,0.00017538475029596175
1019,short,4,0.00017538475029596175
1020,liberation,4,0.00017538475029596175
1021,hand,4,0.00017538475029596175
1022,refused,4,0.00017538475029596175
1023,make,4,0.00017538475029596175
1024,insisted,4,0.00017538475029596175
1025,certain,4,0.00017538475029596175
1026,critics,4,0.00017538475029596175
1027,ruling,4,0.00017538475029596175
1028,faces,4,0.00017538475029596175
1029,judicial,4,0.00017538475029596175
1030,judges,4,0.00017538475029596175
1031,lead,4,0.00017538475029596175
1032,allowing,4,0.00017538475029596175
1033,approval,4,0.00017538475029596175
1034,organisation,4,0.00017538475029596175
1035,documents,4,0.00017538475029596175
1036,based,4,0.00017538475029596175
1037,supplies,4,0.00017538475029596175
1038,controlled,4,0.00017538475029596175
1039,active,4,0.00017538475029596175
1040,gold,4,0.00017538475029596175
1041,malian,4,0.00017538475029596175
1042,ramallah,4,0.00017538475029596175
1043,saurabh,4,0.00017538475029596175
1044,live,4,0.00017538475029596175
1045,plastic,4,0.00017538475029596175
1046,philippine,4,0.00017538475029596175
1047,thai,4,0.00017538475029596175
1048,disputed,4,0.00017538475029596175
1049,thailand,4,0.00017538475029596175
1050,ta,4,0.00017538475029596175
1051,ukrainians,4,0.00017538475029596175
1052,invasion,4,0.00017538475029596175
1053,asaasa,4,0.00017538475029596175
1054,byelection,4,0.00017538475029596175
1055,elect,4,0.00017538475029596175
1056,ldp,4,0.00017538475029596175
1057,authority,4,0.00017538475029596175
1058,15,3,0.00013153856272197131
1059,17,3,0.00013153856272197131
1060,19,3,0.00013153856272197131
1061,27,3,0.00013153856272197131
1062,60,3,0.00013153856272197131
1063,69,3,0.00013153856272197131
1064,200,3,0.00013153856272197131
1065,2019,3,0.00013153856272197131
1066,aggressive,3,0.00013153856272197131
1067,annual,3,0.00013153856272197131
1068,square,3,0.00013153856272197131
1069,memory,3,0.00013153856272197131
1070,mark,3,0.00013153856272197131
1071,prompted,3,0.00013153856272197131
1072,scaled,3,0.00013153856272197131
1073,event,3,0.00013153856272197131
1074,threatened,3,0.00013153856272197131
1075,massive,3,0.00013153856272197131
1076,attended,3,0.00013153856272197131
1077,supported,3,0.00013153856272197131
1078,kill,3,0.00013153856272197131
1079,vehicles,3,0.00013153856272197131
1080,series,3,0.00013153856272197131
1081,daughter,3,0.00013153856272197131
1082,release,3,0.00013153856272197131
1083,representing,3,0.00013153856272197131
1084,spanish,3,0.00013153856272197131
1085,brought,3,0.00013153856272197131
1086,illegally,3,0.00013153856272197131
1087,navy,3,0.00013153856272197131
1088,waters,3,0.00013153856272197131
1089,colombo,3,0.00013153856272197131
1090,sex,3,0.00013153856272197131
1091,abuse,3,0.00013153856272197131
1092,marking,3,0.00013153856272197131
1093,premier,3,0.00013153856272197131
1094,orban,3,0.00013153856272197131
1095,seats,3,0.00013153856272197131
1096,appointed,3,0.00013153856272197131
1097,absence,3,0.00013153856272197131
1098,balance,3,0.00013153856272197131
1099,disabled,3,0.00013153856272197131
1100,flagged,3,0.00013153856272197131
1101,tankers,3,0.00013153856272197131
1102,questioned,3,0.00013153856272197131
1103,fragile,3,0.00013153856272197131
1104,launch,3,0.00013153856272197131
1105,mediators,3,0.00013153856272197131
1106,path,3,0.00013153856272197131
1107,published,3,0.00013153856272197131
1108,retaliatory,3,0.00013153856272197131
1109,qatar,3,0.00013153856272197131
1110,sheikh,3,0.00013153856272197131
1111,mohammed,3,0.00013153856272197131
1112,bin,3,0.00013153856272197131
1113,listen,3,0.00013153856272197131
1114,drubbing,3,0.00013153856272197131
1115,received,3,0.00013153856272197131
1116,regional,3,0.00013153856272197131
1117,ousted,3,0.00013153856272197131
1118,results,3,0.00013153856272197131
1119,joint,3,0.00013153856272197131
1120,serving,3,0.00013153856272197131
1121,urged,3,0.00013153856272197131
1122,premiership,3,0.00013153856272197131
1123,admitted,3,0.00013153856272197131
1124,enough,3,0.00013153856272197131
1125,give,3,0.00013153856272197131
1126,un,3,0.00013153856272197131
1127,cuban,3,0.00013153856272197131
1128,de,3,0.00013153856272197131
1129,business,3,0.00013153856272197131
1130,blocked,3,0.00013153856272197131
1131,found,3,0.00013153856272197131
1132,commission,3,0.00013153856272197131
1133,record,3,0.00013153856272197131
1134,aircraft,3,0.00013153856272197131
1135,banned,3,0.00013153856272197131
1136,connection,3,0.00013153856272197131
1137,intention,3,0.00013153856272197131
1138,counter,3,0.00013153856272197131
1139,risk,3,0.00013153856272197131
1140,activist,3,0.00013153856272197131
1141,orders,3,0.00013153856272197131
1142,cannot,3,0.00013153856272197131
1143,course,3,0.00013153856272197131
1144,raised,3,0.00013153856272197131
1145,seized,3,0.00013153856272197131
1146,worst,3,0.00013153856272197131
1147,governing,3,0.00013153856272197131
1148,militia,3,0.00013153856272197131
1149,mineral,3,0.00013153856272197131
1150,damascus,3,0.00013153856272197131
1151,era,3,0.00013153856272197131
1152,bashar,3,0.00013153856272197131
1153,airspace,3,0.00013153856272197131
1154,dubai,3,0.00013153856272197131
1155,wants,3,0.00013153856272197131
1156,confirmed,3,0.00013153856272197131
1157,militant,3,0.00013153856272197131
1158,reopen,3,0.00013153856272197131
1159,threat,3,0.00013153856272197131
1160,laughing,3,0.00013153856272197131
1161,truth,3,0.00013153856272197131
1162,issued,3,0.00013153856272197131
1163,command,3,0.00013153856272197131
1164,tested,3,0.00013153856272197131
1165,scale,3,0.00013153856272197131
1166,turn,3,0.00013153856272197131
1167,ships,3,0.00013153856272197131
1168,enriched,3,0.00013153856272197131
1169,needs,3,0.00013153856272197131
1170,done,3,0.00013153856272197131
1171,medics,3,0.00013153856272197131
1172,person,3,0.00013153856272197131
1173,occupation,3,0.00013153856272197131
1174,continues,3,0.00013153856272197131
1175,toll,3,0.00013153856272197131
1176,northwest,3,0.00013153856272197131
1177,detonated,3,0.00013153856272197131
1178,bannu,3,0.00013153856272197131
1179,bordering,3,0.00013153856272197131
1180,exchange,3,0.00013153856272197131
1181,attend,3,0.00013153856272197131
1182,reporters,3,0.00013153856272197131
1183,separate,3,0.00013153856272197131
1184,ally,3,0.00013153856272197131
1185,passengers,3,0.00013153856272197131
1186,hondius,3,0.00013153856272197131
1187,evacuate,3,0.00013153856272197131
1188,netherlands,3,0.00013153856272197131
1189,medical,3,0.00013153856272197131
1190,appeared,3,0.00013153856272197131
1191,trading,3,0.00013153856272197131
1192,weekend,3,0.00013153856272197131
1193,willing,3,0.00013153856272197131
1194,chancellor,3,0.00013153856272197131
1195,schroeder,3,0.00013153856272197131
1196,broader,3,0.00013153856272197131
1197,battlefield,3,0.00013153856272197131
1198,downed,3,0.00013153856272197131
1199,adviser,3,0.00013153856272197131
1200,envoy,3,0.00013153856272197131
1201,seoul,3,0.00013153856272197131
1202,baby,3,0.00013153856272197131
1203,rates,3,0.00013153856272197131
1204,shrinking,3,0.00013153856272197131
1205,rising,3,0.00013153856272197131
1206,rise,3,0.00013153856272197131
1207,financial,3,0.00013153856272197131
1208,cover,3,0.00013153856272197131
1209,merely,3,0.00013153856272197131
1210,citing,3,0.00013153856272197131
1211,widespread,3,0.00013153856272197131
1212,artificial,3,0.00013153856272197131
1213,meet,3,0.00013153856272197131
1214,drew,3,0.00013153856272197131
1215,attention,3,0.00013153856272197131
1216,fl,3,0.00013153856272197131
1217,vio,3,0.00013153856272197131
1218,bolsonaro,3,0.00013153856272197131
1219,brasilia,3,0.00013153856272197131
1220,speculation,3,0.00013153856272197131
1221,upcoming,3,0.00013153856272197131
1222,went,3,0.00013153856272197131
1223,important,3,0.00013153856272197131
1224,increasingly,3,0.00013153856272197131
1225,tension,3,0.00013153856272197131
1226,subject,3,0.00013153856272197131
1227,together,3,0.00013153856272197131
1228,solution,3,0.00013153856272197131
1229,yield,3,0.00013153856272197131
1230,announcement,3,0.00013153856272197131
1231,pushed,3,0.00013153856272197131
1232,decisions,3,0.00013153856272197131
1233,interests,3,0.00013153856272197131
1234,essential,3,0.00013153856272197131
1235,investments,3,0.00013153856272197131
1236,raw,3,0.00013153856272197131
1237,gave,3,0.00013153856272197131
1238,congress,3,0.00013153856272197131
1239,setting,3,0.00013153856272197131
1240,spoke,3,0.00013153856272197131
1241,tense,3,0.00013153856272197131
1242,fall,3,0.00013153856272197131
1243,happened,3,0.00013153856272197131
1244,venice,3,0.00013153856272197131
1245,exhibition,3,0.00013153856272197131
1246,investigation,3,0.00013153856272197131
1247,human,3,0.00013153856272197131
1248,best,3,0.00013153856272197131
1249,style,3,0.00013153856272197131
1250,artists,3,0.00013153856272197131
1251,places,3,0.00013153856272197131
1252,black,3,0.00013153856272197131
1253,someone,3,0.00013153856272197131
1254,making,3,0.00013153856272197131
1255,caused,3,0.00013153856272197131
1256,repairs,3,0.00013153856272197131
1257,golestan,3,0.00013153856272197131
1258,site,3,0.00013153856272197131
1259,stabilising,3,0.00013153856272197131
1260,cost,3,0.00013153856272197131
1261,figure,3,0.00013153856272197131
1262,director,3,0.00013153856272197131
1263,museums,3,0.00013153856272197131
1264,walls,3,0.00013153856272197131
1265,original,3,0.00013153856272197131
1266,idea,3,0.00013153856272197131
1267,ongoing,3,0.00013153856272197131
1268,iraq,3,0.00013153856272197131
1269,soldier,3,0.00013153856272197131
1270,suggested,3,0.00013153856272197131
1271,independence,3,0.00013153856272197131
1272,technology,3,0.00013153856272197131
1273,export,3,0.00013153856272197131
1274,expand,3,0.00013153856272197131
1275,manage,3,0.00013153856272197131
1276,differences,3,0.00013153856272197131
1277,sense,3,0.00013153856272197131
1278,look,3,0.00013153856272197131
1279,looking,3,0.00013153856272197131
1280,particularly,3,0.00013153856272197131
1281,briefing,3,0.00013153856272197131
1282,understand,3,0.00013153856272197131
1283,don,3,0.00013153856272197131
1284,phone,3,0.00013153856272197131
1285,hosted,3,0.00013153856272197131
1286,normal,3,0.00013153856272197131
1287,huge,3,0.00013153856272197131
1288,decade,3,0.00013153856272197131
1289,powers,3,0.00013153856272197131
1290,bigger,3,0.00013153856272197131
1291,resignation,3,0.00013153856272197131
1292,anticipated,3,0.00013153856272197131
1293,ordinary,3,0.00013153856272197131
1294,times,3,0.00013153856272197131
1295,steel,3,0.00013153856272197131
1296,seek,3,0.00013153856272197131
1297,closer,3,0.00013153856272197131
1298,poll,3,0.00013153856272197131
1299,popularity,3,0.00013153856272197131
1300,sitting,3,0.00013153856272197131
1301,appointment,3,0.00013153856272197131
1302,jeffrey,3,0.00013153856272197131
1303,terms,3,0.00013153856272197131
1304,chance,3,0.00013153856272197131
1305,neither,3,0.00013153856272197131
1306,downing,3,0.00013153856272197131
1307,popular,3,0.00013153856272197131
1308,criticised,3,0.00013153856272197131
1309,returning,3,0.00013153856272197131
1310,diplomats,3,0.00013153856272197131
1311,carry,3,0.00013153856272197131
1312,governments,3,0.00013153856272197131
1313,violent,3,0.00013153856272197131
1314,signal,3,0.00013153856272197131
1315,residing,3,0.00013153856272197131
1316,bomb,3,0.00013153856272197131
1317,accusations,3,0.00013153856272197131
1318,valle,3,0.00013153856272197131
1319,father,3,0.00013153856272197131
1320,december,3,0.00013153856272197131
1321,town,3,0.00013153856272197131
1322,showing,3,0.00013153856272197131
1323,genitals,3,0.00013153856272197131
1324,outsiders,3,0.00013153856272197131
1325,disappeared,3,0.00013153856272197131
1326,facebook,3,0.00013153856272197131
1327,accounts,3,0.00013153856272197131
1328,create,3,0.00013153856272197131
1329,changed,3,0.00013153856272197131
1330,theft,3,0.00013153856272197131
1331,surveys,3,0.00013153856272197131
1332,crowds,3,0.00013153856272197131
1333,team,3,0.00013153856272197131
1334,misinformation,3,0.00013153856272197131
1335,incidents,3,0.00013153856272197131
1336,researchers,3,0.00013153856272197131
1337,deeply,3,0.00013153856272197131
1338,systems,3,0.00013153856272197131
1339,toward,3,0.00013153856272197131
1340,viewed,3,0.00013153856272197131
1341,believed,3,0.00013153856272197131
1342,completely,3,0.00013153856272197131
1343,running,3,0.00013153856272197131
1344,partnership,3,0.00013153856272197131
1345,withdrawal,3,0.00013153856272197131
1346,continent,3,0.00013153856272197131
1347,hopes,3,0.00013153856272197131
1348,criticism,3,0.00013153856272197131
1349,approach,3,0.00013153856272197131
1350,withdraw,3,0.00013153856272197131
1351,macron,3,0.00013153856272197131
1352,society,3,0.00013153856272197131
1353,looks,3,0.00013153856272197131
1354,shaibani,3,0.00013153856272197131
1355,sharaa,3,0.00013153856272197131
1356,required,3,0.00013153856272197131
1357,assistance,3,0.00013153856272197131
1358,billion,3,0.00013153856272197131
1359,suica,3,0.00013153856272197131
1360,contribute,3,0.00013153856272197131
1361,transparency,3,0.00013153856272197131
1362,governance,3,0.00013153856272197131
1363,crucial,3,0.00013153856272197131
1364,build,3,0.00013153856272197131
1365,exploring,3,0.00013153856272197131
1366,western,3,0.00013153856272197131
1367,large,3,0.00013153856272197131
1368,pushing,3,0.00013153856272197131
1369,facilities,3,0.00013153856272197131
1370,regions,3,0.00013153856272197131
1371,sending,3,0.00013153856272197131
1372,mike,3,0.00013153856272197131
1373,huckabee,3,0.00013153856272197131
1374,david,3,0.00013153856272197131
1375,exit,3,0.00013153856272197131
1376,rules,3,0.00013153856272197131
1377,replace,3,0.00013153856272197131
1378,expressed,3,0.00013153856272197131
1379,mainly,3,0.00013153856272197131
1380,affairs,3,0.00013153856272197131
1381,risks,3,0.00013153856272197131
1382,programme,3,0.00013153856272197131
1383,jobs,3,0.00013153856272197131
1384,hemachandra,3,0.00013153856272197131
1385,aims,3,0.00013153856272197131
1386,00,3,0.00013153856272197131
1387,member,3,0.00013153856272197131
1388,macroeconomic,3,0.00013153856272197131
1389,contradiction,3,0.00013153856272197131
1390,solidarity,3,0.00013153856272197131
1391,free,3,0.00013153856272197131
1392,non,3,0.00013153856272197131
1393,parliamentary,3,0.00013153856272197131
1394,face,3,0.00013153856272197131
1395,failure,3,0.00013153856272197131
1396,mohammad,3,0.00013153856272197131
1397,escape,3,0.00013153856272197131
1398,graham,3,0.00013153856272197131
1399,rejected,3,0.00013153856272197131
1400,potato,3,0.00013153856272197131
1401,shortages,3,0.00013153856272197131
1402,packaging,3,0.00013153856272197131
1403,environment,3,0.00013153856272197131
1404,appointments,3,0.00013153856272197131
1405,ordinance,3,0.00013153856272197131
1406,recommending,3,0.00013153856272197131
1407,interview,3,0.00013153856272197131
1408,presence,3,0.00013153856272197131
1409,provision,3,0.00013153856272197131
1410,sufficient,3,0.00013153856272197131
1411,helped,3,0.00013153856272197131
1412,trigger,3,0.00013153856272197131
1413,involved,3,0.00013153856272197131
1414,york,3,0.00013153856272197131
1415,colonial,3,0.00013153856272197131
1416,sahelian,3,0.00013153856272197131
1417,islamic,3,0.00013153856272197131
1418,signed,3,0.00013153856272197131
1419,firms,3,0.00013153856272197131
1420,firm,3,0.00013153856272197131
1421,hardline,3,0.00013153856272197131
1422,milei,3,0.00013153856272197131
1423,monarch,3,0.00013153856272197131
1424,iranians,3,0.00013153856272197131
1425,stall,3,0.00013153856272197131
1426,students,3,0.00013153856272197131
1427,stalls,3,0.00013153856272197131
1428,rizvi,3,0.00013153856272197131
1429,resistance,3,0.00013153856272197131
1430,humanity,3,0.00013153856272197131
1431,visited,3,0.00013153856272197131
1432,targeted,3,0.00013153856272197131
1433,gunshots,3,0.00013153856272197131
1434,arrest,3,0.00013153856272197131
1435,registry,3,0.00013153856272197131
1436,ancient,3,0.00013153856272197131
1437,located,3,0.00013153856272197131
1438,protecting,3,0.00013153856272197131
1439,dogs,3,0.00013153856272197131
1440,subjected,3,0.00013153856272197131
1441,physical,3,0.00013153856272197131
1442,prosecutor,3,0.00013153856272197131
1443,beat,3,0.00013153856272197131
1444,alexei,3,0.00013153856272197131
1445,osce,3,0.00013153856272197131
1446,carte,3,0.00013153856272197131
1447,blanche,3,0.00013153856272197131
1448,torture,3,0.00013153856272197131
1449,prisoner,3,0.00013153856272197131
1450,rumyantsev,3,0.00013153856272197131
1451,sergei,3,0.00013153856272197131
1452,presidential,3,0.00013153856272197131
1453,dream,3,0.00013153856272197131
1454,strip,3,0.00013153856272197131
1455,establishment,3,0.00013153856272197131
1456,greenlit,3,0.00013153856272197131
1457,wing,3,0.00013153856272197131
1458,illegal,3,0.00013153856272197131
1459,israelis,3,0.00013153856272197131
1460,son,3,0.00013153856272197131
1461,openly,3,0.00013153856272197131
1462,destruction,3,0.00013153856272197131
1463,latvian,3,0.00013153856272197131
1464,confidence,3,0.00013153856272197131
1465,contender,3,0.00013153856272197131
1466,representatives,3,0.00013153856272197131
1467,aggression,3,0.00013153856272197131
1468,icc,3,0.00013153856272197131
1469,agovaka,3,0.00013153856272197131
1470,wale,3,0.00013153856272197131
1471,settling,3,0.00013153856272197131
1472,nile,3,0.00013153856272197131
1473,euphrates,3,0.00013153856272197131
1474,settle,3,0.00013153856272197131
1475,holding,3,0.00013153856272197131
1476,challenges,3,0.00013153856272197131
1477,rajoub,3,0.00013153856272197131
1478,plo,3,0.00013153856272197131
1479,11,2,8.769237514798088e-05
1480,16,2,8.769237514798088e-05
1481,18,2,8.769237514798088e-05
1482,22,2,8.769237514798088e-05
1483,28,2,8.769237514798088e-05
1484,33,2,8.769237514798088e-05
1485,34,2,8.769237514798088e-05
1486,40,2,8.769237514798088e-05
1487,42,2,8.769237514798088e-05
1488,49,2,8.769237514798088e-05
1489,50,2,8.769237514798088e-05
1490,53,2,8.769237514798088e-05
1491,56,2,8.769237514798088e-05
1492,70,2,8.769237514798088e-05
1493,81,2,8.769237514798088e-05
1494,143,2,8.769237514798088e-05
1495,182,2,8.769237514798088e-05
1496,400,2,8.769237514798088e-05
1497,500,2,8.769237514798088e-05
1498,2005,2,8.769237514798088e-05
1499,2011,2,8.769237514798088e-05
1500,2013,2,8.769237514798088e-05
1501,goals,2,8.769237514798088e-05
1502,soviet,2,8.769237514798088e-05
1503,nazi,2,8.769237514798088e-05
1504,range,2,8.769237514798088e-05
1505,close,2,8.769237514798088e-05
1506,appeal,2,8.769237514798088e-05
1507,disrupted,2,8.769237514798088e-05
1508,present,2,8.769237514798088e-05
1509,entire,2,8.769237514798088e-05
1510,sort,2,8.769237514798088e-05
1511,basically,2,8.769237514798088e-05
1512,inputs,2,8.769237514798088e-05
1513,firing,2,8.769237514798088e-05
1514,saif,2,8.769237514798088e-05
1515,abu,2,8.769237514798088e-05
1516,keshek,2,8.769237514798088e-05
1517,thiago,2,8.769237514798088e-05
1518,avila,2,8.769237514798088e-05
1519,intercepted,2,8.769237514798088e-05
1520,boat,2,8.769237514798088e-05
1521,ocean,2,8.769237514798088e-05
1522,vessels,2,8.769237514798088e-05
1523,buddhist,2,8.769237514798088e-05
1524,monk,2,8.769237514798088e-05
1525,sexual,2,8.769237514798088e-05
1526,girl,2,8.769237514798088e-05
1527,served,2,8.769237514798088e-05
1528,sworn,2,8.769237514798088e-05
1529,populist,2,8.769237514798088e-05
1530,communist,2,8.769237514798088e-05
1531,history,2,8.769237514798088e-05
1532,serve,2,8.769237514798088e-05
1533,homeland,2,8.769237514798088e-05
1534,hangs,2,8.769237514798088e-05
1535,fighter,2,8.769237514798088e-05
1536,jet,2,8.769237514798088e-05
1537,expecting,2,8.769237514798088e-05
1538,seriousness,2,8.769237514798088e-05
1539,keeping,2,8.769237514798088e-05
1540,negotiating,2,8.769237514798088e-05
1541,extend,2,8.769237514798088e-05
1542,supposedly,2,8.769237514798088e-05
1543,sign,2,8.769237514798088e-05
1544,persian,2,8.769237514798088e-05
1545,violating,2,8.769237514798088e-05
1546,suspicions,2,8.769237514798088e-05
1547,side,2,8.769237514798088e-05
1548,ports,2,8.769237514798088e-05
1549,responded,2,8.769237514798088e-05
1550,overnight,2,8.769237514798088e-05
1551,vital,2,8.769237514798088e-05
1552,wield,2,8.769237514798088e-05
1553,reiterated,2,8.769237514798088e-05
1554,route,2,8.769237514798088e-05
1555,via,2,8.769237514798088e-05
1556,review,2,8.769237514798088e-05
1557,discussed,2,8.769237514798088e-05
1558,permanent,2,8.769237514798088e-05
1559,vows,2,8.769237514798088e-05
1560,electoral,2,8.769237514798088e-05
1561,test,2,8.769237514798088e-05
1562,doesn,2,8.769237514798088e-05
1563,mean,2,8.769237514798088e-05
1564,faced,2,8.769237514798088e-05
1565,guardian,2,8.769237514798088e-05
1566,nigel,2,8.769237514798088e-05
1567,farage,2,8.769237514798088e-05
1568,share,2,8.769237514798088e-05
1569,almost,2,8.769237514798088e-05
1570,grim,2,8.769237514798088e-05
1571,longest,2,8.769237514798088e-05
1572,kinshasa,2,8.769237514798088e-05
1573,ituri,2,8.769237514798088e-05
1574,kivu,2,8.769237514798088e-05
1575,fighters,2,8.769237514798088e-05
1576,conglomerate,2,8.769237514798088e-05
1577,defended,2,8.769237514798088e-05
1578,gaesa,2,8.769237514798088e-05
1579,operated,2,8.769237514798088e-05
1580,referred,2,8.769237514798088e-05
1581,money,2,8.769237514798088e-05
1582,putting,2,8.769237514798088e-05
1583,few,2,8.769237514798088e-05
1584,regime,2,8.769237514798088e-05
1585,concerning,2,8.769237514798088e-05
1586,practically,2,8.769237514798088e-05
1587,january,2,8.769237514798088e-05
1588,dissent,2,8.769237514798088e-05
1589,graft,2,8.769237514798088e-05
1590,summons,2,8.769237514798088e-05
1591,mahinda,2,8.769237514798088e-05
1592,srilankan,2,8.769237514798088e-05
1593,airlines,2,8.769237514798088e-05
1594,carrier,2,8.769237514798088e-05
1595,suspicious,2,8.769237514798088e-05
1596,peramuna,2,8.769237514798088e-05
1597,forty,2,8.769237514798088e-05
1598,committing,2,8.769237514798088e-05
1599,damaging,2,8.769237514798088e-05
1600,property,2,8.769237514798088e-05
1601,afternoon,2,8.769237514798088e-05
1602,upheld,2,8.769237514798088e-05
1603,gather,2,8.769237514798088e-05
1604,complete,2,8.769237514798088e-05
1605,failing,2,8.769237514798088e-05
1606,order,2,8.769237514798088e-05
1607,blame,2,8.769237514798088e-05
1608,freedom,2,8.769237514798088e-05
1609,describing,2,8.769237514798088e-05
1610,raids,2,8.769237514798088e-05
1611,dr,2,8.769237514798088e-05
1612,lendu,2,8.769237514798088e-05
1613,combat,2,8.769237514798088e-05
1614,rich,2,8.769237514798088e-05
1615,charged,2,8.769237514798088e-05
1616,trial,2,8.769237514798088e-05
1617,charges,2,8.769237514798088e-05
1618,acts,2,8.769237514798088e-05
1619,protesters,2,8.769237514798088e-05
1620,tried,2,8.769237514798088e-05
1621,fronts,2,8.769237514798088e-05
1622,tv,2,8.769237514798088e-05
1623,receiving,2,8.769237514798088e-05
1624,addressed,2,8.769237514798088e-05
1625,rather,2,8.769237514798088e-05
1626,discuss,2,8.769237514798088e-05
1627,games,2,8.769237514798088e-05
1628,america,2,8.769237514798088e-05
1629,reply,2,8.769237514798088e-05
1630,ignited,2,8.769237514798088e-05
1631,small,2,8.769237514798088e-05
1632,threats,2,8.769237514798088e-05
1633,resume,2,8.769237514798088e-05
1634,bombing,2,8.769237514798088e-05
1635,does,2,8.769237514798088e-05
1636,waterway,2,8.769237514798088e-05
1637,natural,2,8.769237514798088e-05
1638,turned,2,8.769237514798088e-05
1639,commercial,2,8.769237514798088e-05
1640,highly,2,8.769237514798088e-05
1641,readiness,2,8.769237514798088e-05
1642,protect,2,8.769237514798088e-05
1643,irna,2,8.769237514798088e-05
1644,me,2,8.769237514798088e-05
1645,cairo,2,8.769237514798088e-05
1646,airstrike,2,8.769237514798088e-05
1647,violations,2,8.769237514798088e-05
1648,peshawar,2,8.769237514798088e-05
1649,rose,2,8.769237514798088e-05
1650,vehicle,2,8.769237514798088e-05
1651,rubble,2,8.769237514798088e-05
1652,colleagues,2,8.769237514798088e-05
1653,coffins,2,8.769237514798088e-05
1654,draped,2,8.769237514798088e-05
1655,prayers,2,8.769237514798088e-05
1656,tight,2,8.769237514798088e-05
1657,offered,2,8.769237514798088e-05
1658,levels,2,8.769237514798088e-05
1659,charge,2,8.769237514798088e-05
1660,surge,2,8.769237514798088e-05
1661,islamabad,2,8.769237514798088e-05
1662,accuses,2,8.769237514798088e-05
1663,claim,2,8.769237514798088e-05
1664,denies,2,8.769237514798088e-05
1665,begins,2,8.769237514798088e-05
1666,canary,2,8.769237514798088e-05
1667,granadilla,2,8.769237514798088e-05
1668,cruise,2,8.769237514798088e-05
1669,mv,2,8.769237514798088e-05
1670,sick,2,8.769237514798088e-05
1671,disease,2,8.769237514798088e-05
1672,exist,2,8.769237514798088e-05
1673,endemic,2,8.769237514798088e-05
1674,departed,2,8.769237514798088e-05
1675,stressed,2,8.769237514798088e-05
1676,played,2,8.769237514798088e-05
1677,covid,2,8.769237514798088e-05
1678,pandemic,2,8.769237514798088e-05
1679,australia,2,8.769237514798088e-05
1680,onto,2,8.769237514798088e-05
1681,smaller,2,8.769237514798088e-05
1682,port,2,8.769237514798088e-05
1683,signals,2,8.769237514798088e-05
1684,suggesting,2,8.769237514798088e-05
1685,negotiate,2,8.769237514798088e-05
1686,arrangements,2,8.769237514798088e-05
1687,gerhard,2,8.769237514798088e-05
1688,pause,2,8.769237514798088e-05
1689,seems,2,8.769237514798088e-05
1690,little,2,8.769237514798088e-05
1691,steve,2,8.769237514798088e-05
1692,discussions,2,8.769237514798088e-05
1693,separately,2,8.769237514798088e-05
1694,dismissed,2,8.769237514798088e-05
1695,treasury,2,8.769237514798088e-05
1696,lifeng,2,8.769237514798088e-05
1697,mutual,2,8.769237514798088e-05
1698,discussion,2,8.769237514798088e-05
1699,stakes,2,8.769237514798088e-05
1700,easing,2,8.769237514798088e-05
1701,looming,2,8.769237514798088e-05
1702,tit,2,8.769237514798088e-05
1703,tat,2,8.769237514798088e-05
1704,bump,2,8.769237514798088e-05
1705,billions,2,8.769237514798088e-05
1706,dollars,2,8.769237514798088e-05
1707,encourage,2,8.769237514798088e-05
1708,babies,2,8.769237514798088e-05
1709,trend,2,8.769237514798088e-05
1710,modest,2,8.769237514798088e-05
1711,consistently,2,8.769237514798088e-05
1712,statistics,2,8.769237514798088e-05
1713,disagree,2,8.769237514798088e-05
1714,fertility,2,8.769237514798088e-05
1715,monthly,2,8.769237514798088e-05
1716,births,2,8.769237514798088e-05
1717,tracked,2,8.769237514798088e-05
1718,mid,2,8.769237514798088e-05
1719,kim,2,8.769237514798088e-05
1720,jin,2,8.769237514798088e-05
1721,burden,2,8.769237514798088e-05
1722,child,2,8.769237514798088e-05
1723,cited,2,8.769237514798088e-05
1724,payment,2,8.769237514798088e-05
1725,fees,2,8.769237514798088e-05
1726,care,2,8.769237514798088e-05
1727,interest,2,8.769237514798088e-05
1728,difference,2,8.769237514798088e-05
1729,school,2,8.769237514798088e-05
1730,positions,2,8.769237514798088e-05
1731,player,2,8.769237514798088e-05
1732,conflicts,2,8.769237514798088e-05
1733,analysts,2,8.769237514798088e-05
1734,emerged,2,8.769237514798088e-05
1735,presumptive,2,8.769237514798088e-05
1736,flew,2,8.769237514798088e-05
1737,miami,2,8.769237514798088e-05
1738,da,2,8.769237514798088e-05
1739,silva,2,8.769237514798088e-05
1740,intensified,2,8.769237514798088e-05
1741,matters,2,8.769237514798088e-05
1742,entered,2,8.769237514798088e-05
1743,positive,2,8.769237514798088e-05
1744,good,2,8.769237514798088e-05
1745,bilateral,2,8.769237514798088e-05
1746,satisfied,2,8.769237514798088e-05
1747,thing,2,8.769237514798088e-05
1748,imposed,2,8.769237514798088e-05
1749,goods,2,8.769237514798088e-05
1750,persisted,2,8.769237514798088e-05
1751,recently,2,8.769237514798088e-05
1752,probe,2,8.769237514798088e-05
1753,pix,2,8.769237514798088e-05
1754,breakthrough,2,8.769237514798088e-05
1755,establish,2,8.769237514798088e-05
1756,personally,2,8.769237514798088e-05
1757,proposed,2,8.769237514798088e-05
1758,breathing,2,8.769237514798088e-05
1759,prepare,2,8.769237514798088e-05
1760,presidents,2,8.769237514798088e-05
1761,win,2,8.769237514798088e-05
1762,suddenly,2,8.769237514798088e-05
1763,alternative,2,8.769237514798088e-05
1764,chains,2,8.769237514798088e-05
1765,door,2,8.769237514798088e-05
1766,model,2,8.769237514798088e-05
1767,wealth,2,8.769237514798088e-05
1768,nature,2,8.769237514798088e-05
1769,passed,2,8.769237514798088e-05
1770,equally,2,8.769237514798088e-05
1771,possibility,2,8.769237514798088e-05
1772,discussing,2,8.769237514798088e-05
1773,republican,2,8.769237514798088e-05
1774,september,2,8.769237514798088e-05
1775,shared,2,8.769237514798088e-05
1776,climate,2,8.769237514798088e-05
1777,heads,2,8.769237514798088e-05
1778,success,2,8.769237514798088e-05
1779,june,2,8.769237514798088e-05
1780,opens,2,8.769237514798088e-05
1781,geopolitical,2,8.769237514798088e-05
1782,contested,2,8.769237514798088e-05
1783,limited,2,8.769237514798088e-05
1784,abuses,2,8.769237514798088e-05
1785,artist,2,8.769237514798088e-05
1786,politics,2,8.769237514798088e-05
1787,visitors,2,8.769237514798088e-05
1788,pavilion,2,8.769237514798088e-05
1789,curated,2,8.769237514798088e-05
1790,clashed,2,8.769237514798088e-05
1791,sculpture,2,8.769237514798088e-05
1792,rooted,2,8.769237514798088e-05
1793,practices,2,8.769237514798088e-05
1794,minority,2,8.769237514798088e-05
1795,chosen,2,8.769237514798088e-05
1796,meant,2,8.769237514798088e-05
1797,legacy,2,8.769237514798088e-05
1798,spaces,2,8.769237514798088e-05
1799,fainaru,2,8.769237514798088e-05
1800,suspended,2,8.769237514798088e-05
1801,pool,2,8.769237514798088e-05
1802,conservationists,2,8.769237514798088e-05
1803,doors,2,8.769237514798088e-05
1804,ceilings,2,8.769237514798088e-05
1805,residence,2,8.769237514798088e-05
1806,sprawling,2,8.769237514798088e-05
1807,detailed,2,8.769237514798088e-05
1808,underway,2,8.769237514798088e-05
1809,technical,2,8.769237514798088e-05
1810,department,2,8.769237514798088e-05
1811,teams,2,8.769237514798088e-05
1812,structures,2,8.769237514798088e-05
1813,preventing,2,8.769237514798088e-05
1814,collapse,2,8.769237514798088e-05
1815,stable,2,8.769237514798088e-05
1816,noting,2,8.769237514798088e-05
1817,fifty,2,8.769237514798088e-05
1818,hall,2,8.769237514798088e-05
1819,marble,2,8.769237514798088e-05
1820,seriously,2,8.769237514798088e-05
1821,lingers,2,8.769237514798088e-05
1822,locations,2,8.769237514798088e-05
1823,park,2,8.769237514798088e-05
1824,sky,2,8.769237514798088e-05
1825,housing,2,8.769237514798088e-05
1826,occurred,2,8.769237514798088e-05
1827,lasting,2,8.769237514798088e-05
1828,originality,2,8.769237514798088e-05
1829,announce,2,8.769237514798088e-05
1830,budget,2,8.769237514798088e-05
1831,impact,2,8.769237514798088e-05
1832,secure,2,8.769237514798088e-05
1833,restoring,2,8.769237514798088e-05
1834,base,2,8.769237514798088e-05
1835,established,2,8.769237514798088e-05
1836,makeshift,2,8.769237514798088e-05
1837,confirming,2,8.769237514798088e-05
1838,wall,2,8.769237514798088e-05
1839,nigeria,2,8.769237514798088e-05
1840,nigerian,2,8.769237514798088e-05
1841,gangs,2,8.769237514798088e-05
1842,zamfara,2,8.769237514798088e-05
1843,51st,2,8.769237514798088e-05
1844,venezuela,2,8.769237514798088e-05
1845,capture,2,8.769237514798088e-05
1846,decline,2,8.769237514798088e-05
1847,explore,2,8.769237514798088e-05
1848,ai,2,8.769237514798088e-05
1849,controls,2,8.769237514798088e-05
1850,yi,2,8.769237514798088e-05
1851,instead,2,8.769237514798088e-05
1852,banquet,2,8.769237514798088e-05
1853,progress,2,8.769237514798088e-05
1854,commitments,2,8.769237514798088e-05
1855,imports,2,8.769237514798088e-05
1856,priority,2,8.769237514798088e-05
1857,semi,2,8.769237514798088e-05
1858,anchor,2,8.769237514798088e-05
1859,topic,2,8.769237514798088e-05
1860,always,2,8.769237514798088e-05
1861,destabilising,2,8.769237514798088e-05
1862,regards,2,8.769237514798088e-05
1863,similarly,2,8.769237514798088e-05
1864,meetings,2,8.769237514798088e-05
1865,core,2,8.769237514798088e-05
1866,supports,2,8.769237514798088e-05
1867,community,2,8.769237514798088e-05
1868,shares,2,8.769237514798088e-05
1869,stage,2,8.769237514798088e-05
1870,hosting,2,8.769237514798088e-05
1871,observers,2,8.769237514798088e-05
1872,wide,2,8.769237514798088e-05
1873,traction,2,8.769237514798088e-05
1874,hindu,2,8.769237514798088e-05
1875,outcomes,2,8.769237514798088e-05
1876,patience,2,8.769237514798088e-05
1877,paper,2,8.769237514798088e-05
1878,studies,2,8.769237514798088e-05
1879,comprehensive,2,8.769237514798088e-05
1880,strengthen,2,8.769237514798088e-05
1881,pledges,2,8.769237514798088e-05
1882,acknowledged,2,8.769237514798088e-05
1883,legislation,2,8.769237514798088e-05
1884,details,2,8.769237514798088e-05
1885,nativist,2,8.769237514798088e-05
1886,greens,2,8.769237514798088e-05
1887,plaid,2,8.769237514798088e-05
1888,cymru,2,8.769237514798088e-05
1889,dominated,2,8.769237514798088e-05
1890,direction,2,8.769237514798088e-05
1891,spending,2,8.769237514798088e-05
1892,mandelson,2,8.769237514798088e-05
1893,associate,2,8.769237514798088e-05
1894,convicted,2,8.769237514798088e-05
1895,formerly,2,8.769237514798088e-05
1896,backing,2,8.769237514798088e-05
1897,prove,2,8.769237514798088e-05
1898,doubters,2,8.769237514798088e-05
1899,nor,2,8.769237514798088e-05
1900,green,2,8.769237514798088e-05
1901,westminster,2,8.769237514798088e-05
1902,reached,2,8.769237514798088e-05
1903,deadlock,2,8.769237514798088e-05
1904,consequences,2,8.769237514798088e-05
1905,stronger,2,8.769237514798088e-05
1906,immediately,2,8.769237514798088e-05
1907,barrot,2,8.769237514798088e-05
1908,decided,2,8.769237514798088e-05
1909,colonisation,2,8.769237514798088e-05
1910,sanctioning,2,8.769237514798088e-05
1911,agree,2,8.769237514798088e-05
1912,masterminded,2,8.769237514798088e-05
1913,checkpoint,2,8.769237514798088e-05
1914,considering,2,8.769237514798088e-05
1915,renewing,2,8.769237514798088e-05
1916,abandoned,2,8.769237514798088e-05
1917,returns,2,8.769237514798088e-05
1918,sisters,2,8.769237514798088e-05
1919,epuyen,2,8.769237514798088e-05
1920,memories,2,8.769237514798088e-05
1921,dad,2,8.769237514798088e-05
1922,nobody,2,8.769237514798088e-05
1923,family,2,8.769237514798088e-05
1924,recorded,2,8.769237514798088e-05
1925,situated,2,8.769237514798088e-05
1926,attending,2,8.769237514798088e-05
1927,birthday,2,8.769237514798088e-05
1928,got,2,8.769237514798088e-05
1929,cemetery,2,8.769237514798088e-05
1930,suspected,2,8.769237514798088e-05
1931,outbreaks,2,8.769237514798088e-05
1932,mob,2,8.769237514798088e-05
1933,cured,2,8.769237514798088e-05
1934,killings,2,8.769237514798088e-05
1935,happening,2,8.769237514798088e-05
1936,nearby,2,8.769237514798088e-05
1937,stories,2,8.769237514798088e-05
1938,started,2,8.769237514798088e-05
1939,watching,2,8.769237514798088e-05
1940,clips,2,8.769237514798088e-05
1941,tiktok,2,8.769237514798088e-05
1942,moved,2,8.769237514798088e-05
1943,whatsapp,2,8.769237514798088e-05
1944,settled,2,8.769237514798088e-05
1945,falsehood,2,8.769237514798088e-05
1946,strangers,2,8.769237514798088e-05
1947,remained,2,8.769237514798088e-05
1948,related,2,8.769237514798088e-05
1949,unfamiliar,2,8.769237514798088e-05
1950,supposed,2,8.769237514798088e-05
1951,john,2,8.769237514798088e-05
1952,wife,2,8.769237514798088e-05
1953,attacked,2,8.769237514798088e-05
1954,mobs,2,8.769237514798088e-05
1955,existed,2,8.769237514798088e-05
1956,ghana,2,8.769237514798088e-05
1957,penis,2,8.769237514798088e-05
1958,genital,2,8.769237514798088e-05
1959,1990s,2,8.769237514798088e-05
1960,beaten,2,8.769237514798088e-05
1961,dozen,2,8.769237514798088e-05
1962,study,2,8.769237514798088e-05
1963,larger,2,8.769237514798088e-05
1964,radio,2,8.769237514798088e-05
1965,rapidly,2,8.769237514798088e-05
1966,fully,2,8.769237514798088e-05
1967,testimonies,2,8.769237514798088e-05
1968,shaped,2,8.769237514798088e-05
1969,themselves,2,8.769237514798088e-05
1970,asking,2,8.769237514798088e-05
1971,confirm,2,8.769237514798088e-05
1972,programmes,2,8.769237514798088e-05
1973,aimed,2,8.769237514798088e-05
1974,declared,2,8.769237514798088e-05
1975,heat,2,8.769237514798088e-05
1976,equals,2,8.769237514798088e-05
1977,offers,2,8.769237514798088e-05
1978,colonies,2,8.769237514798088e-05
1979,handed,2,8.769237514798088e-05
1980,forced,2,8.769237514798088e-05
1981,emmanuel,2,8.769237514798088e-05
1982,sensitive,2,8.769237514798088e-05
1983,locals,2,8.769237514798088e-05
1984,ravaged,2,8.769237514798088e-05
1985,migrants,2,8.769237514798088e-05
1986,eye,2,8.769237514798088e-05
1987,ouster,2,8.769237514798088e-05
1988,engage,2,8.769237514798088e-05
1989,ursula,2,8.769237514798088e-05
1990,von,2,8.769237514798088e-05
1991,der,2,8.769237514798088e-05
1992,leyen,2,8.769237514798088e-05
1993,everything,2,8.769237514798088e-05
1994,bold,2,8.769237514798088e-05
1995,millions,2,8.769237514798088e-05
1996,depend,2,8.769237514798088e-05
1997,food,2,8.769237514798088e-05
1998,deals,2,8.769237514798088e-05
1999,dwindled,2,8.769237514798088e-05
2000,ambitious,2,8.769237514798088e-05
2001,association,2,8.769237514798088e-05
2002,egypt,2,8.769237514798088e-05
2003,cautioned,2,8.769237514798088e-05
2004,transitional,2,8.769237514798088e-05
2005,ensuring,2,8.769237514798088e-05
2006,steps,2,8.769237514798088e-05
2007,revive,2,8.769237514798088e-05
2008,nationals,2,8.769237514798088e-05
2009,lion,2,8.769237514798088e-05
2010,merz,2,8.769237514798088e-05
2011,consider,2,8.769237514798088e-05
2012,ended,2,8.769237514798088e-05
2013,apartment,2,8.769237514798088e-05
2014,buildings,2,8.769237514798088e-05
2015,expired,2,8.769237514798088e-05
2016,chose,2,8.769237514798088e-05
2017,partial,2,8.769237514798088e-05
2018,paramilitary,2,8.769237514798088e-05
2019,iron,2,8.769237514798088e-05
2020,dome,2,8.769237514798088e-05
2021,missile,2,8.769237514798088e-05
2022,batteries,2,8.769237514798088e-05
2023,qassem,2,8.769237514798088e-05
2024,rigged,2,8.769237514798088e-05
2025,rickshaw,2,8.769237514798088e-05
2026,bazaar,2,8.769237514798088e-05
2027,wounding,2,8.769237514798088e-05
2028,pm,2,8.769237514798088e-05
2029,challengers,2,8.769237514798088e-05
2030,expects,2,8.769237514798088e-05
2031,reportedly,2,8.769237514798088e-05
2032,coalesced,2,8.769237514798088e-05
2033,replacement,2,8.769237514798088e-05
2034,referring,2,8.769237514798088e-05
2035,saw,2,8.769237514798088e-05
2036,supporters,2,8.769237514798088e-05
2037,view,2,8.769237514798088e-05
2038,reed,2,8.769237514798088e-05
2039,landslide,2,8.769237514798088e-05
2040,worker,2,8.769237514798088e-05
2041,wary,2,8.769237514798088e-05
2042,heavily,2,8.769237514798088e-05
2043,migrant,2,8.769237514798088e-05
2044,crash,2,8.769237514798088e-05
2045,total,2,8.769237514798088e-05
2046,data,2,8.769237514798088e-05
2047,construction,2,8.769237514798088e-05
2048,agriculture,2,8.769237514798088e-05
2049,funds,2,8.769237514798088e-05
2050,regarding,2,8.769237514798088e-05
2051,hostilities,2,8.769237514798088e-05
2052,tourism,2,8.769237514798088e-05
2053,pointing,2,8.769237514798088e-05
2054,quarter,2,8.769237514798088e-05
2055,basis,2,8.769237514798088e-05
2056,earnings,2,8.769237514798088e-05
2057,sectors,2,8.769237514798088e-05
2058,inflation,2,8.769237514798088e-05
2059,increase,2,8.769237514798088e-05
2060,impacting,2,8.769237514798088e-05
2061,offer,2,8.769237514798088e-05
2062,closely,2,8.769237514798088e-05
2063,level,2,8.769237514798088e-05
2064,unclear,2,8.769237514798088e-05
2065,sharp,2,8.769237514798088e-05
2066,try,2,8.769237514798088e-05
2067,hoping,2,8.769237514798088e-05
2068,why,2,8.769237514798088e-05
2069,tens,2,8.769237514798088e-05
2070,focusing,2,8.769237514798088e-05
2071,strategy,2,8.769237514798088e-05
2072,choice,2,8.769237514798088e-05
2073,daily,2,8.769237514798088e-05
2074,apparent,2,8.769237514798088e-05
2075,pay,2,8.769237514798088e-05
2076,skilled,2,8.769237514798088e-05
2077,purity,2,8.769237514798088e-05
2078,rezaei,2,8.769237514798088e-05
2079,grade,2,8.769237514798088e-05
2080,options,2,8.769237514798088e-05
2081,posted,2,8.769237514798088e-05
2082,roughly,2,8.769237514798088e-05
2083,erupted,2,8.769237514798088e-05
2084,airfield,2,8.769237514798088e-05
2085,hegseth,2,8.769237514798088e-05
2086,respond,2,8.769237514798088e-05
2087,wouldn,2,8.769237514798088e-05
2088,fair,2,8.769237514798088e-05
2089,crunch,2,8.769237514798088e-05
2090,tokyo,2,8.769237514798088e-05
2091,leading,2,8.769237514798088e-05
2092,chip,2,8.769237514798088e-05
2093,maker,2,8.769237514798088e-05
2094,calbee,2,8.769237514798088e-05
2095,colours,2,8.769237514798088e-05
2096,photos,2,8.769237514798088e-05
2097,materials,2,8.769237514798088e-05
2098,snack,2,8.769237514798088e-05
2099,industries,2,8.769237514798088e-05
2100,japanese,2,8.769237514798088e-05
2101,kinds,2,8.769237514798088e-05
2102,recommend,2,8.769237514798088e-05
2103,manoj,2,8.769237514798088e-05
2104,sapana,2,8.769237514798088e-05
2105,pradhan,2,8.769237514798088e-05
2106,argue,2,8.769237514798088e-05
2107,fourth,2,8.769237514798088e-05
2108,bypassed,2,8.769237514798088e-05
2109,predictable,2,8.769237514798088e-05
2110,words,2,8.769237514798088e-05
2111,thirds,2,8.769237514798088e-05
2112,moment,2,8.769237514798088e-05
2113,rsp,2,8.769237514798088e-05
2114,shah,2,8.769237514798088e-05
2115,youtube,2,8.769237514798088e-05
2116,channel,2,8.769237514798088e-05
2117,clearly,2,8.769237514798088e-05
2118,disposal,2,8.769237514798088e-05
2119,allows,2,8.769237514798088e-05
2120,poudel,2,8.769237514798088e-05
2121,previously,2,8.769237514798088e-05
2122,consensus,2,8.769237514798088e-05
2123,chair,2,8.769237514798088e-05
2124,institutions,2,8.769237514798088e-05
2125,holds,2,8.769237514798088e-05
2126,once,2,8.769237514798088e-05
2127,lawyers,2,8.769237514798088e-05
2128,opposed,2,8.769237514798088e-05
2129,pick,2,8.769237514798088e-05
2130,debate,2,8.769237514798088e-05
2131,bypassing,2,8.769237514798088e-05
2132,avoid,2,8.769237514798088e-05
2133,own,2,8.769237514798088e-05
2134,exhibit,2,8.769237514798088e-05
2135,doj,2,8.769237514798088e-05
2136,library,2,8.769237514798088e-05
2137,act,2,8.769237514798088e-05
2138,deny,2,8.769237514798088e-05
2139,institute,2,8.769237514798088e-05
2140,names,2,8.769237514798088e-05
2141,pop,2,8.769237514798088e-05
2142,dangers,2,8.769237514798088e-05
2143,alliances,2,8.769237514798088e-05
2144,investment,2,8.769237514798088e-05
2145,juntas,2,8.769237514798088e-05
2146,tank,2,8.769237514798088e-05
2147,training,2,8.769237514798088e-05
2148,corps,2,8.769237514798088e-05
2149,mining,2,8.769237514798088e-05
2150,projects,2,8.769237514798088e-05
2151,deposits,2,8.769237514798088e-05
2152,giant,2,8.769237514798088e-05
2153,companies,2,8.769237514798088e-05
2154,operate,2,8.769237514798088e-05
2155,lithium,2,8.769237514798088e-05
2156,electric,2,8.769237514798088e-05
2157,turkey,2,8.769237514798088e-05
2158,notably,2,8.769237514798088e-05
2159,trained,2,8.769237514798088e-05
2160,pragmatic,2,8.769237514798088e-05
2161,stepped,2,8.769237514798088e-05
2162,transparent,2,8.769237514798088e-05
2163,surrender,2,8.769237514798088e-05
2164,highway,2,8.769237514798088e-05
2165,cuts,2,8.769237514798088e-05
2166,universities,2,8.769237514798088e-05
2167,unbreakable,2,8.769237514798088e-05
2168,prior,2,8.769237514798088e-05
2169,minutes,2,8.769237514798088e-05
2170,represents,2,8.769237514798088e-05
2171,reports,2,8.769237514798088e-05
2172,voted,2,8.769237514798088e-05
2173,plans,2,8.769237514798088e-05
2174,shukla,2,8.769237514798088e-05
2175,shahi,2,8.769237514798088e-05
2176,quietly,2,8.769237514798088e-05
2177,gathering,2,8.769237514798088e-05
2178,above,2,8.769237514798088e-05
2179,tricolour,2,8.769237514798088e-05
2180,pineapple,2,8.769237514798088e-05
2181,summer,2,8.769237514798088e-05
2182,uncertainty,2,8.769237514798088e-05
2183,religious,2,8.769237514798088e-05
2184,seminaries,2,8.769237514798088e-05
2185,lived,2,8.769237514798088e-05
2186,alone,2,8.769237514798088e-05
2187,grief,2,8.769237514798088e-05
2188,geopolitics,2,8.769237514798088e-05
2189,abid,2,8.769237514798088e-05
2190,scholar,2,8.769237514798088e-05
2191,describes,2,8.769237514798088e-05
2192,battle,2,8.769237514798088e-05
2193,cruelty,2,8.769237514798088e-05
2194,disappointment,2,8.769237514798088e-05
2195,actively,2,8.769237514798088e-05
2196,letter,2,8.769237514798088e-05
2197,upset,2,8.769237514798088e-05
2198,civilisational,2,8.769237514798088e-05
2199,centuries,2,8.769237514798088e-05
2200,fought,2,8.769237514798088e-05
2201,currently,2,8.769237514798088e-05
2202,conduct,2,8.769237514798088e-05
2203,play,2,8.769237514798088e-05
2204,sales,2,8.769237514798088e-05
2205,greeted,2,8.769237514798088e-05
2206,establishing,2,8.769237514798088e-05
2207,zayed,2,8.769237514798088e-05
2208,nahyan,2,8.769237514798088e-05
2209,manila,2,8.769237514798088e-05
2210,dramatic,2,8.769237514798088e-05
2211,rodrigo,2,8.769237514798088e-05
2212,duterte,2,8.769237514798088e-05
2213,holed,2,8.769237514798088e-05
2214,plea,2,8.769237514798088e-05
2215,ire,2,8.769237514798088e-05
2216,monuments,2,8.769237514798088e-05
2217,unlawful,2,8.769237514798088e-05
2218,registration,2,8.769237514798088e-05
2219,tamone,2,8.769237514798088e-05
2220,krabey,2,8.769237514798088e-05
2221,nar,2,8.769237514798088e-05
2222,psychological,2,8.769237514798088e-05
2223,jailers,2,8.769237514798088e-05
2224,strong,2,8.769237514798088e-05
2225,fled,2,8.769237514798088e-05
2226,gulagu,2,8.769237514798088e-05
2227,net,2,8.769237514798088e-05
2228,deaths,2,8.769237514798088e-05
2229,verify,2,8.769237514798088e-05
2230,reasons,2,8.769237514798088e-05
2231,stands,2,8.769237514798088e-05
2232,treated,2,8.769237514798088e-05
2233,yaroslav,2,8.769237514798088e-05
2234,your,2,8.769237514798088e-05
2235,anymore,2,8.769237514798088e-05
2236,plant,2,8.769237514798088e-05
2237,mounting,2,8.769237514798088e-05
2238,organized,2,8.769237514798088e-05
2239,voter,2,8.769237514798088e-05
2240,finally,2,8.769237514798088e-05
2241,expansion,2,8.769237514798088e-05
2242,smotrich,2,8.769237514798088e-05
2243,reopening,2,8.769237514798088e-05
2244,hostile,2,8.769237514798088e-05
2245,granted,2,8.769237514798088e-05
2246,eight,2,8.769237514798088e-05
2247,eldest,2,8.769237514798088e-05
2248,covered,2,8.769237514798088e-05
2249,eroding,2,8.769237514798088e-05
2250,burying,2,8.769237514798088e-05
2251,remove,2,8.769237514798088e-05
2252,single,2,8.769237514798088e-05
2253,women,2,8.769237514798088e-05
2254,ballistic,2,8.769237514798088e-05
2255,definitely,2,8.769237514798088e-05
2256,shot,2,8.769237514798088e-05
2257,amnesty,2,8.769237514798088e-05
2258,resigns,2,8.769237514798088e-05
2259,stray,2,8.769237514798088e-05
2260,silina,2,8.769237514798088e-05
2261,coalition,2,8.769237514798088e-05
2262,followed,2,8.769237514798088e-05
2263,worsening,2,8.769237514798088e-05
2264,outages,2,8.769237514798088e-05
2265,diaz,2,8.769237514798088e-05
2266,canel,2,8.769237514798088e-05
2267,genocidal,2,8.769237514798088e-05
2268,permission,2,8.769237514798088e-05
2269,targets,2,8.769237514798088e-05
2270,seat,2,8.769237514798088e-05
2271,tax,2,8.769237514798088e-05
2272,nears,2,8.769237514798088e-05
2273,striking,2,8.769237514798088e-05
2274,warning,2,8.769237514798088e-05
2275,extension,2,8.769237514798088e-05
2276,joseph,2,8.769237514798088e-05
2277,aoun,2,8.769237514798088e-05
2278,pass,2,8.769237514798088e-05
2279,telegram,2,8.769237514798088e-05
2280,flees,2,8.769237514798088e-05
2281,ex,2,8.769237514798088e-05
2282,slip,2,8.769237514798088e-05
2283,reformer,2,8.769237514798088e-05
2284,better,2,8.769237514798088e-05
2285,displacing,2,8.769237514798088e-05
2286,fringe,2,8.769237514798088e-05
2287,gaze,2,8.769237514798088e-05
2288,northwards,2,8.769237514798088e-05
2289,anybody,2,8.769237514798088e-05
2290,follows,2,8.769237514798088e-05
2291,testament,2,8.769237514798088e-05
2292,karnei,2,8.769237514798088e-05
2293,shomron,2,8.769237514798088e-05
2294,borders,2,8.769237514798088e-05
2295,river,2,8.769237514798088e-05
2296,sokol,2,8.769237514798088e-05
2297,idf,2,8.769237514798088e-05
2298,maps,2,8.769237514798088e-05
2299,sits,2,8.769237514798088e-05
2300,open,2,8.769237514798088e-05
2301,feel,2,8.769237514798088e-05
2302,policymakers,2,8.769237514798088e-05
2303,hakamada,2,8.769237514798088e-05
2304,appeals,2,8.769237514798088e-05
2305,delayed,2,8.769237514798088e-05
2306,stagnation,2,8.769237514798088e-05
2307,legitimacy,2,8.769237514798088e-05
2308,representative,2,8.769237514798088e-05
2309,pa,2,8.769237514798088e-05
2310,qudwa,2,8.769237514798088e-05
2311,illegitimate,2,8.769237514798088e-05
2312,yasser,2,8.769237514798088e-05
2313,25,1,4.384618757399044e-05
2314,26,1,4.384618757399044e-05
2315,32,1,4.384618757399044e-05
2316,36,1,4.384618757399044e-05
2317,37,1,4.384618757399044e-05
2318,41,1,4.384618757399044e-05
2319,45,1,4.384618757399044e-05
2320,47,1,4.384618757399044e-05
2321,51,1,4.384618757399044e-05
2322,54,1,4.384618757399044e-05
2323,57,1,4.384618757399044e-05
2324,61,1,4.384618757399044e-05
2325,72,1,4.384618757399044e-05
2326,73,1,4.384618757399044e-05
2327,82,1,4.384618757399044e-05
2328,94,1,4.384618757399044e-05
2329,97,1,4.384618757399044e-05
2330,103,1,4.384618757399044e-05
2331,110,1,4.384618757399044e-05
2332,116,1,4.384618757399044e-05
2333,140,1,4.384618757399044e-05
2334,150,1,4.384618757399044e-05
2335,193,1,4.384618757399044e-05
2336,201,1,4.384618757399044e-05
2337,250,1,4.384618757399044e-05
2338,265,1,4.384618757399044e-05
2339,302,1,4.384618757399044e-05
2340,378,1,4.384618757399044e-05
2341,399,1,4.384618757399044e-05
2342,437,1,4.384618757399044e-05
2343,580,1,4.384618757399044e-05
2344,600,1,4.384618757399044e-05
2345,620,1,4.384618757399044e-05
2346,652,1,4.384618757399044e-05
2347,675,1,4.384618757399044e-05
2348,800,1,4.384618757399044e-05
2349,815,1,4.384618757399044e-05
2350,850,1,4.384618757399044e-05
2351,900,1,4.384618757399044e-05
2352,915,1,4.384618757399044e-05
2353,1967,1,4.384618757399044e-05
2354,1981,1,4.384618757399044e-05
2355,1994,1,4.384618757399044e-05
2356,1998,1,4.384618757399044e-05
2357,2006,1,4.384618757399044e-05
2358,2008,1,4.384618757399044e-05
2359,2010,1,4.384618757399044e-05
2360,2014,1,4.384618757399044e-05
2361,2018,1,4.384618757399044e-05
2362,2020,1,4.384618757399044e-05
2363,2021,1,4.384618757399044e-05
2364,2027,1,4.384618757399044e-05
2365,2032,1,4.384618757399044e-05
2366,combative,1,4.384618757399044e-05
2367,narrative,1,4.384618757399044e-05
2368,typically,1,4.384618757399044e-05
2369,pomp,1,4.384618757399044e-05
2370,grandeur,1,4.384618757399044e-05
2371,spate,1,4.384618757399044e-05
2372,ramp,1,4.384618757399044e-05
2373,downsize,1,4.384618757399044e-05
2374,celebrations,1,4.384618757399044e-05
2375,vastly,1,4.384618757399044e-05
2376,hardware,1,4.384618757399044e-05
2377,handful,1,4.384618757399044e-05
2378,dignitaries,1,4.384618757399044e-05
2379,attendance,1,4.384618757399044e-05
2380,observe,1,4.384618757399044e-05
2381,minute,1,4.384618757399044e-05
2382,proceedings,1,4.384618757399044e-05
2383,invoked,1,4.384618757399044e-05
2384,rally,1,4.384618757399044e-05
2385,inspiring,1,4.384618757399044e-05
2386,feat,1,4.384618757399044e-05
2387,generation,1,4.384618757399044e-05
2388,victors,1,4.384618757399044e-05
2389,inspires,1,4.384618757399044e-05
2390,confronting,1,4.384618757399044e-05
2391,heroes,1,4.384618757399044e-05
2392,firmly,1,4.384618757399044e-05
2393,hurry,1,4.384618757399044e-05
2394,clinch,1,4.384618757399044e-05
2395,getting,1,4.384618757399044e-05
2396,complicated,1,4.384618757399044e-05
2397,misgav,1,4.384618757399044e-05
2398,survivor,1,4.384618757399044e-05
2399,campaign,1,4.384618757399044e-05
2400,latin,1,4.384618757399044e-05
2401,provided,1,4.384618757399044e-05
2402,evidence,1,4.384618757399044e-05
2403,profile,1,4.384618757399044e-05
2404,clergy,1,4.384618757399044e-05
2405,anuradhapura,1,4.384618757399044e-05
2406,pallegama,1,4.384618757399044e-05
2407,hemarathana,1,4.384618757399044e-05
2408,priest,1,4.384618757399044e-05
2409,budapest,1,4.384618757399044e-05
2410,oath,1,4.384618757399044e-05
2411,viktor,1,4.384618757399044e-05
2412,autocratic,1,4.384618757399044e-05
2413,tisza,1,4.384618757399044e-05
2414,defeated,1,4.384618757399044e-05
2415,fidesz,1,4.384618757399044e-05
2416,stunning,1,4.384618757399044e-05
2417,blow,1,4.384618757399044e-05
2418,gaining,1,4.384618757399044e-05
2419,transform,1,4.384618757399044e-05
2420,dynamics,1,4.384618757399044e-05
2421,agnes,1,4.384618757399044e-05
2422,forsthoffer,1,4.384618757399044e-05
2423,ordered,1,4.384618757399044e-05
2424,hung,1,4.384618757399044e-05
2425,tonight,1,4.384618757399044e-05
2426,reliability,1,4.384618757399044e-05
2427,counterpart,1,4.384618757399044e-05
2428,escalation,1,4.384618757399044e-05
2429,numerous,1,4.384618757399044e-05
2430,motivation,1,4.384618757399044e-05
2431,account,1,4.384618757399044e-05
2432,isna,1,4.384618757399044e-05
2433,violation,1,4.384618757399044e-05
2434,terrorism,1,4.384618757399044e-05
2435,ceased,1,4.384618757399044e-05
2436,flare,1,4.384618757399044e-05
2437,sea,1,4.384618757399044e-05
2438,lane,1,4.384618757399044e-05
2439,extract,1,4.384618757399044e-05
2440,tolls,1,4.384618757399044e-05
2441,leverage,1,4.384618757399044e-05
2442,unacceptable,1,4.384618757399044e-05
2443,esmaeil,1,4.384618757399044e-05
2444,baqaei,1,4.384618757399044e-05
2445,abdulrahman,1,4.384618757399044e-05
2446,thani,1,4.384618757399044e-05
2447,vance,1,4.384618757399044e-05
2448,broker,1,4.384618757399044e-05
2449,disillusioned,1,4.384618757399044e-05
2450,electorate,1,4.384618757399044e-05
2451,ballots,1,4.384618757399044e-05
2452,conservatives,1,4.384618757399044e-05
2453,lesson,1,4.384618757399044e-05
2454,tacking,1,4.384618757399044e-05
2455,newspaper,1,4.384618757399044e-05
2456,immigrant,1,4.384618757399044e-05
2457,politician,1,4.384618757399044e-05
2458,scottish,1,4.384618757399044e-05
2459,welsh,1,4.384618757399044e-05
2460,tallied,1,4.384618757399044e-05
2461,clive,1,4.384618757399044e-05
2462,betts,1,4.384618757399044e-05
2463,decisive,1,4.384618757399044e-05
2464,sustain,1,4.384618757399044e-05
2465,unnecessary,1,4.384618757399044e-05
2466,mistakes,1,4.384618757399044e-05
2467,warns,1,4.384618757399044e-05
2468,restive,1,4.384618757399044e-05
2469,provinces,1,4.384618757399044e-05
2470,monusco,1,4.384618757399044e-05
2471,adf,1,4.384618757399044e-05
2472,defends,1,4.384618757399044e-05
2473,slap,1,4.384618757399044e-05
2474,grupo,1,4.384618757399044e-05
2475,administraci,1,4.384618757399044e-05
2476,empresarial,1,4.384618757399044e-05
2477,anything,1,4.384618757399044e-05
2478,makes,1,4.384618757399044e-05
2479,pockets,1,4.384618757399044e-05
2480,insiders,1,4.384618757399044e-05
2481,economist,1,4.384618757399044e-05
2482,pavel,1,4.384618757399044e-05
2483,vidal,1,4.384618757399044e-05
2484,paralysed,1,4.384618757399044e-05
2485,shipments,1,4.384618757399044e-05
2486,fiery,1,4.384618757399044e-05
2487,circumstances,1,4.384618757399044e-05
2488,investigate,1,4.384618757399044e-05
2489,bribery,1,4.384618757399044e-05
2490,ciaboc,1,4.384618757399044e-05
2491,purchase,1,4.384618757399044e-05
2492,podujana,1,4.384618757399044e-05
2493,slpp,1,4.384618757399044e-05
2494,giving,1,4.384618757399044e-05
2495,lkr,1,4.384618757399044e-05
2496,bribes,1,4.384618757399044e-05
2497,demonstrations,1,4.384618757399044e-05
2498,updated,1,4.384618757399044e-05
2499,wilful,1,4.384618757399044e-05
2500,prohibited,1,4.384618757399044e-05
2501,demonstration,1,4.384618757399044e-05
2502,nazis,1,4.384618757399044e-05
2503,disorder,1,4.384618757399044e-05
2504,justified,1,4.384618757399044e-05
2505,lyon,1,4.384618757399044e-05
2506,salutes,1,4.384618757399044e-05
2507,demonstrators,1,4.384618757399044e-05
2508,respected,1,4.384618757399044e-05
2509,confrontations,1,4.384618757399044e-05
2510,tolerated,1,4.384618757399044e-05
2511,source,1,4.384618757399044e-05
2512,intent,1,4.384618757399044e-05
2513,fined,1,4.384618757399044e-05
2514,comply,1,4.384618757399044e-05
2515,raphael,1,4.384618757399044e-05
2516,ayma,1,4.384618757399044e-05
2517,leads,1,4.384618757399044e-05
2518,neo,1,4.384618757399044e-05
2519,unrest,1,4.384618757399044e-05
2520,ones,1,4.384618757399044e-05
2521,demonstrate,1,4.384618757399044e-05
2522,deports,1,4.384618757399044e-05
2523,deported,1,4.384618757399044e-05
2524,aboard,1,4.384618757399044e-05
2525,greece,1,4.384618757399044e-05
2526,suffered,1,4.384618757399044e-05
2527,bunia,1,4.384618757399044e-05
2528,ethnic,1,4.384618757399044e-05
2529,hema,1,4.384618757399044e-05
2530,locked,1,4.384618757399044e-05
2531,codeco,1,4.384618757399044e-05
2532,raided,1,4.384618757399044e-05
2533,atif,1,4.384618757399044e-05
2534,najib,1,4.384618757399044e-05
2535,amounting,1,4.384618757399044e-05
2536,daraa,1,4.384618757399044e-05
2537,cradle,1,4.384618757399044e-05
2538,uprising,1,4.384618757399044e-05
2539,trials,1,4.384618757399044e-05
2540,absentia,1,4.384618757399044e-05
2541,responds,1,4.384618757399044e-05
2542,proposalas,1,4.384618757399044e-05
2543,directive,1,4.384618757399044e-05
2544,permanently,1,4.384618757399044e-05
2545,fights,1,4.384618757399044e-05
2546,ensure,1,4.384618757399044e-05
2547,roll,1,4.384618757399044e-05
2548,program,1,4.384618757399044e-05
2549,commenting,1,4.384618757399044e-05
2550,rest,1,4.384618757399044e-05
2551,mojtaba,1,4.384618757399044e-05
2552,khamenei,1,4.384618757399044e-05
2553,directives,1,4.384618757399044e-05
2554,continuation,1,4.384618757399044e-05
2555,confrontation,1,4.384618757399044e-05
2556,enemies,1,4.384618757399044e-05
2557,broadcaster,1,4.384618757399044e-05
2558,entering,1,4.384618757399044e-05
2559,casualties,1,4.384618757399044e-05
2560,flow,1,4.384618757399044e-05
2561,gas,1,4.384618757399044e-05
2562,fertilizer,1,4.384618757399044e-05
2563,rattling,1,4.384618757399044e-05
2564,blockaded,1,4.384618757399044e-05
2565,breach,1,4.384618757399044e-05
2566,sticking,1,4.384618757399044e-05
2567,intend,1,4.384618757399044e-05
2568,steal,1,4.384618757399044e-05
2569,infiltration,1,4.384618757399044e-05
2570,brig,1,4.384618757399044e-05
2571,gen,1,4.384618757399044e-05
2572,akrami,1,4.384618757399044e-05
2573,nia,1,4.384618757399044e-05
2574,isn,1,4.384618757399044e-05
2575,physically,1,4.384618757399044e-05
2576,underscored,1,4.384618757399044e-05
2577,fragility,1,4.384618757399044e-05
2578,maghazi,1,4.384618757399044e-05
2579,refugee,1,4.384618757399044e-05
2580,camp,1,4.384618757399044e-05
2581,younis,1,4.384618757399044e-05
2582,wessam,1,4.384618757399044e-05
2583,abdel,1,4.384618757399044e-05
2584,hadi,1,4.384618757399044e-05
2585,aide,1,4.384618757399044e-05
2586,interior,1,4.384618757399044e-05
2587,persistent,1,4.384618757399044e-05
2588,mourner,1,4.384618757399044e-05
2589,killedin,1,4.384618757399044e-05
2590,self,1,4.384618757399044e-05
2591,proclaimed,1,4.384618757399044e-05
2592,breakaway,1,4.384618757399044e-05
2593,bomber,1,4.384618757399044e-05
2594,gunmen,1,4.384618757399044e-05
2595,explosives,1,4.384618757399044e-05
2596,laden,1,4.384618757399044e-05
2597,district,1,4.384618757399044e-05
2598,khyber,1,4.384618757399044e-05
2599,pakhtunkhwa,1,4.384618757399044e-05
2600,sajjad,1,4.384618757399044e-05
2601,shootout,1,4.384618757399044e-05
2602,collapsed,1,4.384618757399044e-05
2603,rescuers,1,4.384618757399044e-05
2604,conducted,1,4.384618757399044e-05
2605,search,1,4.384618757399044e-05
2606,machinery,1,4.384618757399044e-05
2607,retrieve,1,4.384618757399044e-05
2608,headquarters,1,4.384618757399044e-05
2609,funerals,1,4.384618757399044e-05
2610,slain,1,4.384618757399044e-05
2611,uniformed,1,4.384618757399044e-05
2612,grieving,1,4.384618757399044e-05
2613,relatives,1,4.384618757399044e-05
2614,upon,1,4.384618757399044e-05
2615,muslim,1,4.384618757399044e-05
2616,cleric,1,4.384618757399044e-05
2617,funeral,1,4.384618757399044e-05
2618,asif,1,4.384618757399044e-05
2619,zardari,1,4.384618757399044e-05
2620,condolences,1,4.384618757399044e-05
2621,zadari,1,4.384618757399044e-05
2622,operating,1,4.384618757399044e-05
2623,sanctuaries,1,4.384618757399044e-05
2624,externally,1,4.384618757399044e-05
2625,enforcement,1,4.384618757399044e-05
2626,facilitators,1,4.384618757399044e-05
2627,sponsors,1,4.384618757399044e-05
2628,ittehad,1,4.384618757399044e-05
2629,ul,1,4.384618757399044e-05
2630,mujahideen,1,4.384618757399044e-05
2631,splinter,1,4.384618757399044e-05
2632,tehrik,1,4.384618757399044e-05
2633,witnessed,1,4.384618757399044e-05
2634,providing,1,4.384618757399044e-05
2635,sanctuary,1,4.384618757399044e-05
2636,kabul,1,4.384618757399044e-05
2637,evacuation,1,4.384618757399044e-05
2638,hitvessel,1,4.384618757399044e-05
2639,abona,1,4.384618757399044e-05
2640,occupants,1,4.384618757399044e-05
2641,alarm,1,4.384618757399044e-05
2642,flying,1,4.384618757399044e-05
2643,spain,1,4.384618757399044e-05
2644,repatriation,1,4.384618757399044e-05
2645,fallen,1,4.384618757399044e-05
2646,usually,1,4.384618757399044e-05
2647,spreads,1,4.384618757399044e-05
2648,rodents,1,4.384618757399044e-05
2649,vaccines,1,4.384618757399044e-05
2650,specific,1,4.384618757399044e-05
2651,treatments,1,4.384618757399044e-05
2652,comparisons,1,4.384618757399044e-05
2653,repeat,1,4.384618757399044e-05
2654,flight,1,4.384618757399044e-05
2655,crew,1,4.384618757399044e-05
2656,monica,1,4.384618757399044e-05
2657,garcia,1,4.384618757399044e-05
2658,wearing,1,4.384618757399044e-05
2659,blue,1,4.384618757399044e-05
2660,suits,1,4.384618757399044e-05
2661,disembarking,1,4.384618757399044e-05
2662,dutch,1,4.384618757399044e-05
2663,vessel,1,4.384618757399044e-05
2664,boats,1,4.384618757399044e-05
2665,reach,1,4.384618757399044e-05
2666,tenerife,1,4.384618757399044e-05
2667,tedros,1,4.384618757399044e-05
2668,adhanom,1,4.384618757399044e-05
2669,ghebreyesus,1,4.384618757399044e-05
2670,suggests,1,4.384618757399044e-05
2671,mediated,1,4.384618757399044e-05
2672,strain,1,4.384618757399044e-05
2673,mixed,1,4.384618757399044e-05
2674,spokesman,1,4.384618757399044e-05
2675,dmitry,1,4.384618757399044e-05
2676,peskov,1,4.384618757399044e-05
2677,preferred,1,4.384618757399044e-05
2678,blames,1,4.384618757399044e-05
2679,line,1,4.384618757399044e-05
2680,swap,1,4.384618757399044e-05
2681,flouting,1,4.384618757399044e-05
2682,kind,1,4.384618757399044e-05
2683,ceasefires,1,4.384618757399044e-05
2684,starting,1,4.384618757399044e-05
2685,interfax,1,4.384618757399044e-05
2686,yuri,1,4.384618757399044e-05
2687,ushakov,1,4.384618757399044e-05
2688,witkoff,1,4.384618757399044e-05
2689,jared,1,4.384618757399044e-05
2690,kushner,1,4.384618757399044e-05
2691,suggestion,1,4.384618757399044e-05
2692,coordinate,1,4.384618757399044e-05
2693,proposes,1,4.384618757399044e-05
2694,german,1,4.384618757399044e-05
2695,curtain,1,4.384618757399044e-05
2696,raiser,1,4.384618757399044e-05
2697,commerce,1,4.384618757399044e-05
2698,consultations,1,4.384618757399044e-05
2699,scott,1,4.384618757399044e-05
2700,bessent,1,4.384618757399044e-05
2701,economies,1,4.384618757399044e-05
2702,background,1,4.384618757399044e-05
2703,slapped,1,4.384618757399044e-05
2704,finishing,1,4.384618757399044e-05
2705,touches,1,4.384618757399044e-05
2706,announcements,1,4.384618757399044e-05
2707,welcomes,1,4.384618757399044e-05
2708,dips,1,4.384618757399044e-05
2709,lowest,1,4.384618757399044e-05
2710,birth,1,4.384618757399044e-05
2711,citizens,1,4.384618757399044e-05
2712,cushion,1,4.384618757399044e-05
2713,impacts,1,4.384618757399044e-05
2714,nowhere,1,4.384618757399044e-05
2715,reversing,1,4.384618757399044e-05
2716,causes,1,4.384618757399044e-05
2717,rate,1,4.384618757399044e-05
2718,picked,1,4.384618757399044e-05
2719,records,1,4.384618757399044e-05
2720,uptick,1,4.384618757399044e-05
2721,marriages,1,4.384618757399044e-05
2722,woo,1,4.384618757399044e-05
2723,vouchers,1,4.384618757399044e-05
2724,alleviating,1,4.384618757399044e-05
2725,pregnancy,1,4.384618757399044e-05
2726,childbirth,1,4.384618757399044e-05
2727,rearing,1,4.384618757399044e-05
2728,voucher,1,4.384618757399044e-05
2729,maternity,1,4.384618757399044e-05
2730,subsidies,1,4.384618757399044e-05
2731,transport,1,4.384618757399044e-05
2732,natal,1,4.384618757399044e-05
2733,pays,1,4.384618757399044e-05
2734,parents,1,4.384618757399044e-05
2735,allowance,1,4.384618757399044e-05
2736,loans,1,4.384618757399044e-05
2737,buying,1,4.384618757399044e-05
2738,expanded,1,4.384618757399044e-05
2739,parental,1,4.384618757399044e-05
2740,subsidised,1,4.384618757399044e-05
2741,treatment,1,4.384618757399044e-05
2742,couples,1,4.384618757399044e-05
2743,incentives,1,4.384618757399044e-05
2744,su,1,4.384618757399044e-05
2745,ills,1,4.384618757399044e-05
2746,exorbitant,1,4.384618757399044e-05
2747,tutoring,1,4.384618757399044e-05
2748,bullying,1,4.384618757399044e-05
2749,polls,1,4.384618757399044e-05
2750,victorious,1,4.384618757399044e-05
2751,shobhan,1,4.384618757399044e-05
2752,saxena,1,4.384618757399044e-05
2753,sao,1,4.384618757399044e-05
2754,paulo,1,4.384618757399044e-05
2755,sudden,1,4.384618757399044e-05
2756,rife,1,4.384618757399044e-05
2757,buzz,1,4.384618757399044e-05
2758,mingle,1,4.384618757399044e-05
2759,acrimonious,1,4.384618757399044e-05
2760,palpable,1,4.384618757399044e-05
2761,landed,1,4.384618757399044e-05
2762,warmly,1,4.384618757399044e-05
2763,carpet,1,4.384618757399044e-05
2764,stretched,1,4.384618757399044e-05
2765,posting,1,4.384618757399044e-05
2766,praised,1,4.384618757399044e-05
2767,dynamic,1,4.384618757399044e-05
2768,forbidden,1,4.384618757399044e-05
2769,digital,1,4.384618757399044e-05
2770,upi,1,4.384618757399044e-05
2771,produced,1,4.384618757399044e-05
2772,agreeing,1,4.384618757399044e-05
2773,mechanism,1,4.384618757399044e-05
2774,bring,1,4.384618757399044e-05
2775,whoever,1,4.384618757399044e-05
2776,bras,1,4.384618757399044e-05
2777,lia,1,4.384618757399044e-05
2778,frame,1,4.384618757399044e-05
2779,mind,1,4.384618757399044e-05
2780,anonymity,1,4.384618757399044e-05
2781,expect,1,4.384618757399044e-05
2782,perhaps,1,4.384618757399044e-05
2783,avoided,1,4.384618757399044e-05
2784,contentious,1,4.384618757399044e-05
2785,classification,1,4.384618757399044e-05
2786,twice,1,4.384618757399044e-05
2787,contrary,1,4.384618757399044e-05
2788,word,1,4.384618757399044e-05
2789,celso,1,4.384618757399044e-05
2790,amorim,1,4.384618757399044e-05
2791,projected,1,4.384618757399044e-05
2792,purpose,1,4.384618757399044e-05
2793,prepares,1,4.384618757399044e-05
2794,resisted,1,4.384618757399044e-05
2795,align,1,4.384618757399044e-05
2796,exclusively,1,4.384618757399044e-05
2797,shut,1,4.384618757399044e-05
2798,follow,1,4.384618757399044e-05
2799,precisely,1,4.384618757399044e-05
2800,lot,1,4.384618757399044e-05
2801,investing,1,4.384618757399044e-05
2802,exporting,1,4.384618757399044e-05
2803,behaviour,1,4.384618757399044e-05
2804,winner,1,4.384618757399044e-05
2805,ruffling,1,4.384618757399044e-05
2806,feathers,1,4.384618757399044e-05
2807,investor,1,4.384618757399044e-05
2808,creating,1,4.384618757399044e-05
2809,framework,1,4.384618757399044e-05
2810,treat,1,4.384618757399044e-05
2811,careful,1,4.384618757399044e-05
2812,turf,1,4.384618757399044e-05
2813,feature,1,4.384618757399044e-05
2814,chat,1,4.384618757399044e-05
2815,politically,1,4.384618757399044e-05
2816,clan,1,4.384618757399044e-05
2817,third,1,4.384618757399044e-05
2818,encounter,1,4.384618757399044e-05
2819,remarked,1,4.384618757399044e-05
2820,excellent,1,4.384618757399044e-05
2821,chemistry,1,4.384618757399044e-05
2822,trap,1,4.384618757399044e-05
2823,ambush,1,4.384618757399044e-05
2824,none,1,4.384618757399044e-05
2825,ricardo,1,4.384618757399044e-05
2826,kotscho,1,4.384618757399044e-05
2827,prominent,1,4.384618757399044e-05
2828,commentator,1,4.384618757399044e-05
2829,photographs,1,4.384618757399044e-05
2830,shows,1,4.384618757399044e-05
2831,intensify,1,4.384618757399044e-05
2832,spilled,1,4.384618757399044e-05
2833,contemporary,1,4.384618757399044e-05
2834,art,1,4.384618757399044e-05
2835,chaotic,1,4.384618757399044e-05
2836,edition,1,4.384618757399044e-05
2837,golden,1,4.384618757399044e-05
2838,lions,1,4.384618757399044e-05
2839,loud,1,4.384618757399044e-05
2840,pavilions,1,4.384618757399044e-05
2841,anish,1,4.384618757399044e-05
2842,kapoor,1,4.384618757399044e-05
2843,hate,1,4.384618757399044e-05
2844,giardini,1,4.384618757399044e-05
2845,arsenale,1,4.384618757399044e-05
2846,venues,1,4.384618757399044e-05
2847,participants,1,4.384618757399044e-05
2848,participant,1,4.384618757399044e-05
2849,minor,1,4.384618757399044e-05
2850,keys,1,4.384618757399044e-05
2851,eurovision,1,4.384618757399044e-05
2852,anonymous,1,4.384618757399044e-05
2853,email,1,4.384618757399044e-05
2854,winners,1,4.384618757399044e-05
2855,closing,1,4.384618757399044e-05
2856,november,1,4.384618757399044e-05
2857,opening,1,4.384618757399044e-05
2858,objecting,1,4.384618757399044e-05
2859,feminist,1,4.384618757399044e-05
2860,converged,1,4.384618757399044e-05
2861,remembered,1,4.384618757399044e-05
2862,towering,1,4.384618757399044e-05
2863,feathered,1,4.384618757399044e-05
2864,beaded,1,4.384618757399044e-05
2865,embroidery,1,4.384618757399044e-05
2866,greets,1,4.384618757399044e-05
2867,orleans,1,4.384618757399044e-05
2868,masking,1,4.384618757399044e-05
2869,enslaved,1,4.384618757399044e-05
2870,africans,1,4.384618757399044e-05
2871,costume,1,4.384618757399044e-05
2872,perspectives,1,4.384618757399044e-05
2873,curate,1,4.384618757399044e-05
2874,koyo,1,4.384618757399044e-05
2875,kouoh,1,4.384618757399044e-05
2876,assembled,1,4.384618757399044e-05
2877,artistic,1,4.384618757399044e-05
2878,title,1,4.384618757399044e-05
2879,spotlight,1,4.384618757399044e-05
2880,overlooked,1,4.384618757399044e-05
2881,curators,1,4.384618757399044e-05
2882,everyone,1,4.384618757399044e-05
2883,ourselves,1,4.384618757399044e-05
2884,curator,1,4.384618757399044e-05
2885,marie,1,4.384618757399044e-05
2886,helene,1,4.384618757399044e-05
2887,pereira,1,4.384618757399044e-05
2888,romanian,1,4.384618757399044e-05
2889,belu,1,4.384618757399044e-05
2890,simion,1,4.384618757399044e-05
2891,installation,1,4.384618757399044e-05
2892,water,1,4.384618757399044e-05
2893,drips,1,4.384618757399044e-05
2894,tubes,1,4.384618757399044e-05
2895,cycles,1,4.384618757399044e-05
2896,seconds,1,4.384618757399044e-05
2897,divine,1,4.384618757399044e-05
2898,creative,1,4.384618757399044e-05
2899,mysticism,1,4.384618757399044e-05
2900,boycott,1,4.384618757399044e-05
2901,dialogue,1,4.384618757399044e-05
2902,exclusion,1,4.384618757399044e-05
2903,form,1,4.384618757399044e-05
2904,discrimination,1,4.384618757399044e-05
2905,fearing,1,4.384618757399044e-05
2906,shore,1,4.384618757399044e-05
2907,hang,1,4.384618757399044e-05
2908,shoring,1,4.384618757399044e-05
2909,battered,1,4.384618757399044e-05
2910,stock,1,4.384618757399044e-05
2911,warn,1,4.384618757399044e-05
2912,defining,1,4.384618757399044e-05
2913,shattered,1,4.384618757399044e-05
2914,mirrors,1,4.384618757399044e-05
2915,debris,1,4.384618757399044e-05
2916,ornate,1,4.384618757399044e-05
2917,lie,1,4.384618757399044e-05
2918,scattered,1,4.384618757399044e-05
2919,shockwaves,1,4.384618757399044e-05
2920,gardens,1,4.384618757399044e-05
2921,pools,1,4.384618757399044e-05
2922,halls,1,4.384618757399044e-05
2923,gauging,1,4.384618757399044e-05
2924,closed,1,4.384618757399044e-05
2925,assessed,1,4.384618757399044e-05
2926,specialised,1,4.384618757399044e-05
2927,evaluation,1,4.384618757399044e-05
2928,omid,1,4.384618757399044e-05
2929,specialist,1,4.384618757399044e-05
2930,engineering,1,4.384618757399044e-05
2931,repair,1,4.384618757399044e-05
2932,initial,1,4.384618757399044e-05
2933,estimates,1,4.384618757399044e-05
2934,suggest,1,4.384618757399044e-05
2935,assessment,1,4.384618757399044e-05
2936,blending,1,4.384618757399044e-05
2937,19th,1,4.384618757399044e-05
2938,arts,1,4.384618757399044e-05
2939,architecture,1,4.384618757399044e-05
2940,styles,1,4.384618757399044e-05
2941,motifs,1,4.384618757399044e-05
2942,windows,1,4.384618757399044e-05
2943,jabbar,1,4.384618757399044e-05
2944,avaj,1,4.384618757399044e-05
2945,famed,1,4.384618757399044e-05
2946,mirror,1,4.384618757399044e-05
2947,shimmering,1,4.384618757399044e-05
2948,mosaics,1,4.384618757399044e-05
2949,covering,1,4.384618757399044e-05
2950,throne,1,4.384618757399044e-05
2951,ceremonial,1,4.384618757399044e-05
2952,statues,1,4.384618757399044e-05
2953,mythical,1,4.384618757399044e-05
2954,symbols,1,4.384618757399044e-05
2955,chehel,1,4.384618757399044e-05
2956,sotoun,1,4.384618757399044e-05
2957,masjed,1,4.384618757399044e-05
2958,jame,1,4.384618757399044e-05
2959,mosque,1,4.384618757399044e-05
2960,isfahan,1,4.384618757399044e-05
2961,prehistoric,1,4.384618757399044e-05
2962,khorramabad,1,4.384618757399044e-05
2963,valley,1,4.384618757399044e-05
2964,beyond,1,4.384618757399044e-05
2965,culturally,1,4.384618757399044e-05
2966,hassan,1,4.384618757399044e-05
2967,teymourtash,1,4.384618757399044e-05
2968,saadabad,1,4.384618757399044e-05
2969,vast,1,4.384618757399044e-05
2970,halted,1,4.384618757399044e-05
2971,urban,1,4.384618757399044e-05
2972,sporadic,1,4.384618757399044e-05
2973,coastal,1,4.384618757399044e-05
2974,produce,1,4.384618757399044e-05
2975,woes,1,4.384618757399044e-05
2976,worries,1,4.384618757399044e-05
2977,recover,1,4.384618757399044e-05
2978,character,1,4.384618757399044e-05
2979,rests,1,4.384618757399044e-05
2980,concept,1,4.384618757399044e-05
2981,specialists,1,4.384618757399044e-05
2982,struggles,1,4.384618757399044e-05
2983,offset,1,4.384618757399044e-05
2984,severely,1,4.384618757399044e-05
2985,unfortunately,1,4.384618757399044e-05
2986,overall,1,4.384618757399044e-05
2987,priceless,1,4.384618757399044e-05
2988,baghdad,1,4.384618757399044e-05
2989,airstrip,1,4.384618757399044e-05
2990,journal,1,4.384618757399044e-05
2991,detected,1,4.384618757399044e-05
2992,najaf,1,4.384618757399044e-05
2993,desert,1,4.384618757399044e-05
2994,iraqi,1,4.384618757399044e-05
2995,abuja,1,4.384618757399044e-05
2996,gang,1,4.384618757399044e-05
2997,massacresin,1,4.384618757399044e-05
2998,bandit,1,4.384618757399044e-05
2999,wanting,1,4.384618757399044e-05
3000,hague,1,4.384618757399044e-05
3001,venezuelan,1,4.384618757399044e-05
3002,contemplated,1,4.384618757399044e-05
3003,deposed,1,4.384618757399044e-05
3004,nicolas,1,4.384618757399044e-05
3005,maduro,1,4.384618757399044e-05
3006,delcy,1,4.384618757399044e-05
3007,rodriguez,1,4.384618757399044e-05
3008,venezuelans,1,4.384618757399044e-05
3009,love,1,4.384618757399044e-05
3010,eyes,1,4.384618757399044e-05
3011,gauges,1,4.384618757399044e-05
3012,ease,1,4.384618757399044e-05
3013,ananth,1,4.384618757399044e-05
3014,krishnan,1,4.384618757399044e-05
3015,planned,1,4.384618757399044e-05
3016,arrive,1,4.384618757399044e-05
3017,swagger,1,4.384618757399044e-05
3018,spectacular,1,4.384618757399044e-05
3019,swift,1,4.384618757399044e-05
3020,lands,1,4.384618757399044e-05
3021,hosts,1,4.384618757399044e-05
3022,debating,1,4.384618757399044e-05
3023,limits,1,4.384618757399044e-05
3024,ambitions,1,4.384618757399044e-05
3025,ts,1,4.384618757399044e-05
3026,garner,1,4.384618757399044e-05
3027,heaven,1,4.384618757399044e-05
3028,lavish,1,4.384618757399044e-05
3029,securing,1,4.384618757399044e-05
3030,especially,1,4.384618757399044e-05
3031,agricultural,1,4.384618757399044e-05
3032,reiteration,1,4.384618757399044e-05
3033,advanced,1,4.384618757399044e-05
3034,conductors,1,4.384618757399044e-05
3035,objective,1,4.384618757399044e-05
3036,conversation,1,4.384618757399044e-05
3037,theirs,1,4.384618757399044e-05
3038,events,1,4.384618757399044e-05
3039,occur,1,4.384618757399044e-05
3040,anywhere,1,4.384618757399044e-05
3041,indo,1,4.384618757399044e-05
3042,benefit,1,4.384618757399044e-05
3043,emphasised,1,4.384618757399044e-05
3044,constructive,1,4.384618757399044e-05
3045,bears,1,4.384618757399044e-05
3046,safeguarding,1,4.384618757399044e-05
3047,passage,1,4.384618757399044e-05
3048,criticise,1,4.384618757399044e-05
3049,ordinarily,1,4.384618757399044e-05
3050,underlining,1,4.384618757399044e-05
3051,keenness,1,4.384618757399044e-05
3052,placed,1,4.384618757399044e-05
3053,importance,1,4.384618757399044e-05
3054,regardless,1,4.384618757399044e-05
3055,outcome,1,4.384618757399044e-05
3056,bringing,1,4.384618757399044e-05
3057,valuable,1,4.384618757399044e-05
3058,optics,1,4.384618757399044e-05
3059,showcasing,1,4.384618757399044e-05
3060,audience,1,4.384618757399044e-05
3061,deepened,1,4.384618757399044e-05
3062,perceptions,1,4.384618757399044e-05
3063,acquired,1,4.384618757399044e-05
3064,peking,1,4.384618757399044e-05
3065,dong,1,4.384618757399044e-05
3066,ability,1,4.384618757399044e-05
3067,impose,1,4.384618757399044e-05
3068,unilaterally,1,4.384618757399044e-05
3069,structural,1,4.384618757399044e-05
3070,constrained,1,4.384618757399044e-05
3071,pragmatism,1,4.384618757399044e-05
3072,scholars,1,4.384618757399044e-05
3073,eve,1,4.384618757399044e-05
3074,tsinghua,1,4.384618757399044e-05
3075,competitive,1,4.384618757399044e-05
3076,stance,1,4.384618757399044e-05
3077,pressures,1,4.384618757399044e-05
3078,restrict,1,4.384618757399044e-05
3079,decoupling,1,4.384618757399044e-05
3080,innovation,1,4.384618757399044e-05
3081,technologies,1,4.384618757399044e-05
3082,concluded,1,4.384618757399044e-05
3083,resolve,1,4.384618757399044e-05
3084,promises,1,4.384618757399044e-05
3085,poor,1,4.384618757399044e-05
3086,performance,1,4.384618757399044e-05
3087,subnational,1,4.384618757399044e-05
3088,tories,1,4.384618757399044e-05
3089,proved,1,4.384618757399044e-05
3090,frequent,1,4.384618757399044e-05
3091,conservative,1,4.384618757399044e-05
3092,liz,1,4.384618757399044e-05
3093,truss,1,4.384618757399044e-05
3094,speed,1,4.384618757399044e-05
3095,nationalisation,1,4.384618757399044e-05
3096,sold,1,4.384618757399044e-05
3097,heart,1,4.384618757399044e-05
3098,debacle,1,4.384618757399044e-05
3099,councillors,1,4.384618757399044e-05
3100,councils,1,4.384618757399044e-05
3101,ratings,1,4.384618757399044e-05
3102,overseen,1,4.384618757399044e-05
3103,discord,1,4.384618757399044e-05
3104,immigration,1,4.384618757399044e-05
3105,welfare,1,4.384618757399044e-05
3106,pursuing,1,4.384618757399044e-05
3107,relatively,1,4.384618757399044e-05
3108,centrist,1,4.384618757399044e-05
3109,traditionally,1,4.384618757399044e-05
3110,advocated,1,4.384618757399044e-05
3111,judgment,1,4.384618757399044e-05
3112,paedophile,1,4.384618757399044e-05
3113,catherine,1,4.384618757399044e-05
3114,backbench,1,4.384618757399044e-05
3115,challenger,1,4.384618757399044e-05
3116,shift,1,4.384618757399044e-05
3117,ranked,1,4.384618757399044e-05
3118,therefore,1,4.384618757399044e-05
3119,nationalists,1,4.384618757399044e-05
3120,populists,1,4.384618757399044e-05
3121,scandal,1,4.384618757399044e-05
3122,revealed,1,4.384618757399044e-05
3123,toxic,1,4.384618757399044e-05
3124,cronyism,1,4.384618757399044e-05
3125,zac,1,4.384618757399044e-05
3126,polanski,1,4.384618757399044e-05
3127,progressive,1,4.384618757399044e-05
3128,demand,1,4.384618757399044e-05
3129,hurt,1,4.384618757399044e-05
3130,frustrated,1,4.384618757399044e-05
3131,contenders,1,4.384618757399044e-05
3132,burnhan,1,4.384618757399044e-05
3133,agrees,1,4.384618757399044e-05
3134,unanimous,1,4.384618757399044e-05
3135,carnage,1,4.384618757399044e-05
3136,kaja,1,4.384618757399044e-05
3137,kallas,1,4.384618757399044e-05
3138,extremism,1,4.384618757399044e-05
3139,delivery,1,4.384618757399044e-05
3140,endorse,1,4.384618757399044e-05
3141,jean,1,4.384618757399044e-05
3142,sanction,1,4.384618757399044e-05
3143,guilty,1,4.384618757399044e-05
3144,supporting,1,4.384618757399044e-05
3145,extremist,1,4.384618757399044e-05
3146,intolerable,1,4.384618757399044e-05
3147,cease,1,4.384618757399044e-05
3148,delay,1,4.384618757399044e-05
3149,disarmed,1,4.384618757399044e-05
3150,excluded,1,4.384618757399044e-05
3151,banning,1,4.384618757399044e-05
3152,suspending,1,4.384618757399044e-05
3153,mother,1,4.384618757399044e-05
3154,concluding,1,4.384618757399044e-05
3155,attacker,1,4.384618757399044e-05
3156,car,1,4.384618757399044e-05
3157,affaires,1,4.384618757399044e-05
3158,conveyed,1,4.384618757399044e-05
3159,indicates,1,4.384618757399044e-05
3160,quadcopters,1,4.384618757399044e-05
3161,weaponry,1,4.384618757399044e-05
3162,harbour,1,4.384618757399044e-05
3163,declares,1,4.384618757399044e-05
3164,restarting,1,4.384618757399044e-05
3165,escorts,1,4.384618757399044e-05
3166,rejection,1,4.384618757399044e-05
3167,tenuous,1,4.384618757399044e-05
3168,unbelievably,1,4.384618757399044e-05
3169,weak,1,4.384618757399044e-05
3170,weakest,1,4.384618757399044e-05
3171,fox,1,4.384618757399044e-05
3172,escort,1,4.384618757399044e-05
3173,initiative,1,4.384618757399044e-05
3174,haunt,1,4.384618757399044e-05
3175,patagonian,1,4.384618757399044e-05
3176,epuy,1,4.384618757399044e-05
3177,patagonia,1,4.384618757399044e-05
3178,resurfaced,1,4.384618757399044e-05
3179,losing,1,4.384618757399044e-05
3180,trailing,1,4.384618757399044e-05
3181,voice,1,4.384618757399044e-05
3182,laughed,1,4.384618757399044e-05
3183,nervously,1,4.384618757399044e-05
3184,opting,1,4.384618757399044e-05
3185,read,1,4.384618757399044e-05
3186,knew,1,4.384618757399044e-05
3187,empty,1,4.384618757399044e-05
3188,surpass,1,4.384618757399044e-05
3189,cases,1,4.384618757399044e-05
3190,fatalities,1,4.384618757399044e-05
3191,andes,1,4.384618757399044e-05
3192,aldo,1,4.384618757399044e-05
3193,virus,1,4.384618757399044e-05
3194,infected,1,4.384618757399044e-05
3195,recalled,1,4.384618757399044e-05
3196,locus,1,4.384618757399044e-05
3197,infection,1,4.384618757399044e-05
3198,daughters,1,4.384618757399044e-05
3199,sister,1,4.384618757399044e-05
3200,symptoms,1,4.384618757399044e-05
3201,variant,1,4.384618757399044e-05
3202,transmitted,1,4.384618757399044e-05
3203,droppings,1,4.384618757399044e-05
3204,saliva,1,4.384618757399044e-05
3205,urine,1,4.384618757399044e-05
3206,andean,1,4.384618757399044e-05
3207,mouse,1,4.384618757399044e-05
3208,viral,1,4.384618757399044e-05
3209,monitor,1,4.384618757399044e-05
3210,shikha,1,4.384618757399044e-05
3211,kumari,1,4.384618757399044e-05
3212,whispering,1,4.384618757399044e-05
3213,strange,1,4.384618757399044e-05
3214,sounded,1,4.384618757399044e-05
3215,absurd,1,4.384618757399044e-05
3216,travel,1,4.384618757399044e-05
3217,market,1,4.384618757399044e-05
3218,shrunk,1,4.384618757399044e-05
3219,brushing,1,4.384618757399044e-05
3220,stranger,1,4.384618757399044e-05
3221,else,1,4.384618757399044e-05
3222,taxi,1,4.384618757399044e-05
3223,convinced,1,4.384618757399044e-05
3224,altogether,1,4.384618757399044e-05
3225,appearing,1,4.384618757399044e-05
3226,phones,1,4.384618757399044e-05
3227,pastors,1,4.384618757399044e-05
3228,beside,1,4.384618757399044e-05
3229,claiming,1,4.384618757399044e-05
3230,prayer,1,4.384618757399044e-05
3231,bluetooth,1,4.384618757399044e-05
3232,faster,1,4.384618757399044e-05
3233,information,1,4.384618757399044e-05
3234,ever,1,4.384618757399044e-05
3235,existence,1,4.384618757399044e-05
3236,mysterious,1,4.384618757399044e-05
3237,northeastern,1,4.384618757399044e-05
3238,combined,1,4.384618757399044e-05
3239,simple,1,4.384618757399044e-05
3240,cautiously,1,4.384618757399044e-05
3241,slightly,1,4.384618757399044e-05
3242,depending,1,4.384618757399044e-05
3243,stealing,1,4.384618757399044e-05
3244,travelling,1,4.384618757399044e-05
3245,isangi,1,4.384618757399044e-05
3246,consumed,1,4.384618757399044e-05
3247,tablet,1,4.384618757399044e-05
3248,computers,1,4.384618757399044e-05
3249,questionnaires,1,4.384618757399044e-05
3250,reflective,1,4.384618757399044e-05
3251,jackets,1,4.384618757399044e-05
3252,vaccination,1,4.384618757399044e-05
3253,field,1,4.384618757399044e-05
3254,objects,1,4.384618757399044e-05
3255,routines,1,4.384618757399044e-05
3256,interpreted,1,4.384618757399044e-05
3257,differently,1,4.384618757399044e-05
3258,genitalia,1,4.384618757399044e-05
3259,shrink,1,4.384618757399044e-05
3260,disappear,1,4.384618757399044e-05
3261,tangakeya,1,4.384618757399044e-05
3262,spoken,1,4.384618757399044e-05
3263,celebrating,1,4.384618757399044e-05
3264,explain,1,4.384618757399044e-05
3265,infodemic,1,4.384618757399044e-05
3266,monitors,1,4.384618757399044e-05
3267,dangerous,1,4.384618757399044e-05
3268,independently,1,4.384618757399044e-05
3269,verified,1,4.384618757399044e-05
3270,versions,1,4.384618757399044e-05
3271,travelled,1,4.384618757399044e-05
3272,documented,1,4.384618757399044e-05
3273,episodes,1,4.384618757399044e-05
3274,cameroon,1,4.384618757399044e-05
3275,benin,1,4.384618757399044e-05
3276,periodically,1,4.384618757399044e-05
3277,witchcraft,1,4.384618757399044e-05
3278,supernatural,1,4.384618757399044e-05
3279,snatching,1,4.384618757399044e-05
3280,sorcerers,1,4.384618757399044e-05
3281,attempted,1,4.384618757399044e-05
3282,lynchings,1,4.384618757399044e-05
3283,amplified,1,4.384618757399044e-05
3284,anthropologists,1,4.384618757399044e-05
3285,superstition,1,4.384618757399044e-05
3286,tied,1,4.384618757399044e-05
3287,anxieties,1,4.384618757399044e-05
3288,masculinity,1,4.384618757399044e-05
3289,vulnerability,1,4.384618757399044e-05
3290,societies,1,4.384618757399044e-05
3291,spiritual,1,4.384618757399044e-05
3292,explanations,1,4.384618757399044e-05
3293,misfortune,1,4.384618757399044e-05
3294,embedded,1,4.384618757399044e-05
3295,everyday,1,4.384618757399044e-05
3296,episode,1,4.384618757399044e-05
3297,felt,1,4.384618757399044e-05
3298,taxis,1,4.384618757399044e-05
3299,broadcasts,1,4.384618757399044e-05
3300,featuring,1,4.384618757399044e-05
3301,miracle,1,4.384618757399044e-05
3302,cures,1,4.384618757399044e-05
3303,circulated,1,4.384618757399044e-05
3304,algorithm,1,4.384618757399044e-05
3305,driven,1,4.384618757399044e-05
3306,feeds,1,4.384618757399044e-05
3307,understood,1,4.384618757399044e-05
3308,unfolding,1,4.384618757399044e-05
3309,kisangani,1,4.384618757399044e-05
3310,reposted,1,4.384618757399044e-05
3311,false,1,4.384618757399044e-05
3312,exposed,1,4.384618757399044e-05
3313,deeper,1,4.384618757399044e-05
3314,facing,1,4.384618757399044e-05
3315,distrust,1,4.384618757399044e-05
3316,emergencies,1,4.384618757399044e-05
3317,ebola,1,4.384618757399044e-05
3318,devices,1,4.384618757399044e-05
3319,true,1,4.384618757399044e-05
3320,campaigns,1,4.384618757399044e-05
3321,awareness,1,4.384618757399044e-05
3322,arrests,1,4.384618757399044e-05
3323,circulating,1,4.384618757399044e-05
3324,resurfacing,1,4.384618757399044e-05
3325,analysis,1,4.384618757399044e-05
3326,woos,1,4.384618757399044e-05
3327,anglophone,1,4.384618757399044e-05
3328,pitch,1,4.384618757399044e-05
3329,nairoi,1,4.384618757399044e-05
3330,pitching,1,4.384618757399044e-05
3331,completes,1,4.384618757399044e-05
3332,widely,1,4.384618757399044e-05
3333,focuses,1,4.384618757399044e-05
3334,english,1,4.384618757399044e-05
3335,marks,1,4.384618757399044e-05
3336,maintained,1,4.384618757399044e-05
3337,sway,1,4.384618757399044e-05
3338,fran,1,4.384618757399044e-05
3339,afrique,1,4.384618757399044e-05
3340,demeaning,1,4.384618757399044e-05
3341,francophone,1,4.384618757399044e-05
3342,disagrees,1,4.384618757399044e-05
3343,pact,1,4.384618757399044e-05
3344,ratified,1,4.384618757399044e-05
3345,granting,1,4.384618757399044e-05
3346,immunity,1,4.384618757399044e-05
3347,trail,1,4.384618757399044e-05
3348,prosecute,1,4.384618757399044e-05
3349,revived,1,4.384618757399044e-05
3350,prospects,1,4.384618757399044e-05
3351,reinstate,1,4.384618757399044e-05
3352,asaad,1,4.384618757399044e-05
3353,strongman,1,4.384618757399044e-05
3354,sends,1,4.384618757399044e-05
3355,provisions,1,4.384618757399044e-05
3356,ruthlessly,1,4.384618757399044e-05
3357,cracked,1,4.384618757399044e-05
3358,chapter,1,4.384618757399044e-05
3359,ahmed,1,4.384618757399044e-05
3360,arriving,1,4.384618757399044e-05
3361,caution,1,4.384618757399044e-05
3362,reconstruction,1,4.384618757399044e-05
3363,fleeing,1,4.384618757399044e-05
3364,reality,1,4.384618757399044e-05
3365,appalling,1,4.384618757399044e-05
3366,cards,1,4.384618757399044e-05
3367,peaked,1,4.384618757399044e-05
3368,commissioner,1,4.384618757399044e-05
3369,dubravka,1,4.384618757399044e-05
3370,solid,1,4.384618757399044e-05
3371,resilience,1,4.384618757399044e-05
3372,prosperity,1,4.384618757399044e-05
3373,meantime,1,4.384618757399044e-05
3374,ways,1,4.384618757399044e-05
3375,facilitate,1,4.384618757399044e-05
3376,financing,1,4.384618757399044e-05
3377,rehabilitate,1,4.384618757399044e-05
3378,hospital,1,4.384618757399044e-05
3379,homs,1,4.384618757399044e-05
3380,asylum,1,4.384618757399044e-05
3381,seekers,1,4.384618757399044e-05
3382,numbers,1,4.384618757399044e-05
3383,eventually,1,4.384618757399044e-05
3384,diaspora,1,4.384618757399044e-05
3385,friedrich,1,4.384618757399044e-05
3386,embraced,1,4.384618757399044e-05
3387,tougher,1,4.384618757399044e-05
3388,backlash,1,4.384618757399044e-05
3389,declaring,1,4.384618757399044e-05
3390,hoped,1,4.384618757399044e-05
3391,refugees,1,4.384618757399044e-05
3392,clarifying,1,4.384618757399044e-05
3393,himself,1,4.384618757399044e-05
3394,danish,1,4.384618757399044e-05
3395,likewise,1,4.384618757399044e-05
3396,outspoken,1,4.384618757399044e-05
3397,voluntary,1,4.384618757399044e-05
3398,dignified,1,4.384618757399044e-05
3399,behalf,1,4.384618757399044e-05
3400,pressed,1,4.384618757399044e-05
3401,launching,1,4.384618757399044e-05
3402,restarted,1,4.384618757399044e-05
3403,presided,1,4.384618757399044e-05
3404,anniversary,1,4.384618757399044e-05
3405,aerial,1,4.384618757399044e-05
3406,bombs,1,4.384618757399044e-05
3407,kindergarten,1,4.384618757399044e-05
3408,train,1,4.384618757399044e-05
3409,happens,1,4.384618757399044e-05
3410,traded,1,4.384618757399044e-05
3411,violated,1,4.384618757399044e-05
3412,irgc,1,4.384618757399044e-05
3413,guard,1,4.384618757399044e-05
3414,bubiyan,1,4.384618757399044e-05
3415,funded,1,4.384618757399044e-05
3416,accusation,1,4.384618757399044e-05
3417,naim,1,4.384618757399044e-05
3418,hell,1,4.384618757399044e-05
3419,direct,1,4.384618757399044e-05
3420,geneva,1,4.384618757399044e-05
3421,slams,1,4.384618757399044e-05
3422,childrenfrom,1,4.384618757399044e-05
3423,swelling,1,4.384618757399044e-05
3424,070,1,4.384618757399044e-05
3425,tally,1,4.384618757399044e-05
3426,explodes,1,4.384618757399044e-05
3427,exploded,1,4.384618757399044e-05
3428,resisting,1,4.384618757399044e-05
3429,big,1,4.384618757399044e-05
3430,delivered,1,4.384618757399044e-05
3431,salvage,1,4.384618757399044e-05
3432,shabana,1,4.384618757399044e-05
3433,mahmood,1,4.384618757399044e-05
3434,healey,1,4.384618757399044e-05
3435,lammy,1,4.384618757399044e-05
3436,yvette,1,4.384618757399044e-05
3437,cooper,1,4.384618757399044e-05
3438,orderly,1,4.384618757399044e-05
3439,transition,1,4.384618757399044e-05
3440,writing,1,4.384618757399044e-05
3441,opponents,1,4.384618757399044e-05
3442,changing,1,4.384618757399044e-05
3443,tory,1,4.384618757399044e-05
3444,echoed,1,4.384618757399044e-05
3445,game,1,4.384618757399044e-05
3446,unite,1,4.384618757399044e-05
3447,fuelled,1,4.384618757399044e-05
3448,meera,1,4.384618757399044e-05
3449,srinivasan,1,4.384618757399044e-05
3450,reliant,1,4.384618757399044e-05
3451,boosting,1,4.384618757399044e-05
3452,helping,1,4.384618757399044e-05
3453,lankans,1,4.384618757399044e-05
3454,caregiving,1,4.384618757399044e-05
3455,saudi,1,4.384618757399044e-05
3456,arabia,1,4.384618757399044e-05
3457,routed,1,4.384618757399044e-05
3458,expresses,1,4.384618757399044e-05
3459,expatriate,1,4.384618757399044e-05
3460,paramount,1,4.384618757399044e-05
3461,maximum,1,4.384618757399044e-05
3462,restraint,1,4.384618757399044e-05
3463,naming,1,4.384618757399044e-05
3464,combine,1,4.384618757399044e-05
3465,triggering,1,4.384618757399044e-05
3466,precarity,1,4.384618757399044e-05
3467,contributed,1,4.384618757399044e-05
3468,recording,1,4.384618757399044e-05
3469,cumulatively,1,4.384618757399044e-05
3470,notable,1,4.384618757399044e-05
3471,exceeded,1,4.384618757399044e-05
3472,earners,1,4.384618757399044e-05
3473,monetary,1,4.384618757399044e-05
3474,fund,1,4.384618757399044e-05
3475,steers,1,4.384618757399044e-05
3476,painful,1,4.384618757399044e-05
3477,austerity,1,4.384618757399044e-05
3478,noted,1,4.384618757399044e-05
3479,continued,1,4.384618757399044e-05
3480,commendable,1,4.384618757399044e-05
3481,pointed,1,4.384618757399044e-05
3482,gross,1,4.384618757399044e-05
3483,indirectly,1,4.384618757399044e-05
3484,price,1,4.384618757399044e-05
3485,hikes,1,4.384618757399044e-05
3486,soaring,1,4.384618757399044e-05
3487,ticket,1,4.384618757399044e-05
3488,prices,1,4.384618757399044e-05
3489,arun,1,4.384618757399044e-05
3490,sincerely,1,4.384618757399044e-05
3491,missions,1,4.384618757399044e-05
3492,instructed,1,4.384618757399044e-05
3493,emergency,1,4.384618757399044e-05
3494,helplines,1,4.384618757399044e-05
3495,engaging,1,4.384618757399044e-05
3496,multilateral,1,4.384618757399044e-05
3497,motivate,1,4.384618757399044e-05
3498,anura,1,4.384618757399044e-05
3499,kumara,1,4.384618757399044e-05
3500,dissanayake,1,4.384618757399044e-05
3501,predecessor,1,4.384618757399044e-05
3502,encouraging,1,4.384618757399044e-05
3503,tentative,1,4.384618757399044e-05
3504,persisting,1,4.384618757399044e-05
3505,registered,1,4.384618757399044e-05
3506,passport,1,4.384618757399044e-05
3507,applications,1,4.384618757399044e-05
3508,costs,1,4.384618757399044e-05
3509,scrambling,1,4.384618757399044e-05
3510,enduring,1,4.384618757399044e-05
3511,exploitative,1,4.384618757399044e-05
3512,stabilised,1,4.384618757399044e-05
3513,presently,1,4.384618757399044e-05
3514,heels,1,4.384618757399044e-05
3515,dollar,1,4.384618757399044e-05
3516,shortage,1,4.384618757399044e-05
3517,insisting,1,4.384618757399044e-05
3518,microeconomic,1,4.384618757399044e-05
3519,becomes,1,4.384618757399044e-05
3520,opt,1,4.384618757399044e-05
3521,owing,1,4.384618757399044e-05
3522,prioritised,1,4.384618757399044e-05
3523,fundamentals,1,4.384618757399044e-05
3524,hardships,1,4.384618757399044e-05
3525,defenders,1,4.384618757399044e-05
3526,pledging,1,4.384618757399044e-05
3527,employed,1,4.384618757399044e-05
3528,caregivers,1,4.384618757399044e-05
3529,queried,1,4.384618757399044e-05
3530,janatha,1,4.384618757399044e-05
3531,vimukthi,1,4.384618757399044e-05
3532,jvp,1,4.384618757399044e-05
3533,opportunities,1,4.384618757399044e-05
3534,list,1,4.384618757399044e-05
3535,irregularities,1,4.384618757399044e-05
3536,fraudulent,1,4.384618757399044e-05
3537,streamlined,1,4.384618757399044e-05
3538,separated,1,4.384618757399044e-05
3539,opportunity,1,4.384618757399044e-05
3540,romania,1,4.384618757399044e-05
3541,develop,1,4.384618757399044e-05
3542,reasonable,1,4.384618757399044e-05
3543,warnsof,1,4.384618757399044e-05
3544,enriching,1,4.384618757399044e-05
3545,ebrahim,1,4.384618757399044e-05
3546,enrich,1,4.384618757399044e-05
3547,enrichment,1,4.384618757399044e-05
3548,fate,1,4.384618757399044e-05
3549,400kg,1,4.384618757399044e-05
3550,material,1,4.384618757399044e-05
3551,negotiator,1,4.384618757399044e-05
3552,brink,1,4.384618757399044e-05
3553,throughout,1,4.384618757399044e-05
3554,roiled,1,4.384618757399044e-05
3555,worldwide,1,4.384618757399044e-05
3556,concessions,1,4.384618757399044e-05
3557,appears,1,4.384618757399044e-05
3558,laid,1,4.384618757399044e-05
3559,inconclusive,1,4.384618757399044e-05
3560,bagher,1,4.384618757399044e-05
3561,ghalibaf,1,4.384618757399044e-05
3562,drag,1,4.384618757399044e-05
3563,feet,1,4.384618757399044e-05
3564,taxpayers,1,4.384618757399044e-05
3565,pak,1,4.384618757399044e-05
3566,parked,1,4.384618757399044e-05
3567,planes,1,4.384618757399044e-05
3568,shield,1,4.384618757399044e-05
3569,cbs,1,4.384618757399044e-05
3570,lindsey,1,4.384618757399044e-05
3571,dumping,1,4.384618757399044e-05
3572,appropriations,1,4.384618757399044e-05
3573,sub,1,4.384618757399044e-05
3574,pete,1,4.384618757399044e-05
3575,subcommittee,1,4.384618757399044e-05
3576,inconsistent,1,4.384618757399044e-05
3577,quoting,1,4.384618757399044e-05
3578,unnamed,1,4.384618757399044e-05
3579,reconnaissance,1,4.384618757399044e-05
3580,plane,1,4.384618757399044e-05
3581,airbase,1,4.384618757399044e-05
3582,crisp,1,4.384618757399044e-05
3583,packsto,1,4.384618757399044e-05
3584,colourless,1,4.384618757399044e-05
3585,feeling,1,4.384618757399044e-05
3586,swapping,1,4.384618757399044e-05
3587,signature,1,4.384618757399044e-05
3588,orange,1,4.384618757399044e-05
3589,yellow,1,4.384618757399044e-05
3590,packets,1,4.384618757399044e-05
3591,household,1,4.384618757399044e-05
3592,savoury,1,4.384618757399044e-05
3593,chips,1,4.384618757399044e-05
3594,array,1,4.384618757399044e-05
3595,flavours,1,4.384618757399044e-05
3596,seaweed,1,4.384618757399044e-05
3597,salt,1,4.384618757399044e-05
3598,soy,1,4.384618757399044e-05
3599,sauce,1,4.384618757399044e-05
3600,butter,1,4.384618757399044e-05
3601,revise,1,4.384618757399044e-05
3602,specifications,1,4.384618757399044e-05
3603,product,1,4.384618757399044e-05
3604,lines,1,4.384618757399044e-05
3605,beginning,1,4.384618757399044e-05
3606,showed,1,4.384618757399044e-05
3607,grey,1,4.384618757399044e-05
3608,resulting,1,4.384618757399044e-05
3609,procurement,1,4.384618757399044e-05
3610,printing,1,4.384618757399044e-05
3611,ink,1,4.384618757399044e-05
3612,compromised,1,4.384618757399044e-05
3613,naphtha,1,4.384618757399044e-05
3614,byproduct,1,4.384618757399044e-05
3615,breakfast,1,4.384618757399044e-05
3616,cereal,1,4.384618757399044e-05
3617,kappa,1,4.384618757399044e-05
3618,ebisen,1,4.384618757399044e-05
3619,moreish,1,4.384618757399044e-05
3620,shrimp,1,4.384618757399044e-05
3621,slogan,1,4.384618757399044e-05
3622,swiftly,1,4.384618757399044e-05
3623,flexibly,1,4.384618757399044e-05
3624,striving,1,4.384618757399044e-05
3625,reliable,1,4.384618757399044e-05
3626,satisfying,1,4.384618757399044e-05
3627,itoham,1,4.384618757399044e-05
3628,yonekyu,1,4.384618757399044e-05
3629,holdings,1,4.384618757399044e-05
3630,inks,1,4.384618757399044e-05
3631,blaming,1,4.384618757399044e-05
3632,problems,1,4.384618757399044e-05
3633,fore,1,4.384618757399044e-05
3634,cj,1,4.384618757399044e-05
3635,overlooks,1,4.384618757399044e-05
3636,departure,1,4.384618757399044e-05
3637,sanjeev,1,4.384618757399044e-05
3638,satgainya,1,4.384618757399044e-05
3639,kathmandu,1,4.384618757399044e-05
3640,risked,1,4.384618757399044e-05
3641,blown,1,4.384618757399044e-05
3642,issuance,1,4.384618757399044e-05
3643,ranking,1,4.384618757399044e-05
3644,breaks,1,4.384618757399044e-05
3645,seem,1,4.384618757399044e-05
3646,criticising,1,4.384618757399044e-05
3647,increases,1,4.384618757399044e-05
3648,mince,1,4.384618757399044e-05
3649,hinted,1,4.384618757399044e-05
3650,attempts,1,4.384618757399044e-05
3651,pave,1,4.384618757399044e-05
3652,compliant,1,4.384618757399044e-05
3653,unequal,1,4.384618757399044e-05
3654,application,1,4.384618757399044e-05
3655,impeachment,1,4.384618757399044e-05
3656,commentary,1,4.384618757399044e-05
3657,hinting,1,4.384618757399044e-05
3658,rastriya,1,4.384618757399044e-05
3659,swatantra,1,4.384618757399044e-05
3660,discomfort,1,4.384618757399044e-05
3661,displeasure,1,4.384618757399044e-05
3662,competence,1,4.384618757399044e-05
3663,presented,1,4.384618757399044e-05
3664,inaccurate,1,4.384618757399044e-05
3665,intellectual,1,4.384618757399044e-05
3666,discourse,1,4.384618757399044e-05
3667,customary,1,4.384618757399044e-05
3668,legally,1,4.384618757399044e-05
3669,binding,1,4.384618757399044e-05
3670,appoint,1,4.384618757399044e-05
3671,constitution,1,4.384618757399044e-05
3672,recommended,1,4.384618757399044e-05
3673,disruption,1,4.384618757399044e-05
3674,norms,1,4.384618757399044e-05
3675,ram,1,4.384618757399044e-05
3676,chandra,1,4.384618757399044e-05
3677,reconsideration,1,4.384618757399044e-05
3678,skewed,1,4.384618757399044e-05
3679,upper,1,4.384618757399044e-05
3680,objected,1,4.384618757399044e-05
3681,submitting,1,4.384618757399044e-05
3682,note,1,4.384618757399044e-05
3683,female,1,4.384618757399044e-05
3684,sushila,1,4.384618757399044e-05
3685,karki,1,4.384618757399044e-05
3686,vocal,1,4.384618757399044e-05
3687,qualified,1,4.384618757399044e-05
3688,deserving,1,4.384618757399044e-05
3689,interference,1,4.384618757399044e-05
3690,undermine,1,4.384618757399044e-05
3691,inevitable,1,4.384618757399044e-05
3692,sail,1,4.384618757399044e-05
3693,individual,1,4.384618757399044e-05
3694,bar,1,4.384618757399044e-05
3695,umbrella,1,4.384618757399044e-05
3696,norm,1,4.384618757399044e-05
3697,implications,1,4.384618757399044e-05
3698,credibility,1,4.384618757399044e-05
3699,petitions,1,4.384618757399044e-05
3700,nepali,1,4.384618757399044e-05
3701,rarely,1,4.384618757399044e-05
3702,reacted,1,4.384618757399044e-05
3703,development,1,4.384618757399044e-05
3704,convention,1,4.384618757399044e-05
3705,maintain,1,4.384618757399044e-05
3706,semblance,1,4.384618757399044e-05
3707,choosing,1,4.384618757399044e-05
3708,ignoring,1,4.384618757399044e-05
3709,race,1,4.384618757399044e-05
3710,potentially,1,4.384618757399044e-05
3711,branch,1,4.384618757399044e-05
3712,bipin,1,4.384618757399044e-05
3713,adhikari,1,4.384618757399044e-05
3714,expert,1,4.384618757399044e-05
3715,circles,1,4.384618757399044e-05
3716,appropriate,1,4.384618757399044e-05
3717,herself,1,4.384618757399044e-05
3718,controversy,1,4.384618757399044e-05
3719,prudent,1,4.384618757399044e-05
3720,disputes,1,4.384618757399044e-05
3721,methane,1,4.384618757399044e-05
3722,mayhem,1,4.384618757399044e-05
3723,advocacy,1,4.384618757399044e-05
3724,temporary,1,4.384618757399044e-05
3725,text,1,4.384618757399044e-05
3726,print,1,4.384618757399044e-05
3727,relating,1,4.384618757399044e-05
3728,financier,1,4.384618757399044e-05
3729,memorial,1,4.384618757399044e-05
3730,reading,1,4.384618757399044e-05
3731,efta,1,4.384618757399044e-05
3732,volumes,1,4.384618757399044e-05
3733,numbered,1,4.384618757399044e-05
3734,shelves,1,4.384618757399044e-05
3735,printed,1,4.384618757399044e-05
3736,reads,1,4.384618757399044e-05
3737,website,1,4.384618757399044e-05
3738,primary,1,4.384618757399044e-05
3739,facts,1,4.384618757399044e-05
3740,nonprofit,1,4.384618757399044e-05
3741,interested,1,4.384618757399044e-05
3742,tribeca,1,4.384618757399044e-05
3743,registering,1,4.384618757399044e-05
3744,errors,1,4.384618757399044e-05
3745,redact,1,4.384618757399044e-05
3746,consult,1,4.384618757399044e-05
3747,exceptions,1,4.384618757399044e-05
3748,professionals,1,4.384618757399044e-05
3749,journalists,1,4.384618757399044e-05
3750,longstanding,1,4.384618757399044e-05
3751,federal,1,4.384618757399044e-05
3752,awaiting,1,4.384618757399044e-05
3753,minors,1,4.384618757399044e-05
3754,pro,1,4.384618757399044e-05
3755,goal,1,4.384618757399044e-05
3756,educating,1,4.384618757399044e-05
3757,experiences,1,4.384618757399044e-05
3758,garrett,1,4.384618757399044e-05
3759,creators,1,4.384618757399044e-05
3760,axis,1,4.384618757399044e-05
3761,redrawn,1,4.384618757399044e-05
3762,break,1,4.384618757399044e-05
3763,abidjan,1,4.384618757399044e-05
3764,underscores,1,4.384618757399044e-05
3765,shifting,1,4.384618757399044e-05
3766,coups,1,4.384618757399044e-05
3767,forcing,1,4.384618757399044e-05
3768,jihadist,1,4.384618757399044e-05
3769,confederation,1,4.384618757399044e-05
3770,aes,1,4.384618757399044e-05
3771,predators,1,4.384618757399044e-05
3772,21st,1,4.384618757399044e-05
3773,authoritarian,1,4.384618757399044e-05
3774,nina,1,4.384618757399044e-05
3775,wilen,1,4.384618757399044e-05
3776,egmont,1,4.384618757399044e-05
3777,pillar,1,4.384618757399044e-05
3778,mostly,1,4.384618757399044e-05
3779,operational,1,4.384618757399044e-05
3780,branches,1,4.384618757399044e-05
3781,qaeda,1,4.384618757399044e-05
3782,paramilitaries,1,4.384618757399044e-05
3783,prevent,1,4.384618757399044e-05
3784,kidal,1,4.384618757399044e-05
3785,predominantly,1,4.384618757399044e-05
3786,tuareg,1,4.384618757399044e-05
3787,rebels,1,4.384618757399044e-05
3788,azawad,1,4.384618757399044e-05
3789,fla,1,4.384618757399044e-05
3790,armies,1,4.384618757399044e-05
3791,bolstered,1,4.384618757399044e-05
3792,foothold,1,4.384618757399044e-05
3793,embassies,1,4.384618757399044e-05
3794,extends,1,4.384618757399044e-05
3795,sector,1,4.384618757399044e-05
3796,industry,1,4.384618757399044e-05
3797,rosatom,1,4.384618757399044e-05
3798,niamey,1,4.384618757399044e-05
3799,exploit,1,4.384618757399044e-05
3800,standoff,1,4.384618757399044e-05
3801,rulers,1,4.384618757399044e-05
3802,orano,1,4.384618757399044e-05
3803,subsidiary,1,4.384618757399044e-05
3804,nationalised,1,4.384618757399044e-05
3805,involvement,1,4.384618757399044e-05
3806,yunhong,1,4.384618757399044e-05
3807,metals,1,4.384618757399044e-05
3808,nickel,1,4.384618757399044e-05
3809,copper,1,4.384618757399044e-05
3810,captain,1,4.384618757399044e-05
3811,ibrahim,1,4.384618757399044e-05
3812,traore,1,4.384618757399044e-05
3813,businessman,1,4.384618757399044e-05
3814,li,1,4.384618757399044e-05
3815,yubao,1,4.384618757399044e-05
3816,naturalised,1,4.384618757399044e-05
3817,burkinabe,1,4.384618757399044e-05
3818,citizen,1,4.384618757399044e-05
3819,underpinned,1,4.384618757399044e-05
3820,commissioning,1,4.384618757399044e-05
3821,pipeline,1,4.384618757399044e-05
3822,barrels,1,4.384618757399044e-05
3823,mines,1,4.384618757399044e-05
3824,metal,1,4.384618757399044e-05
3825,owned,1,4.384618757399044e-05
3826,manufacturer,1,4.384618757399044e-05
3827,norinco,1,4.384618757399044e-05
3828,suppliers,1,4.384618757399044e-05
3829,deliveries,1,4.384618757399044e-05
3830,armoured,1,4.384618757399044e-05
3831,developing,1,4.384618757399044e-05
3832,combines,1,4.384618757399044e-05
3833,partnerships,1,4.384618757399044e-05
3834,supplier,1,4.384618757399044e-05
3835,bayraktar,1,4.384618757399044e-05
3836,tb2,1,4.384618757399044e-05
3837,akinci,1,4.384618757399044e-05
3838,models,1,4.384618757399044e-05
3839,commandos,1,4.384618757399044e-05
3840,instructors,1,4.384618757399044e-05
3841,private,1,4.384618757399044e-05
3842,sadat,1,4.384618757399044e-05
3843,canik,1,4.384618757399044e-05
3844,academy,1,4.384618757399044e-05
3845,elite,1,4.384618757399044e-05
3846,facilitated,1,4.384618757399044e-05
3847,hasret,1,4.384618757399044e-05
3848,kargin,1,4.384618757399044e-05
3849,researcher,1,4.384618757399044e-05
3850,mintel,1,4.384618757399044e-05
3851,adopted,1,4.384618757399044e-05
3852,channels,1,4.384618757399044e-05
3853,contain,1,4.384618757399044e-05
3854,safeguard,1,4.384618757399044e-05
3855,resources,1,4.384618757399044e-05
3856,producers,1,4.384618757399044e-05
3857,producer,1,4.384618757399044e-05
3858,bamako,1,4.384618757399044e-05
3859,rachna,1,4.384618757399044e-05
3860,korhonen,1,4.384618757399044e-05
3861,extractive,1,4.384618757399044e-05
3862,exploration,1,4.384618757399044e-05
3863,purposes,1,4.384618757399044e-05
3864,renews,1,4.384618757399044e-05
3865,unless,1,4.384618757399044e-05
3866,withdrew,1,4.384618757399044e-05
3867,donbas,1,4.384618757399044e-05
3868,ceding,1,4.384618757399044e-05
3869,tantamount,1,4.384618757399044e-05
3870,teen,1,4.384618757399044e-05
3871,teenager,1,4.384618757399044e-05
3872,shaking,1,4.384618757399044e-05
3873,identified,1,4.384618757399044e-05
3874,victim,1,4.384618757399044e-05
3875,yusef,1,4.384618757399044e-05
3876,kaabnah,1,4.384618757399044e-05
3877,bullets,1,4.384618757399044e-05
3878,buenos,1,4.384618757399044e-05
3879,aires,1,4.384618757399044e-05
3880,decry,1,4.384618757399044e-05
3881,argentines,1,4.384618757399044e-05
3882,flooded,1,4.384618757399044e-05
3883,cities,1,4.384618757399044e-05
3884,nationwide,1,4.384618757399044e-05
3885,libertarian,1,4.384618757399044e-05
3886,javier,1,4.384618757399044e-05
3887,undersecretary,1,4.384618757399044e-05
3888,alejandro,1,4.384618757399044e-05
3889,alvarez,1,4.384618757399044e-05
3890,outlines,1,4.384618757399044e-05
3891,govt,1,4.384618757399044e-05
3892,agendaas,1,4.384618757399044e-05
3893,ritual,1,4.384618757399044e-05
3894,dating,1,4.384618757399044e-05
3895,charles,1,4.384618757399044e-05
3896,iii,1,4.384618757399044e-05
3897,session,1,4.384618757399044e-05
3898,affair,1,4.384618757399044e-05
3899,involves,1,4.384618757399044e-05
3900,hostage,1,4.384618757399044e-05
3901,ceremonially,1,4.384618757399044e-05
3902,kept,1,4.384618757399044e-05
3903,buckingham,1,4.384618757399044e-05
3904,guarantee,1,4.384618757399044e-05
3905,sustained,1,4.384618757399044e-05
3906,ed,1,4.384618757399044e-05
3907,miliband,1,4.384618757399044e-05
3908,soft,1,4.384618757399044e-05
3909,britons,1,4.384618757399044e-05
3910,volatile,1,4.384618757399044e-05
3911,threatens,1,4.384618757399044e-05
3912,example,1,4.384618757399044e-05
3913,troubled,1,4.384618757399044e-05
3914,element,1,4.384618757399044e-05
3915,reference,1,4.384618757399044e-05
3916,decency,1,4.384618757399044e-05
3917,tolerance,1,4.384618757399044e-05
3918,respect,1,4.384618757399044e-05
3919,keep,1,4.384618757399044e-05
3920,check,1,4.384618757399044e-05
3921,advocate,1,4.384618757399044e-05
3922,tackling,1,4.384618757399044e-05
3923,poverty,1,4.384618757399044e-05
3924,globally,1,4.384618757399044e-05
3925,shaky,1,4.384618757399044e-05
3926,pull,1,4.384618757399044e-05
3927,holy,1,4.384618757399044e-05
3928,carries,1,4.384618757399044e-05
3929,scents,1,4.384618757399044e-05
3930,smoke,1,4.384618757399044e-05
3931,dust,1,4.384618757399044e-05
3932,restless,1,4.384618757399044e-05
3933,bitterness,1,4.384618757399044e-05
3934,fragrance,1,4.384618757399044e-05
3935,drifts,1,4.384618757399044e-05
3936,chilled,1,4.384618757399044e-05
3937,pour,1,4.384618757399044e-05
3938,sunset,1,4.384618757399044e-05
3939,protesting,1,4.384618757399044e-05
3940,mourning,1,4.384618757399044e-05
3941,searching,1,4.384618757399044e-05
3942,roadside,1,4.384618757399044e-05
3943,begun,1,4.384618757399044e-05
3944,drawing,1,4.384618757399044e-05
3945,unusual,1,4.384618757399044e-05
3946,flutters,1,4.384618757399044e-05
3947,businessmen,1,4.384618757399044e-05
3948,handing,1,4.384618757399044e-05
3949,glasses,1,4.384618757399044e-05
3950,exhausted,1,4.384618757399044e-05
3951,blazing,1,4.384618757399044e-05
3952,shaken,1,4.384618757399044e-05
3953,emotional,1,4.384618757399044e-05
3954,exhaustion,1,4.384618757399044e-05
3955,refreshment,1,4.384618757399044e-05
3956,symbol,1,4.384618757399044e-05
3957,fluctuate,1,4.384618757399044e-05
3958,choose,1,4.384618757399044e-05
3959,compassion,1,4.384618757399044e-05
3960,enrolled,1,4.384618757399044e-05
3961,traders,1,4.384618757399044e-05
3962,retirees,1,4.384618757399044e-05
3963,escalated,1,4.384618757399044e-05
3964,advisories,1,4.384618757399044e-05
3965,stayed,1,4.384618757399044e-05
3966,message,1,4.384618757399044e-05
3967,whom,1,4.384618757399044e-05
3968,buy,1,4.384618757399044e-05
3969,drinks,1,4.384618757399044e-05
3970,routes,1,4.384618757399044e-05
3971,haider,1,4.384618757399044e-05
3972,student,1,4.384618757399044e-05
3973,ahmedabad,1,4.384618757399044e-05
3974,express,1,4.384618757399044e-05
3975,martyrdom,1,4.384618757399044e-05
3976,lens,1,4.384618757399044e-05
3977,raza,1,4.384618757399044e-05
3978,naushad,1,4.384618757399044e-05
3979,moral,1,4.384618757399044e-05
3980,oppression,1,4.384618757399044e-05
3981,believes,1,4.384618757399044e-05
3982,emotionally,1,4.384618757399044e-05
3983,distant,1,4.384618757399044e-05
3984,sections,1,4.384618757399044e-05
3985,ideological,1,4.384618757399044e-05
3986,atmosphere,1,4.384618757399044e-05
3987,rhetoric,1,4.384618757399044e-05
3988,insist,1,4.384618757399044e-05
3989,humanitarian,1,4.384618757399044e-05
3990,mobilisation,1,4.384618757399044e-05
3991,developments,1,4.384618757399044e-05
3992,created,1,4.384618757399044e-05
3993,unease,1,4.384618757399044e-05
3994,positioning,1,4.384618757399044e-05
3995,conversations,1,4.384618757399044e-05
3996,cafes,1,4.384618757399044e-05
3997,occasionally,1,4.384618757399044e-05
3998,reflected,1,4.384618757399044e-05
3999,emotions,1,4.384618757399044e-05
4000,softened,1,4.384618757399044e-05
4001,participating,1,4.384618757399044e-05
4002,relief,1,4.384618757399044e-05
4003,nazar,1,4.384618757399044e-05
4004,originally,1,4.384618757399044e-05
4005,lucknow,1,4.384618757399044e-05
4006,recalls,1,4.384618757399044e-05
4007,handwritten,1,4.384618757399044e-05
4008,realised,1,4.384618757399044e-05
4009,evenings,1,4.384618757399044e-05
4010,containers,1,4.384618757399044e-05
4011,filled,1,4.384618757399044e-05
4012,syrup,1,4.384618757399044e-05
4013,ice,1,4.384618757399044e-05
4014,cups,1,4.384618757399044e-05
4015,notice,1,4.384618757399044e-05
4016,talk,1,4.384618757399044e-05
4017,understands,1,4.384618757399044e-05
4018,value,1,4.384618757399044e-05
4019,hushed,1,4.384618757399044e-05
4020,voices,1,4.384618757399044e-05
4021,classes,1,4.384618757399044e-05
4022,narrow,1,4.384618757399044e-05
4023,alleyways,1,4.384618757399044e-05
4024,coolers,1,4.384618757399044e-05
4025,fluttering,1,4.384618757399044e-05
4026,alter,1,4.384618757399044e-05
4027,define,1,4.384618757399044e-05
4028,managed,1,4.384618757399044e-05
4029,editors,1,4.384618757399044e-05
4030,dispatch,1,4.384618757399044e-05
4031,hotly,1,4.384618757399044e-05
4032,meat,1,4.384618757399044e-05
4033,formal,1,4.384618757399044e-05
4034,han,1,4.384618757399044e-05
4035,zheng,1,4.384618757399044e-05
4036,xie,1,4.384618757399044e-05
4037,feng,1,4.384618757399044e-05
4038,ma,1,4.384618757399044e-05
4039,zhaoxu,1,4.384618757399044e-05
4040,perdue,1,4.384618757399044e-05
4041,superpowers,1,4.384618757399044e-05
4042,presspersons,1,4.384618757399044e-05
4043,strongest,1,4.384618757399044e-05
4044,occurs,1,4.384618757399044e-05
4045,delicate,1,4.384618757399044e-05
4046,presidency,1,4.384618757399044e-05
4047,weighed,1,4.384618757399044e-05
4048,board,1,4.384618757399044e-05
4049,roar,1,4.384618757399044e-05
4050,paid,1,4.384618757399044e-05
4051,comments,1,4.384618757399044e-05
4052,marked,1,4.384618757399044e-05
4053,signing,1,4.384618757399044e-05
4054,abraham,1,4.384618757399044e-05
4055,accords,1,4.384618757399044e-05
4056,hides,1,4.384618757399044e-05
4057,senators,1,4.384618757399044e-05
4058,hiding,1,4.384618757399044e-05
4059,offices,1,4.384618757399044e-05
4060,legislator,1,4.384618757399044e-05
4061,sought,1,4.384618757399044e-05
4062,refuge,1,4.384618757399044e-05
4063,scene,1,4.384618757399044e-05
4064,unfolded,1,4.384618757399044e-05
4065,enforcer,1,4.384618757399044e-05
4066,bloody,1,4.384618757399044e-05
4067,dodge,1,4.384618757399044e-05
4068,transfer,1,4.384618757399044e-05
4069,desperate,1,4.384618757399044e-05
4070,listing,1,4.384618757399044e-05
4071,draws,1,4.384618757399044e-05
4072,phnom,1,4.384618757399044e-05
4073,penh,1,4.384618757399044e-05
4074,addition,1,4.384618757399044e-05
4075,ruins,1,4.384618757399044e-05
4076,neighbour,1,4.384618757399044e-05
4077,southeast,1,4.384618757399044e-05
4078,demarcation,1,4.384618757399044e-05
4079,km,1,4.384618757399044e-05
4080,smattering,1,4.384618757399044e-05
4081,archaeological,1,4.384618757399044e-05
4082,muen,1,4.384618757399044e-05
4083,kwai,1,4.384618757399044e-05
4084,nong,1,4.384618757399044e-05
4085,khana,1,4.384618757399044e-05
4086,sake,1,4.384618757399044e-05
4087,clarity,1,4.384618757399044e-05
4088,gazette,1,4.384618757399044e-05
4089,considers,1,4.384618757399044e-05
4090,appearance,1,4.384618757399044e-05
4091,sovereign,1,4.384618757399044e-05
4092,cambodian,1,4.384618757399044e-05
4093,cambodians,1,4.384618757399044e-05
4094,gained,1,4.384618757399044e-05
4095,cower,1,4.384618757399044e-05
4096,warsaw,1,4.384618757399044e-05
4097,lieutenant,1,4.384618757399044e-05
4098,talked,1,4.384618757399044e-05
4099,pulp,1,4.384618757399044e-05
4100,extensive,1,4.384618757399044e-05
4101,injuries,1,4.384618757399044e-05
4102,bruising,1,4.384618757399044e-05
4103,festered,1,4.384618757399044e-05
4104,buttocks,1,4.384618757399044e-05
4105,backs,1,4.384618757399044e-05
4106,thighs,1,4.384618757399044e-05
4107,medic,1,4.384618757399044e-05
4108,infirmary,1,4.384618757399044e-05
4109,proper,1,4.384618757399044e-05
4110,gangrenous,1,4.384618757399044e-05
4111,buried,1,4.384618757399044e-05
4112,unmarked,1,4.384618757399044e-05
4113,find,1,4.384618757399044e-05
4114,collected,1,4.384618757399044e-05
4115,ngos,1,4.384618757399044e-05
4116,detainees,1,4.384618757399044e-05
4117,superiors,1,4.384618757399044e-05
4118,testimony,1,4.384618757399044e-05
4119,exposes,1,4.384618757399044e-05
4120,systematic,1,4.384618757399044e-05
4121,conceal,1,4.384618757399044e-05
4122,identities,1,4.384618757399044e-05
4123,prisons,1,4.384618757399044e-05
4124,osechkin,1,4.384618757399044e-05
4125,gulag,1,4.384618757399044e-05
4126,jointly,1,4.384618757399044e-05
4127,fsb,1,4.384618757399044e-05
4128,complicity,1,4.384618757399044e-05
4129,ill,1,4.384618757399044e-05
4130,emaciated,1,4.384618757399044e-05
4131,exchanges,1,4.384618757399044e-05
4132,stalin,1,4.384618757399044e-05
4133,gulags,1,4.384618757399044e-05
4134,deprived,1,4.384618757399044e-05
4135,contact,1,4.384618757399044e-05
4136,survived,1,4.384618757399044e-05
4137,captivity,1,4.384618757399044e-05
4138,thoughts,1,4.384618757399044e-05
4139,separatists,1,4.384618757399044e-05
4140,hugely,1,4.384618757399044e-05
4141,increased,1,4.384618757399044e-05
4142,hands,1,4.384618757399044e-05
4143,zelensky,1,4.384618757399044e-05
4144,humanely,1,4.384618757399044e-05
4145,spetsnaz,1,4.384618757399044e-05
4146,assigned,1,4.384618757399044e-05
4147,territorial,1,4.384618757399044e-05
4148,staff,1,4.384618757399044e-05
4149,existing,1,4.384618757399044e-05
4150,apply,1,4.384618757399044e-05
4151,dealing,1,4.384618757399044e-05
4152,restriction,1,4.384618757399044e-05
4153,responsible,1,4.384618757399044e-05
4154,boss,1,4.384618757399044e-05
4155,severe,1,4.384618757399044e-05
4156,delighted,1,4.384618757399044e-05
4157,marine,1,4.384618757399044e-05
4158,mariupol,1,4.384618757399044e-05
4159,fiercest,1,4.384618757399044e-05
4160,battles,1,4.384618757399044e-05
4161,azovstal,1,4.384618757399044e-05
4162,briefly,1,4.384618757399044e-05
4163,olenivka,1,4.384618757399044e-05
4164,donetsk,1,4.384618757399044e-05
4165,explosion,1,4.384618757399044e-05
4166,transferred,1,4.384618757399044e-05
4167,remand,1,4.384618757399044e-05
4168,taganrog,1,4.384618757399044e-05
4169,southwestern,1,4.384618757399044e-05
4170,reputed,1,4.384618757399044e-05
4171,blindfolded,1,4.384618757399044e-05
4172,reception,1,4.384618757399044e-05
4173,batons,1,4.384618757399044e-05
4174,stopped,1,4.384618757399044e-05
4175,reduced,1,4.384618757399044e-05
4176,cowering,1,4.384618757399044e-05
4177,animals,1,4.384618757399044e-05
4178,gym,1,4.384618757399044e-05
4179,destroy,1,4.384618757399044e-05
4180,methods,1,4.384618757399044e-05
4181,rape,1,4.384618757399044e-05
4182,mock,1,4.384618757399044e-05
4183,executions,1,4.384618757399044e-05
4184,simulated,1,4.384618757399044e-05
4185,hangings,1,4.384618757399044e-05
4186,shocks,1,4.384618757399044e-05
4187,tall,1,4.384618757399044e-05
4188,launches,1,4.384618757399044e-05
4189,luiz,1,4.384618757399044e-05
4190,inacio,1,4.384618757399044e-05
4191,serves,1,4.384618757399044e-05
4192,masters,1,4.384618757399044e-05
4193,comando,1,4.384618757399044e-05
4194,vermelho,1,4.384618757399044e-05
4195,pcc,1,4.384618757399044e-05
4196,swathes,1,4.384618757399044e-05
4197,extortion,1,4.384618757399044e-05
4198,brazilians,1,4.384618757399044e-05
4199,leftist,1,4.384618757399044e-05
4200,consecutive,1,4.384618757399044e-05
4201,narcoterrorism,1,4.384618757399044e-05
4202,designating,1,4.384618757399044e-05
4203,cartels,1,4.384618757399044e-05
4204,keen,1,4.384618757399044e-05
4205,designations,1,4.384618757399044e-05
4206,sharing,1,4.384618757399044e-05
4207,tackle,1,4.384618757399044e-05
4208,possessed,1,4.384618757399044e-05
4209,expertise,1,4.384618757399044e-05
4210,eager,1,4.384618757399044e-05
4211,financially,1,4.384618757399044e-05
4212,strangling,1,4.384618757399044e-05
4213,disrupting,1,4.384618757399044e-05
4214,laundering,1,4.384618757399044e-05
4215,cracking,1,4.384618757399044e-05
4216,illicit,1,4.384618757399044e-05
4217,jeopardise,1,4.384618757399044e-05
4218,seated,1,4.384618757399044e-05
4219,floral,1,4.384618757399044e-05
4220,prefabricated,1,4.384618757399044e-05
4221,meir,1,4.384618757399044e-05
4222,fulfilling,1,4.384618757399044e-05
4223,tiny,1,4.384618757399044e-05
4224,perched,1,4.384618757399044e-05
4225,dismantled,1,4.384618757399044e-05
4226,expansions,1,4.384618757399044e-05
4227,undertaken,1,4.384618757399044e-05
4228,freighted,1,4.384618757399044e-05
4229,symbolic,1,4.384618757399044e-05
4230,significance,1,4.384618757399044e-05
4231,backward,1,4.384618757399044e-05
4232,prospect,1,4.384618757399044e-05
4233,neighbours,1,4.384618757399044e-05
4234,rows,1,4.384618757399044e-05
4235,bungalows,1,4.384618757399044e-05
4236,finance,1,4.384618757399044e-05
4237,bezalel,1,4.384618757399044e-05
4238,ceremony,1,4.384618757399044e-05
4239,correction,1,4.384618757399044e-05
4240,generally,1,4.384618757399044e-05
4241,dirt,1,4.384618757399044e-05
4242,road,1,4.384618757399044e-05
4243,marched,1,4.384618757399044e-05
4244,demanding,1,4.384618757399044e-05
4245,vision,1,4.384618757399044e-05
4246,yeshiva,1,4.384618757399044e-05
4247,teacher,1,4.384618757399044e-05
4248,refers,1,4.384618757399044e-05
4249,arabs,1,4.384618757399044e-05
4250,ninety,1,4.384618757399044e-05
4251,metres,1,4.384618757399044e-05
4252,standard,1,4.384618757399044e-05
4253,size,1,4.384618757399044e-05
4254,admitting,1,4.384618757399044e-05
4255,comfortable,1,4.384618757399044e-05
4256,married,1,4.384618757399044e-05
4257,portraits,1,4.384618757399044e-05
4258,decorate,1,4.384618757399044e-05
4259,refrigerators,1,4.384618757399044e-05
4260,bookshelves,1,4.384618757399044e-05
4261,packed,1,4.384618757399044e-05
4262,texts,1,4.384618757399044e-05
4263,piano,1,4.384618757399044e-05
4264,sheet,1,4.384618757399044e-05
4265,sofa,1,4.384618757399044e-05
4266,window,1,4.384618757399044e-05
4267,stretches,1,4.384618757399044e-05
4268,beige,1,4.384618757399044e-05
4269,houses,1,4.384618757399044e-05
4270,olive,1,4.384618757399044e-05
4271,groves,1,4.384618757399044e-05
4272,surrounding,1,4.384618757399044e-05
4273,hills,1,4.384618757399044e-05
4274,spray,1,4.384618757399044e-05
4275,painted,1,4.384618757399044e-05
4276,arabic,1,4.384618757399044e-05
4277,gradually,1,4.384618757399044e-05
4278,eaten,1,4.384618757399044e-05
4279,outposts,1,4.384618757399044e-05
4280,bypass,1,4.384618757399044e-05
4281,roads,1,4.384618757399044e-05
4282,carved,1,4.384618757399044e-05
4283,patchwork,1,4.384618757399044e-05
4284,zones,1,4.384618757399044e-05
4285,varying,1,4.384618757399044e-05
4286,degrees,1,4.384618757399044e-05
4287,viability,1,4.384618757399044e-05
4288,negotiated,1,4.384618757399044e-05
4289,approvals,1,4.384618757399044e-05
4290,surged,1,4.384618757399044e-05
4291,ngo,1,4.384618757399044e-05
4292,insists,1,4.384618757399044e-05
4293,stuck,1,4.384618757399044e-05
4294,traffic,1,4.384618757399044e-05
4295,unearthing,1,4.384618757399044e-05
4296,video,1,4.384618757399044e-05
4297,filmed,1,4.384618757399044e-05
4298,tells,1,4.384618757399044e-05
4299,story,1,4.384618757399044e-05
4300,below,1,4.384618757399044e-05
4301,shrouded,1,4.384618757399044e-05
4302,assault,1,4.384618757399044e-05
4303,rifles,1,4.384618757399044e-05
4304,slung,1,4.384618757399044e-05
4305,shoulders,1,4.384618757399044e-05
4306,elderly,1,4.384618757399044e-05
4307,provoking,1,4.384618757399044e-05
4308,ignored,1,4.384618757399044e-05
4309,burial,1,4.384618757399044e-05
4310,fellow,1,4.384618757399044e-05
4311,villagers,1,4.384618757399044e-05
4312,gravesite,1,4.384618757399044e-05
4313,dug,1,4.384618757399044e-05
4314,exhume,1,4.384618757399044e-05
4315,reburied,1,4.384618757399044e-05
4316,hits,1,4.384618757399044e-05
4317,pummelled,1,4.384618757399044e-05
4318,ten,1,4.384618757399044e-05
4319,shredded,1,4.384618757399044e-05
4320,halt,1,4.384618757399044e-05
4321,grinding,1,4.384618757399044e-05
4322,raid,1,4.384618757399044e-05
4323,sirens,1,4.384618757399044e-05
4324,wailed,1,4.384618757399044e-05
4325,thunderous,1,4.384618757399044e-05
4326,explosions,1,4.384618757399044e-05
4327,flashes,1,4.384618757399044e-05
4328,shelter,1,4.384618757399044e-05
4329,metro,1,4.384618757399044e-05
4330,stations,1,4.384618757399044e-05
4331,vet,1,4.384618757399044e-05
4332,clinic,1,4.384618757399044e-05
4333,pulled,1,4.384618757399044e-05
4334,destroyed,1,4.384618757399044e-05
4335,residential,1,4.384618757399044e-05
4336,odesa,1,4.384618757399044e-05
4337,kherson,1,4.384618757399044e-05
4338,kharkiv,1,4.384618757399044e-05
4339,silent,1,4.384618757399044e-05
4340,difficult,1,4.384618757399044e-05
4341,defending,1,4.384618757399044e-05
4342,slew,1,4.384618757399044e-05
4343,estonia,1,4.384618757399044e-05
4344,latvia,1,4.384618757399044e-05
4345,finland,1,4.384618757399044e-05
4346,moldova,1,4.384618757399044e-05
4347,slovakia,1,4.384618757399044e-05
4348,fatal,1,4.384618757399044e-05
4349,mocks,1,4.384618757399044e-05
4350,secretly,1,4.384618757399044e-05
4351,wam,1,4.384618757399044e-05
4352,ruler,1,4.384618757399044e-05
4353,investigated,1,4.384618757399044e-05
4354,satellite,1,4.384618757399044e-05
4355,imagery,1,4.384618757399044e-05
4356,riga,1,4.384618757399044e-05
4357,evika,1,4.384618757399044e-05
4358,leaning,1,4.384618757399044e-05
4359,progressives,1,4.384618757399044e-05
4360,stripping,1,4.384618757399044e-05
4361,andris,1,4.384618757399044e-05
4362,spruds,1,4.384618757399044e-05
4363,breaching,1,4.384618757399044e-05
4364,blackouts,1,4.384618757399044e-05
4365,plunged,1,4.384618757399044e-05
4366,regular,1,4.384618757399044e-05
4367,electricity,1,4.384618757399044e-05
4368,shutdowns,1,4.384618757399044e-05
4369,affecting,1,4.384618757399044e-05
4370,whole,1,4.384618757399044e-05
4371,protested,1,4.384618757399044e-05
4372,neighbourhoods,1,4.384618757399044e-05
4373,vicente,1,4.384618757399044e-05
4374,la,1,4.384618757399044e-05
4375,levy,1,4.384618757399044e-05
4376,television,1,4.384618757399044e-05
4377,distributed,1,4.384618757399044e-05
4378,catholic,1,4.384618757399044e-05
4379,church,1,4.384618757399044e-05
4380,miguel,1,4.384618757399044e-05
4381,subjects,1,4.384618757399044e-05
4382,threatening,1,4.384618757399044e-05
4383,irrational,1,4.384618757399044e-05
4384,paving,1,4.384618757399044e-05
4385,oust,1,4.384618757399044e-05
4386,resigning,1,4.384618757399044e-05
4387,ask,1,4.384618757399044e-05
4388,surpassed,1,4.384618757399044e-05
4389,cutting,1,4.384618757399044e-05
4390,nhs,1,4.384618757399044e-05
4391,lists,1,4.384618757399044e-05
4392,nationalism,1,4.384618757399044e-05
4393,racism,1,4.384618757399044e-05
4394,plunge,1,4.384618757399044e-05
4395,josh,1,4.384618757399044e-05
4396,simons,1,4.384618757399044e-05
4397,vacating,1,4.384618757399044e-05
4398,requesting,1,4.384618757399044e-05
4399,nec,1,4.384618757399044e-05
4400,makerfield,1,4.384618757399044e-05
4401,constituency,1,4.384618757399044e-05
4402,badly,1,4.384618757399044e-05
4403,officially,1,4.384618757399044e-05
4404,request,1,4.384618757399044e-05
4405,vow,1,4.384618757399044e-05
4406,decide,1,4.384618757399044e-05
4407,timing,1,4.384618757399044e-05
4408,dated,1,4.384618757399044e-05
4409,unions,1,4.384618757399044e-05
4410,ideas,1,4.384618757399044e-05
4411,personalities,1,4.384618757399044e-05
4412,lower,1,4.384618757399044e-05
4413,labourlist,1,4.384618757399044e-05
4414,independent,1,4.384618757399044e-05
4415,exonerated,1,4.384618757399044e-05
4416,wrongdoing,1,4.384618757399044e-05
4417,contesting,1,4.384618757399044e-05
4418,towns,1,4.384618757399044e-05
4419,fell,1,4.384618757399044e-05
4420,prediction,1,4.384618757399044e-05
4421,welcome,1,4.384618757399044e-05
4422,happen,1,4.384618757399044e-05
4423,southwest,1,4.384618757399044e-05
4424,quetta,1,4.384618757399044e-05
4425,turbulent,1,4.384618757399044e-05
4426,balochistan,1,4.384618757399044e-05
4427,improvised,1,4.384618757399044e-05
4428,explosive,1,4.384618757399044e-05
4429,device,1,4.384618757399044e-05
4430,convoy,1,4.384618757399044e-05
4431,frontier,1,4.384618757399044e-05
4432,clash,1,4.384618757399044e-05
4433,critically,1,4.384618757399044e-05
4434,engaged,1,4.384618757399044e-05
4435,baloch,1,4.384618757399044e-05
4436,bla,1,4.384618757399044e-05
4437,designated,1,4.384618757399044e-05
4438,installations,1,4.384618757399044e-05
4439,guards,1,4.384618757399044e-05
4440,night,1,4.384618757399044e-05
4441,doubt,1,4.384618757399044e-05
4442,brics,1,4.384618757399044e-05
4443,condemn,1,4.384618757399044e-05
4444,participated,1,4.384618757399044e-05
4445,acted,1,4.384618757399044e-05
4446,wantedby,1,4.384618757399044e-05
4447,ronald,1,4.384618757399044e-05
4448,protective,1,4.384618757399044e-05
4449,evading,1,4.384618757399044e-05
4450,guarded,1,4.384618757399044e-05
4451,volleys,1,4.384618757399044e-05
4452,argument,1,4.384618757399044e-05
4453,agent,1,4.384618757399044e-05
4454,sparking,1,4.384618757399044e-05
4455,apparently,1,4.384618757399044e-05
4456,ferdinand,1,4.384618757399044e-05
4457,marcos,1,4.384618757399044e-05
4458,jr,1,4.384618757399044e-05
4459,calm,1,4.384618757399044e-05
4460,instigated,1,4.384618757399044e-05
4461,obstruction,1,4.384618757399044e-05
4462,alan,1,4.384618757399044e-05
4463,cayetano,1,4.384618757399044e-05
4464,warrant,1,4.384618757399044e-05
4465,premises,1,4.384618757399044e-05
4466,sydney,1,4.384618757399044e-05
4467,services,1,4.384618757399044e-05
4468,frontrunners,1,4.384618757399044e-05
4469,solomons,1,4.384618757399044e-05
4470,closest,1,4.384618757399044e-05
4471,strategically,1,4.384618757399044e-05
4472,archipelago,1,4.384618757399044e-05
4473,watched,1,4.384618757399044e-05
4474,jeremiah,1,4.384618757399044e-05
4475,manele,1,4.384618757399044e-05
4476,shanel,1,4.384618757399044e-05
4477,caretaker,1,4.384618757399044e-05
4478,matthew,1,4.384618757399044e-05
4479,manasseh,1,4.384618757399044e-05
4480,maelanga,1,4.384618757399044e-05
4481,vying,1,4.384618757399044e-05
4482,hawaii,1,4.384618757399044e-05
4483,professor,1,4.384618757399044e-05
4484,foukona,1,4.384618757399044e-05
4485,boost,1,4.384618757399044e-05
4486,education,1,4.384618757399044e-05
4487,fix,1,4.384618757399044e-05
4488,hospitals,1,4.384618757399044e-05
4489,medicine,1,4.384618757399044e-05
4490,founder,1,4.384618757399044e-05
4491,foukuna,1,4.384618757399044e-05
4492,built,1,4.384618757399044e-05
4493,switched,1,4.384618757399044e-05
4494,australian,1,4.384618757399044e-05
4495,james,1,4.384618757399044e-05
4496,batley,1,4.384618757399044e-05
4497,donor,1,4.384618757399044e-05
4498,anna,1,4.384618757399044e-05
4499,yearns,1,4.384618757399044e-05
4500,awake,1,4.384618757399044e-05
4501,wind,1,4.384618757399044e-05
4502,comprises,1,4.384618757399044e-05
4503,biologist,1,4.384618757399044e-05
4504,founded,1,4.384618757399044e-05
4505,envisages,1,4.384618757399044e-05
4506,extending,1,4.384618757399044e-05
4507,litani,1,4.384618757399044e-05
4508,runs,1,4.384618757399044e-05
4509,kilometres,1,4.384618757399044e-05
4510,miles,1,4.384618757399044e-05
4511,deep,1,4.384618757399044e-05
4512,let,1,4.384618757399044e-05
4513,declaration,1,4.384618757399044e-05
4514,brother,1,4.384618757399044e-05
4515,dreamed,1,4.384618757399044e-05
4516,hilltop,1,4.384618757399044e-05
4517,lookout,1,4.384618757399044e-05
4518,dedicated,1,4.384618757399044e-05
4519,winter,1,4.384618757399044e-05
4520,annexation,1,4.384618757399044e-05
4521,excluding,1,4.384618757399044e-05
4522,cycle,1,4.384618757399044e-05
4523,goes,1,4.384618757399044e-05
4524,conquers,1,4.384618757399044e-05
4525,clears,1,4.384618757399044e-05
4526,afterwards,1,4.384618757399044e-05
4527,specifying,1,4.384618757399044e-05
4528,negotiators,1,4.384618757399044e-05
4529,round,1,4.384618757399044e-05
4530,posts,1,4.384618757399044e-05
4531,invites,1,4.384618757399044e-05
4532,followers,1,4.384618757399044e-05
4533,contract,1,4.384618757399044e-05
4534,farmworker,1,4.384618757399044e-05
4535,ori,1,4.384618757399044e-05
4536,joined,1,4.384618757399044e-05
4537,emigrated,1,4.384618757399044e-05
4538,manhattan,1,4.384618757399044e-05
4539,drove,1,4.384618757399044e-05
4540,gate,1,4.384618757399044e-05
4541,tent,1,4.384618757399044e-05
4542,trees,1,4.384618757399044e-05
4543,momentum,1,4.384618757399044e-05
4544,escorted,1,4.384618757399044e-05
4545,experience,1,4.384618757399044e-05
4546,amazing,1,4.384618757399044e-05
4547,moshav,1,4.384618757399044e-05
4548,sde,1,4.384618757399044e-05
4549,yaakov,1,4.384618757399044e-05
4550,tree,1,4.384618757399044e-05
4551,planting,1,4.384618757399044e-05
4552,publishing,1,4.384618757399044e-05
4553,smiling,1,4.384618757399044e-05
4554,flags,1,4.384618757399044e-05
4555,placards,1,4.384618757399044e-05
4556,erected,1,4.384618757399044e-05
4557,crossed,1,4.384618757399044e-05
4558,fence,1,4.384618757399044e-05
4559,constituting,1,4.384618757399044e-05
4560,offence,1,4.384618757399044e-05
4561,endangering,1,4.384618757399044e-05
4562,garden,1,4.384618757399044e-05
4563,enthusiastically,1,4.384618757399044e-05
4564,container,1,4.384618757399044e-05
4565,mattresses,1,4.384618757399044e-05
4566,sleeping,1,4.384618757399044e-05
4567,bags,1,4.384618757399044e-05
4568,sheets,1,4.384618757399044e-05
4569,flicked,1,4.384618757399044e-05
4570,book,1,4.384618757399044e-05
4571,spanning,1,4.384618757399044e-05
4572,modern,1,4.384618757399044e-05
4573,politicians,1,4.384618757399044e-05
4574,responses,1,4.384618757399044e-05
4575,vague,1,4.384618757399044e-05
4576,photo,1,4.384618757399044e-05
4577,environmental,1,4.384618757399044e-05
4578,protection,1,4.384618757399044e-05
4579,idit,1,4.384618757399044e-05
4580,silman,1,4.384618757399044e-05
4581,captioned,1,4.384618757399044e-05
4582,ultra,1,4.384618757399044e-05
4583,margins,1,4.384618757399044e-05
4584,mainstream,1,4.384618757399044e-05
4585,sparsely,1,4.384618757399044e-05
4586,decorated,1,4.384618757399044e-05
4587,proudly,1,4.384618757399044e-05
4588,displayed,1,4.384618757399044e-05
4589,certificate,1,4.384618757399044e-05
4590,appreciation,1,4.384618757399044e-05
4591,itamar,1,4.384618757399044e-05
4592,ben,1,4.384618757399044e-05
4593,gvir,1,4.384618757399044e-05
4594,limor,1,4.384618757399044e-05
4595,har,1,4.384618757399044e-05
4596,melech,1,4.384618757399044e-05
4597,ultimately,1,4.384618757399044e-05
4598,fixing,1,4.384618757399044e-05
4599,laggard,1,4.384618757399044e-05
4600,reduce,1,4.384618757399044e-05
4601,thwart,1,4.384618757399044e-05
4602,exonerating,1,4.384618757399044e-05
4603,wrongful,1,4.384618757399044e-05
4604,convictions,1,4.384618757399044e-05
4605,outcry,1,4.384618757399044e-05
4606,unopenable,1,4.384618757399044e-05
4607,consuming,1,4.384618757399044e-05
4608,iwao,1,4.384618757399044e-05
4609,reopened,1,4.384618757399044e-05
4610,quadruple,1,4.384618757399044e-05
4611,murder,1,4.384618757399044e-05
4612,conviction,1,4.384618757399044e-05
4613,quashed,1,4.384618757399044e-05
4614,solitary,1,4.384618757399044e-05
4615,confinement,1,4.384618757399044e-05
4616,boxer,1,4.384618757399044e-05
4617,fantasy,1,4.384618757399044e-05
4618,ordeal,1,4.384618757399044e-05
4619,reignited,1,4.384618757399044e-05
4620,scrutiny,1,4.384618757399044e-05
4621,arduous,1,4.384618757399044e-05
4622,pressuring,1,4.384618757399044e-05
4623,commit,1,4.384618757399044e-05
4624,liberal,1,4.384618757399044e-05
4625,limitation,1,4.384618757399044e-05
4626,prosecutorial,1,4.384618757399044e-05
4627,retry,1,4.384618757399044e-05
4628,wrongfully,1,4.384618757399044e-05
4629,incarcerated,1,4.384618757399044e-05
4630,principle,1,4.384618757399044e-05
4631,prohibiting,1,4.384618757399044e-05
4632,leaves,1,4.384618757399044e-05
4633,grounds,1,4.384618757399044e-05
4634,wrangling,1,4.384618757399044e-05
4635,stripped,1,4.384618757399044e-05
4636,outright,1,4.384618757399044e-05
4637,gut,1,4.384618757399044e-05
4638,wrenching,1,4.384618757399044e-05
4639,compromise,1,4.384618757399044e-05
4640,lawmaker,1,4.384618757399044e-05
4641,masahiko,1,4.384618757399044e-05
4642,shibayama,1,4.384618757399044e-05
4643,calling,1,4.384618757399044e-05
4644,sanae,1,4.384618757399044e-05
4645,takaichi,1,4.384618757399044e-05
4646,deliberation,1,4.384618757399044e-05
4647,pursue,1,4.384618757399044e-05
4648,mahmoud,1,4.384618757399044e-05
4649,existential,1,4.384618757399044e-05
4650,renew,1,4.384618757399044e-05
4651,implementing,1,4.384618757399044e-05
4652,ready,1,4.384618757399044e-05
4653,legislative,1,4.384618757399044e-05
4654,timeline,1,4.384618757399044e-05
4655,soil,1,4.384618757399044e-05
4656,confirms,1,4.384618757399044e-05
4657,determination,1,4.384618757399044e-05
4658,youth,1,4.384618757399044e-05
4659,implement,1,4.384618757399044e-05
4660,wondering,1,4.384618757399044e-05
4661,helm,1,4.384618757399044e-05
4662,lack,1,4.384618757399044e-05
4663,successor,1,4.384618757399044e-05
4664,struggle,1,4.384618757399044e-05
4665,jibril,1,4.384618757399044e-05
4666,sole,1,4.384618757399044e-05
4667,legitimate,1,4.384618757399044e-05
4668,component,1,4.384618757399044e-05
4669,includes,1,4.384618757399044e-05
4670,excludes,1,4.384618757399044e-05
4671,islamist,1,4.384618757399044e-05
4672,jihad,1,4.384618757399044e-05
4673,internal,1,4.384618757399044e-05
4674,divisions,1,4.384618757399044e-05
4675,frustration,1,4.384618757399044e-05
4676,rival,1,4.384618757399044e-05
4677,handily,1,4.384618757399044e-05
4678,expel,1,4.384618757399044e-05
4679,entirely,1,4.384618757399044e-05
4680,bout,1,4.384618757399044e-05
4681,factional,1,4.384618757399044e-05
4682,hani,1,4.384618757399044e-05
4683,masri,1,4.384618757399044e-05
4684,masarat,1,4.384618757399044e-05
4685,uses,1,4.384618757399044e-05
4686,unified,1,4.384618757399044e-05
4687,nonetheless,1,4.384618757399044e-05
4688,approximately,1,4.384618757399044e-05
4689,hundred,1,4.384618757399044e-05
4690,touted,1,4.384618757399044e-05
4691,rebuilding,1,4.384618757399044e-05
4692,devastating,1,4.384618757399044e-05
4693,marginalised,1,4.384618757399044e-05
4694,repeated,1,4.384618757399044e-05
4695,declarations,1,4.384618757399044e-05
4696,absent,1,4.384618757399044e-05
4697,nasser,1,4.384618757399044e-05
4698,boycotting,1,4.384618757399044e-05
4699,usurped,1,4.384618757399044e-05
4700,nephew,1,4.384618757399044e-05
4701,arafat,1,4.384618757399044e-05
4702,competing,1,4.384618757399044e-05
4703,hussein,1,4.384618757399044e-05
4704,ballot,1,4.384618757399044e-05
4705,join,1,4.384618757399044e-05
4706,risen,1,4.384618757399044e-05
4707,prominence,1,4.384618757399044e-05
4708,named,1,4.384618757399044e-05
4709,canada,1,4.384618757399044e-05
